Timing Analyzer report for cpu
Mon Dec 01 09:31:43 2025
Quartus Prime Version 18.1.0 Build 625 09/12/2018 SJ Lite Edition


---------------------
; Table of Contents ;
---------------------
  1. Legal Notice
  2. Timing Analyzer Summary
  3. Parallel Compilation
  4. Clocks
  5. Slow 1200mV 100C Model Fmax Summary
  6. Timing Closure Recommendations
  7. Slow 1200mV 100C Model Setup Summary
  8. Slow 1200mV 100C Model Hold Summary
  9. Slow 1200mV 100C Model Recovery Summary
 10. Slow 1200mV 100C Model Removal Summary
 11. Slow 1200mV 100C Model Minimum Pulse Width Summary
 12. Slow 1200mV 100C Model Setup: 'pll|altpll_component|auto_generated|pll1|clk[1]'
 13. Slow 1200mV 100C Model Setup: 'pll|altpll_component|auto_generated|pll1|clk[0]'
 14. Slow 1200mV 100C Model Hold: 'pll|altpll_component|auto_generated|pll1|clk[0]'
 15. Slow 1200mV 100C Model Hold: 'pll|altpll_component|auto_generated|pll1|clk[1]'
 16. Slow 1200mV 100C Model Recovery: 'pll|altpll_component|auto_generated|pll1|clk[0]'
 17. Slow 1200mV 100C Model Recovery: 'pll|altpll_component|auto_generated|pll1|clk[1]'
 18. Slow 1200mV 100C Model Removal: 'pll|altpll_component|auto_generated|pll1|clk[1]'
 19. Slow 1200mV 100C Model Removal: 'pll|altpll_component|auto_generated|pll1|clk[0]'
 20. Slow 1200mV 100C Model Metastability Summary
 21. Slow 1200mV -40C Model Fmax Summary
 22. Slow 1200mV -40C Model Setup Summary
 23. Slow 1200mV -40C Model Hold Summary
 24. Slow 1200mV -40C Model Recovery Summary
 25. Slow 1200mV -40C Model Removal Summary
 26. Slow 1200mV -40C Model Minimum Pulse Width Summary
 27. Slow 1200mV -40C Model Setup: 'pll|altpll_component|auto_generated|pll1|clk[1]'
 28. Slow 1200mV -40C Model Setup: 'pll|altpll_component|auto_generated|pll1|clk[0]'
 29. Slow 1200mV -40C Model Hold: 'pll|altpll_component|auto_generated|pll1|clk[0]'
 30. Slow 1200mV -40C Model Hold: 'pll|altpll_component|auto_generated|pll1|clk[1]'
 31. Slow 1200mV -40C Model Recovery: 'pll|altpll_component|auto_generated|pll1|clk[0]'
 32. Slow 1200mV -40C Model Recovery: 'pll|altpll_component|auto_generated|pll1|clk[1]'
 33. Slow 1200mV -40C Model Removal: 'pll|altpll_component|auto_generated|pll1|clk[1]'
 34. Slow 1200mV -40C Model Removal: 'pll|altpll_component|auto_generated|pll1|clk[0]'
 35. Slow 1200mV -40C Model Metastability Summary
 36. Fast 1200mV -40C Model Setup Summary
 37. Fast 1200mV -40C Model Hold Summary
 38. Fast 1200mV -40C Model Recovery Summary
 39. Fast 1200mV -40C Model Removal Summary
 40. Fast 1200mV -40C Model Minimum Pulse Width Summary
 41. Fast 1200mV -40C Model Setup: 'pll|altpll_component|auto_generated|pll1|clk[1]'
 42. Fast 1200mV -40C Model Setup: 'pll|altpll_component|auto_generated|pll1|clk[0]'
 43. Fast 1200mV -40C Model Hold: 'pll|altpll_component|auto_generated|pll1|clk[0]'
 44. Fast 1200mV -40C Model Hold: 'pll|altpll_component|auto_generated|pll1|clk[1]'
 45. Fast 1200mV -40C Model Recovery: 'pll|altpll_component|auto_generated|pll1|clk[0]'
 46. Fast 1200mV -40C Model Recovery: 'pll|altpll_component|auto_generated|pll1|clk[1]'
 47. Fast 1200mV -40C Model Removal: 'pll|altpll_component|auto_generated|pll1|clk[1]'
 48. Fast 1200mV -40C Model Removal: 'pll|altpll_component|auto_generated|pll1|clk[0]'
 49. Fast 1200mV -40C Model Metastability Summary
 50. Multicorner Timing Analysis Summary
 51. Board Trace Model Assignments
 52. Input Transition Times
 53. Signal Integrity Metrics (Slow 1200mv n40c Model)
 54. Signal Integrity Metrics (Slow 1200mv 100c Model)
 55. Signal Integrity Metrics (Fast 1200mv n40c Model)
 56. Setup Transfers
 57. Hold Transfers
 58. Recovery Transfers
 59. Removal Transfers
 60. Report TCCS
 61. Report RSKM
 62. Unconstrained Paths Summary
 63. Clock Status Summary
 64. Unconstrained Input Ports
 65. Unconstrained Output Ports
 66. Unconstrained Input Ports
 67. Unconstrained Output Ports
 68. Timing Analyzer Messages



----------------
; Legal Notice ;
----------------
Copyright (C) 2018  Intel Corporation. All rights reserved.
Your use of Intel Corporation's design tools, logic functions 
and other software and tools, and its AMPP partner logic 
functions, and any output files from any of the foregoing 
(including device programming or simulation files), and any 
associated documentation or information are expressly subject 
to the terms and conditions of the Intel Program License 
Subscription Agreement, the Intel Quartus Prime License Agreement,
the Intel FPGA IP License Agreement, or other applicable license
agreement, including, without limitation, that your use is for
the sole purpose of programming logic devices manufactured by
Intel and sold by Intel or its authorized distributors.  Please
refer to the applicable agreement for further details.



+-----------------------------------------------------------------------------+
; Timing Analyzer Summary                                                     ;
+-----------------------+-----------------------------------------------------+
; Quartus Prime Version ; Version 18.1.0 Build 625 09/12/2018 SJ Lite Edition ;
; Timing Analyzer       ; Legacy Timing Analyzer                              ;
; Revision Name         ; cpu                                                 ;
; Device Family         ; Cyclone IV GX                                       ;
; Device Name           ; EP4CGX150DF31I7AD                                   ;
; Timing Models         ; Final                                               ;
; Delay Model           ; Combined                                            ;
; Rise/Fall Delays      ; Enabled                                             ;
+-----------------------+-----------------------------------------------------+


+------------------------------------------+
; Parallel Compilation                     ;
+----------------------------+-------------+
; Processors                 ; Number      ;
+----------------------------+-------------+
; Number detected on machine ; 8           ;
; Maximum allowed            ; 4           ;
;                            ;             ;
; Average used               ; 1.13        ;
; Maximum used               ; 4           ;
;                            ;             ;
; Usage by Processor         ; % Time Used ;
;     Processor 1            ; 100.0%      ;
;     Processor 2            ;   6.6%      ;
;     Processor 3            ;   3.1%      ;
;     Processor 4            ;   3.0%      ;
+----------------------------+-------------+


+--------------------------------------------------------------------------------------------------------------------------------------------------------------------------------------------------------------------------------------------------------------------------------------------------------------------+
; Clocks                                                                                                                                                                                                                                                                                                             ;
+-------------------------------------------------+-----------+---------+------------+-------+--------+------------+-----------+-------------+-------+--------+-----------+------------+----------+--------+---------------------------------------------------+-----------------------------------------------------+
; Clock Name                                      ; Type      ; Period  ; Frequency  ; Rise  ; Fall   ; Duty Cycle ; Divide by ; Multiply by ; Phase ; Offset ; Edge List ; Edge Shift ; Inverted ; Master ; Source                                            ; Targets                                             ;
+-------------------------------------------------+-----------+---------+------------+-------+--------+------------+-----------+-------------+-------+--------+-----------+------------+----------+--------+---------------------------------------------------+-----------------------------------------------------+
; CLK                                             ; Base      ; 20.000  ; 50.0 MHz   ; 0.000 ; 10.000 ;            ;           ;             ;       ;        ;           ;            ;          ;        ;                                                   ; { CLK }                                             ;
; pll|altpll_component|auto_generated|pll1|clk[0] ; Generated ; 3.676   ; 272.03 MHz ; 0.000 ; 1.838  ; 50.00      ; 25        ; 136         ;       ;        ;           ;            ; false    ; CLK    ; pll|altpll_component|auto_generated|pll1|inclk[0] ; { pll|altpll_component|auto_generated|pll1|clk[0] } ;
; pll|altpll_component|auto_generated|pll1|clk[1] ; Generated ; 125.000 ; 8.0 MHz    ; 0.000 ; 62.500 ; 50.00      ; 25        ; 4           ;       ;        ;           ;            ; false    ; CLK    ; pll|altpll_component|auto_generated|pll1|inclk[0] ; { pll|altpll_component|auto_generated|pll1|clk[1] } ;
+-------------------------------------------------+-----------+---------+------------+-------+--------+------------+-----------+-------------+-------+--------+-----------+------------+----------+--------+---------------------------------------------------+-----------------------------------------------------+


+---------------------------------------------------------------------------------------+
; Slow 1200mV 100C Model Fmax Summary                                                   ;
+------------+-----------------+-------------------------------------------------+------+
; Fmax       ; Restricted Fmax ; Clock Name                                      ; Note ;
+------------+-----------------+-------------------------------------------------+------+
; 50.21 MHz  ; 50.21 MHz       ; pll|altpll_component|auto_generated|pll1|clk[1] ;      ;
; 278.47 MHz ; 278.47 MHz      ; pll|altpll_component|auto_generated|pll1|clk[0] ;      ;
+------------+-----------------+-------------------------------------------------+------+
This panel reports FMAX for every clock in the design, regardless of the user-specified clock periods.  FMAX is only computed for paths where the source and destination registers or ports are driven by the same clock.  Paths of different clocks, including generated clocks, are ignored.  For paths between a clock and its inversion, FMAX is computed as if the rising and falling edges are scaled along with FMAX, such that the duty cycle (in terms of a percentage) is maintained. Altera recommends that you always use clock constraints and other slack reports for sign-off analysis.


----------------------------------
; Timing Closure Recommendations ;
----------------------------------
HTML report is unavailable in plain text report export.


+--------------------------------------------------------------------------+
; Slow 1200mV 100C Model Setup Summary                                     ;
+-------------------------------------------------+--------+---------------+
; Clock                                           ; Slack  ; End Point TNS ;
+-------------------------------------------------+--------+---------------+
; pll|altpll_component|auto_generated|pll1|clk[1] ; -1.724 ; -6.888        ;
; pll|altpll_component|auto_generated|pll1|clk[0] ; -0.065 ; -0.110        ;
+-------------------------------------------------+--------+---------------+


+-------------------------------------------------------------------------+
; Slow 1200mV 100C Model Hold Summary                                     ;
+-------------------------------------------------+-------+---------------+
; Clock                                           ; Slack ; End Point TNS ;
+-------------------------------------------------+-------+---------------+
; pll|altpll_component|auto_generated|pll1|clk[0] ; 0.380 ; 0.000         ;
; pll|altpll_component|auto_generated|pll1|clk[1] ; 0.578 ; 0.000         ;
+-------------------------------------------------+-------+---------------+


+---------------------------------------------------------------------------+
; Slow 1200mV 100C Model Recovery Summary                                   ;
+-------------------------------------------------+---------+---------------+
; Clock                                           ; Slack   ; End Point TNS ;
+-------------------------------------------------+---------+---------------+
; pll|altpll_component|auto_generated|pll1|clk[0] ; 1.169   ; 0.000         ;
; pll|altpll_component|auto_generated|pll1|clk[1] ; 121.749 ; 0.000         ;
+-------------------------------------------------+---------+---------------+


+-------------------------------------------------------------------------+
; Slow 1200mV 100C Model Removal Summary                                  ;
+-------------------------------------------------+-------+---------------+
; Clock                                           ; Slack ; End Point TNS ;
+-------------------------------------------------+-------+---------------+
; pll|altpll_component|auto_generated|pll1|clk[1] ; 1.456 ; 0.000         ;
; pll|altpll_component|auto_generated|pll1|clk[0] ; 1.765 ; 0.000         ;
+-------------------------------------------------+-------+---------------+


+--------------------------------------------------------------------------+
; Slow 1200mV 100C Model Minimum Pulse Width Summary                       ;
+-------------------------------------------------+--------+---------------+
; Clock                                           ; Slack  ; End Point TNS ;
+-------------------------------------------------+--------+---------------+
; pll|altpll_component|auto_generated|pll1|clk[0] ; 1.176  ; 0.000         ;
; CLK                                             ; 9.891  ; 0.000         ;
; pll|altpll_component|auto_generated|pll1|clk[1] ; 62.114 ; 0.000         ;
+-------------------------------------------------+--------+---------------+


+--------------------------------------------------------------------------------------------------------------------------------------------------------------------------------------------------------------------------------------------------------------------------------------------------------------------------------+
; Slow 1200mV 100C Model Setup: 'pll|altpll_component|auto_generated|pll1|clk[1]'                                                                                                                                                                                                                                                ;
+--------+-------------------------------------------------------+------------------------------------------------------------------------------------------------------------------+-------------------------------------------------+-------------------------------------------------+--------------+------------+------------+
; Slack  ; From Node                                             ; To Node                                                                                                          ; Launch Clock                                    ; Latch Clock                                     ; Relationship ; Clock Skew ; Data Delay ;
+--------+-------------------------------------------------------+------------------------------------------------------------------------------------------------------------------+-------------------------------------------------+-------------------------------------------------+--------------+------------+------------+
; -1.724 ; Multiplicador:MULTIPLICADOR|ACC:acumulador|Saidas[8]  ; datamemory:Data_Memory|altsyncram:altsyncram_component|altsyncram_28i1:auto_generated|ram_block1a18~porta_we_reg ; pll|altpll_component|auto_generated|pll1|clk[0] ; pll|altpll_component|auto_generated|pll1|clk[1] ; 3.692        ; 0.156      ; 5.611      ;
; -1.682 ; Multiplicador:MULTIPLICADOR|ACC:acumulador|Saidas[25] ; datamemory:Data_Memory|altsyncram:altsyncram_component|altsyncram_28i1:auto_generated|ram_block1a18~porta_we_reg ; pll|altpll_component|auto_generated|pll1|clk[0] ; pll|altpll_component|auto_generated|pll1|clk[1] ; 3.692        ; 0.152      ; 5.565      ;
; -1.676 ; Multiplicador:MULTIPLICADOR|ACC:acumulador|Saidas[8]  ; datamemory:Data_Memory|altsyncram:altsyncram_component|altsyncram_28i1:auto_generated|ram_block1a27~porta_we_reg ; pll|altpll_component|auto_generated|pll1|clk[0] ; pll|altpll_component|auto_generated|pll1|clk[1] ; 3.692        ; 0.154      ; 5.561      ;
; -1.634 ; Multiplicador:MULTIPLICADOR|ACC:acumulador|Saidas[25] ; datamemory:Data_Memory|altsyncram:altsyncram_component|altsyncram_28i1:auto_generated|ram_block1a27~porta_we_reg ; pll|altpll_component|auto_generated|pll1|clk[0] ; pll|altpll_component|auto_generated|pll1|clk[1] ; 3.692        ; 0.150      ; 5.515      ;
; -1.509 ; Multiplicador:MULTIPLICADOR|ACC:acumulador|Saidas[7]  ; datamemory:Data_Memory|altsyncram:altsyncram_component|altsyncram_28i1:auto_generated|ram_block1a18~porta_we_reg ; pll|altpll_component|auto_generated|pll1|clk[0] ; pll|altpll_component|auto_generated|pll1|clk[1] ; 3.692        ; 0.156      ; 5.396      ;
; -1.486 ; Multiplicador:MULTIPLICADOR|ACC:acumulador|Saidas[23] ; datamemory:Data_Memory|altsyncram:altsyncram_component|altsyncram_28i1:auto_generated|ram_block1a18~porta_we_reg ; pll|altpll_component|auto_generated|pll1|clk[0] ; pll|altpll_component|auto_generated|pll1|clk[1] ; 3.692        ; 0.151      ; 5.368      ;
; -1.461 ; Multiplicador:MULTIPLICADOR|ACC:acumulador|Saidas[7]  ; datamemory:Data_Memory|altsyncram:altsyncram_component|altsyncram_28i1:auto_generated|ram_block1a27~porta_we_reg ; pll|altpll_component|auto_generated|pll1|clk[0] ; pll|altpll_component|auto_generated|pll1|clk[1] ; 3.692        ; 0.154      ; 5.346      ;
; -1.452 ; Multiplicador:MULTIPLICADOR|ACC:acumulador|Saidas[14] ; datamemory:Data_Memory|altsyncram:altsyncram_component|altsyncram_28i1:auto_generated|ram_block1a18~porta_we_reg ; pll|altpll_component|auto_generated|pll1|clk[0] ; pll|altpll_component|auto_generated|pll1|clk[1] ; 3.692        ; 0.154      ; 5.337      ;
; -1.441 ; Multiplicador:MULTIPLICADOR|ACC:acumulador|Saidas[26] ; datamemory:Data_Memory|altsyncram:altsyncram_component|altsyncram_28i1:auto_generated|ram_block1a18~porta_we_reg ; pll|altpll_component|auto_generated|pll1|clk[0] ; pll|altpll_component|auto_generated|pll1|clk[1] ; 3.692        ; 0.152      ; 5.324      ;
; -1.438 ; Multiplicador:MULTIPLICADOR|ACC:acumulador|Saidas[23] ; datamemory:Data_Memory|altsyncram:altsyncram_component|altsyncram_28i1:auto_generated|ram_block1a27~porta_we_reg ; pll|altpll_component|auto_generated|pll1|clk[0] ; pll|altpll_component|auto_generated|pll1|clk[1] ; 3.692        ; 0.149      ; 5.318      ;
; -1.432 ; Multiplicador:MULTIPLICADOR|ACC:acumulador|Saidas[8]  ; datamemory:Data_Memory|altsyncram:altsyncram_component|altsyncram_28i1:auto_generated|ram_block1a9~porta_we_reg  ; pll|altpll_component|auto_generated|pll1|clk[0] ; pll|altpll_component|auto_generated|pll1|clk[1] ; 3.692        ; 0.157      ; 5.320      ;
; -1.415 ; Multiplicador:MULTIPLICADOR|ACC:acumulador|Saidas[29] ; datamemory:Data_Memory|altsyncram:altsyncram_component|altsyncram_28i1:auto_generated|ram_block1a18~porta_we_reg ; pll|altpll_component|auto_generated|pll1|clk[0] ; pll|altpll_component|auto_generated|pll1|clk[1] ; 3.692        ; 0.151      ; 5.297      ;
; -1.404 ; Multiplicador:MULTIPLICADOR|ACC:acumulador|Saidas[14] ; datamemory:Data_Memory|altsyncram:altsyncram_component|altsyncram_28i1:auto_generated|ram_block1a27~porta_we_reg ; pll|altpll_component|auto_generated|pll1|clk[0] ; pll|altpll_component|auto_generated|pll1|clk[1] ; 3.692        ; 0.152      ; 5.287      ;
; -1.393 ; Multiplicador:MULTIPLICADOR|ACC:acumulador|Saidas[26] ; datamemory:Data_Memory|altsyncram:altsyncram_component|altsyncram_28i1:auto_generated|ram_block1a27~porta_we_reg ; pll|altpll_component|auto_generated|pll1|clk[0] ; pll|altpll_component|auto_generated|pll1|clk[1] ; 3.692        ; 0.150      ; 5.274      ;
; -1.390 ; Multiplicador:MULTIPLICADOR|ACC:acumulador|Saidas[25] ; datamemory:Data_Memory|altsyncram:altsyncram_component|altsyncram_28i1:auto_generated|ram_block1a9~porta_we_reg  ; pll|altpll_component|auto_generated|pll1|clk[0] ; pll|altpll_component|auto_generated|pll1|clk[1] ; 3.692        ; 0.153      ; 5.274      ;
; -1.367 ; Multiplicador:MULTIPLICADOR|ACC:acumulador|Saidas[29] ; datamemory:Data_Memory|altsyncram:altsyncram_component|altsyncram_28i1:auto_generated|ram_block1a27~porta_we_reg ; pll|altpll_component|auto_generated|pll1|clk[0] ; pll|altpll_component|auto_generated|pll1|clk[1] ; 3.692        ; 0.149      ; 5.247      ;
; -1.349 ; Multiplicador:MULTIPLICADOR|ACC:acumulador|Saidas[9]  ; datamemory:Data_Memory|altsyncram:altsyncram_component|altsyncram_28i1:auto_generated|ram_block1a18~porta_we_reg ; pll|altpll_component|auto_generated|pll1|clk[0] ; pll|altpll_component|auto_generated|pll1|clk[1] ; 3.692        ; 0.156      ; 5.236      ;
; -1.338 ; Multiplicador:MULTIPLICADOR|ACC:acumulador|Saidas[27] ; datamemory:Data_Memory|altsyncram:altsyncram_component|altsyncram_28i1:auto_generated|ram_block1a18~porta_we_reg ; pll|altpll_component|auto_generated|pll1|clk[0] ; pll|altpll_component|auto_generated|pll1|clk[1] ; 3.692        ; 0.152      ; 5.221      ;
; -1.323 ; Multiplicador:MULTIPLICADOR|ACC:acumulador|Saidas[24] ; datamemory:Data_Memory|altsyncram:altsyncram_component|altsyncram_28i1:auto_generated|ram_block1a18~porta_we_reg ; pll|altpll_component|auto_generated|pll1|clk[0] ; pll|altpll_component|auto_generated|pll1|clk[1] ; 3.692        ; 0.152      ; 5.206      ;
; -1.321 ; Multiplicador:MULTIPLICADOR|ACC:acumulador|Saidas[8]  ; datamemory:Data_Memory|altsyncram:altsyncram_component|altsyncram_28i1:auto_generated|ram_block1a0~porta_we_reg  ; pll|altpll_component|auto_generated|pll1|clk[0] ; pll|altpll_component|auto_generated|pll1|clk[1] ; 3.692        ; 0.158      ; 5.210      ;
; -1.309 ; Multiplicador:MULTIPLICADOR|ACC:acumulador|Saidas[30] ; datamemory:Data_Memory|altsyncram:altsyncram_component|altsyncram_28i1:auto_generated|ram_block1a18~porta_we_reg ; pll|altpll_component|auto_generated|pll1|clk[0] ; pll|altpll_component|auto_generated|pll1|clk[1] ; 3.692        ; 0.152      ; 5.192      ;
; -1.301 ; Multiplicador:MULTIPLICADOR|ACC:acumulador|Saidas[9]  ; datamemory:Data_Memory|altsyncram:altsyncram_component|altsyncram_28i1:auto_generated|ram_block1a27~porta_we_reg ; pll|altpll_component|auto_generated|pll1|clk[0] ; pll|altpll_component|auto_generated|pll1|clk[1] ; 3.692        ; 0.154      ; 5.186      ;
; -1.290 ; Multiplicador:MULTIPLICADOR|ACC:acumulador|Saidas[27] ; datamemory:Data_Memory|altsyncram:altsyncram_component|altsyncram_28i1:auto_generated|ram_block1a27~porta_we_reg ; pll|altpll_component|auto_generated|pll1|clk[0] ; pll|altpll_component|auto_generated|pll1|clk[1] ; 3.692        ; 0.150      ; 5.171      ;
; -1.279 ; Multiplicador:MULTIPLICADOR|ACC:acumulador|Saidas[25] ; datamemory:Data_Memory|altsyncram:altsyncram_component|altsyncram_28i1:auto_generated|ram_block1a0~porta_we_reg  ; pll|altpll_component|auto_generated|pll1|clk[0] ; pll|altpll_component|auto_generated|pll1|clk[1] ; 3.692        ; 0.154      ; 5.164      ;
; -1.275 ; Multiplicador:MULTIPLICADOR|ACC:acumulador|Saidas[24] ; datamemory:Data_Memory|altsyncram:altsyncram_component|altsyncram_28i1:auto_generated|ram_block1a27~porta_we_reg ; pll|altpll_component|auto_generated|pll1|clk[0] ; pll|altpll_component|auto_generated|pll1|clk[1] ; 3.692        ; 0.150      ; 5.156      ;
; -1.261 ; Multiplicador:MULTIPLICADOR|ACC:acumulador|Saidas[30] ; datamemory:Data_Memory|altsyncram:altsyncram_component|altsyncram_28i1:auto_generated|ram_block1a27~porta_we_reg ; pll|altpll_component|auto_generated|pll1|clk[0] ; pll|altpll_component|auto_generated|pll1|clk[1] ; 3.692        ; 0.150      ; 5.142      ;
; -1.250 ; Multiplicador:MULTIPLICADOR|ACC:acumulador|Saidas[20] ; datamemory:Data_Memory|altsyncram:altsyncram_component|altsyncram_28i1:auto_generated|ram_block1a18~porta_we_reg ; pll|altpll_component|auto_generated|pll1|clk[0] ; pll|altpll_component|auto_generated|pll1|clk[1] ; 3.692        ; 0.151      ; 5.132      ;
; -1.242 ; Multiplicador:MULTIPLICADOR|ACC:acumulador|Saidas[21] ; datamemory:Data_Memory|altsyncram:altsyncram_component|altsyncram_28i1:auto_generated|ram_block1a18~porta_we_reg ; pll|altpll_component|auto_generated|pll1|clk[0] ; pll|altpll_component|auto_generated|pll1|clk[1] ; 3.692        ; 0.151      ; 5.124      ;
; -1.225 ; Multiplicador:MULTIPLICADOR|ACC:acumulador|Saidas[22] ; datamemory:Data_Memory|altsyncram:altsyncram_component|altsyncram_28i1:auto_generated|ram_block1a18~porta_we_reg ; pll|altpll_component|auto_generated|pll1|clk[0] ; pll|altpll_component|auto_generated|pll1|clk[1] ; 3.692        ; 0.151      ; 5.107      ;
; -1.217 ; Multiplicador:MULTIPLICADOR|ACC:acumulador|Saidas[7]  ; datamemory:Data_Memory|altsyncram:altsyncram_component|altsyncram_28i1:auto_generated|ram_block1a9~porta_we_reg  ; pll|altpll_component|auto_generated|pll1|clk[0] ; pll|altpll_component|auto_generated|pll1|clk[1] ; 3.692        ; 0.157      ; 5.105      ;
; -1.211 ; Multiplicador:MULTIPLICADOR|ACC:acumulador|Saidas[16] ; datamemory:Data_Memory|altsyncram:altsyncram_component|altsyncram_28i1:auto_generated|ram_block1a18~porta_we_reg ; pll|altpll_component|auto_generated|pll1|clk[0] ; pll|altpll_component|auto_generated|pll1|clk[1] ; 3.692        ; 0.150      ; 5.092      ;
; -1.202 ; Multiplicador:MULTIPLICADOR|ACC:acumulador|Saidas[20] ; datamemory:Data_Memory|altsyncram:altsyncram_component|altsyncram_28i1:auto_generated|ram_block1a27~porta_we_reg ; pll|altpll_component|auto_generated|pll1|clk[0] ; pll|altpll_component|auto_generated|pll1|clk[1] ; 3.692        ; 0.149      ; 5.082      ;
; -1.194 ; Multiplicador:MULTIPLICADOR|ACC:acumulador|Saidas[23] ; datamemory:Data_Memory|altsyncram:altsyncram_component|altsyncram_28i1:auto_generated|ram_block1a9~porta_we_reg  ; pll|altpll_component|auto_generated|pll1|clk[0] ; pll|altpll_component|auto_generated|pll1|clk[1] ; 3.692        ; 0.152      ; 5.077      ;
; -1.194 ; Multiplicador:MULTIPLICADOR|ACC:acumulador|Saidas[21] ; datamemory:Data_Memory|altsyncram:altsyncram_component|altsyncram_28i1:auto_generated|ram_block1a27~porta_we_reg ; pll|altpll_component|auto_generated|pll1|clk[0] ; pll|altpll_component|auto_generated|pll1|clk[1] ; 3.692        ; 0.149      ; 5.074      ;
; -1.177 ; Multiplicador:MULTIPLICADOR|ACC:acumulador|Saidas[22] ; datamemory:Data_Memory|altsyncram:altsyncram_component|altsyncram_28i1:auto_generated|ram_block1a27~porta_we_reg ; pll|altpll_component|auto_generated|pll1|clk[0] ; pll|altpll_component|auto_generated|pll1|clk[1] ; 3.692        ; 0.149      ; 5.057      ;
; -1.170 ; Multiplicador:MULTIPLICADOR|ACC:acumulador|Saidas[28] ; datamemory:Data_Memory|altsyncram:altsyncram_component|altsyncram_28i1:auto_generated|ram_block1a18~porta_we_reg ; pll|altpll_component|auto_generated|pll1|clk[0] ; pll|altpll_component|auto_generated|pll1|clk[1] ; 3.692        ; 0.152      ; 5.053      ;
; -1.163 ; Multiplicador:MULTIPLICADOR|ACC:acumulador|Saidas[16] ; datamemory:Data_Memory|altsyncram:altsyncram_component|altsyncram_28i1:auto_generated|ram_block1a27~porta_we_reg ; pll|altpll_component|auto_generated|pll1|clk[0] ; pll|altpll_component|auto_generated|pll1|clk[1] ; 3.692        ; 0.148      ; 5.042      ;
; -1.160 ; Multiplicador:MULTIPLICADOR|ACC:acumulador|Saidas[14] ; datamemory:Data_Memory|altsyncram:altsyncram_component|altsyncram_28i1:auto_generated|ram_block1a9~porta_we_reg  ; pll|altpll_component|auto_generated|pll1|clk[0] ; pll|altpll_component|auto_generated|pll1|clk[1] ; 3.692        ; 0.155      ; 5.046      ;
; -1.149 ; Multiplicador:MULTIPLICADOR|ACC:acumulador|Saidas[26] ; datamemory:Data_Memory|altsyncram:altsyncram_component|altsyncram_28i1:auto_generated|ram_block1a9~porta_we_reg  ; pll|altpll_component|auto_generated|pll1|clk[0] ; pll|altpll_component|auto_generated|pll1|clk[1] ; 3.692        ; 0.153      ; 5.033      ;
; -1.137 ; Multiplicador:MULTIPLICADOR|ACC:acumulador|Saidas[31] ; datamemory:Data_Memory|altsyncram:altsyncram_component|altsyncram_28i1:auto_generated|ram_block1a18~porta_we_reg ; pll|altpll_component|auto_generated|pll1|clk[0] ; pll|altpll_component|auto_generated|pll1|clk[1] ; 3.692        ; 0.152      ; 5.020      ;
; -1.123 ; Multiplicador:MULTIPLICADOR|ACC:acumulador|Saidas[29] ; datamemory:Data_Memory|altsyncram:altsyncram_component|altsyncram_28i1:auto_generated|ram_block1a9~porta_we_reg  ; pll|altpll_component|auto_generated|pll1|clk[0] ; pll|altpll_component|auto_generated|pll1|clk[1] ; 3.692        ; 0.152      ; 5.006      ;
; -1.122 ; Multiplicador:MULTIPLICADOR|ACC:acumulador|Saidas[28] ; datamemory:Data_Memory|altsyncram:altsyncram_component|altsyncram_28i1:auto_generated|ram_block1a27~porta_we_reg ; pll|altpll_component|auto_generated|pll1|clk[0] ; pll|altpll_component|auto_generated|pll1|clk[1] ; 3.692        ; 0.150      ; 5.003      ;
; -1.106 ; Multiplicador:MULTIPLICADOR|ACC:acumulador|Saidas[7]  ; datamemory:Data_Memory|altsyncram:altsyncram_component|altsyncram_28i1:auto_generated|ram_block1a0~porta_we_reg  ; pll|altpll_component|auto_generated|pll1|clk[0] ; pll|altpll_component|auto_generated|pll1|clk[1] ; 3.692        ; 0.158      ; 4.995      ;
; -1.096 ; Multiplicador:MULTIPLICADOR|ACC:acumulador|Saidas[15] ; datamemory:Data_Memory|altsyncram:altsyncram_component|altsyncram_28i1:auto_generated|ram_block1a18~porta_we_reg ; pll|altpll_component|auto_generated|pll1|clk[0] ; pll|altpll_component|auto_generated|pll1|clk[1] ; 3.692        ; 0.154      ; 4.981      ;
; -1.089 ; Multiplicador:MULTIPLICADOR|ACC:acumulador|Saidas[31] ; datamemory:Data_Memory|altsyncram:altsyncram_component|altsyncram_28i1:auto_generated|ram_block1a27~porta_we_reg ; pll|altpll_component|auto_generated|pll1|clk[0] ; pll|altpll_component|auto_generated|pll1|clk[1] ; 3.692        ; 0.150      ; 4.970      ;
; -1.083 ; Multiplicador:MULTIPLICADOR|ACC:acumulador|Saidas[23] ; datamemory:Data_Memory|altsyncram:altsyncram_component|altsyncram_28i1:auto_generated|ram_block1a0~porta_we_reg  ; pll|altpll_component|auto_generated|pll1|clk[0] ; pll|altpll_component|auto_generated|pll1|clk[1] ; 3.692        ; 0.153      ; 4.967      ;
; -1.078 ; Multiplicador:MULTIPLICADOR|ACC:acumulador|Saidas[19] ; datamemory:Data_Memory|altsyncram:altsyncram_component|altsyncram_28i1:auto_generated|ram_block1a18~porta_we_reg ; pll|altpll_component|auto_generated|pll1|clk[0] ; pll|altpll_component|auto_generated|pll1|clk[1] ; 3.692        ; 0.151      ; 4.960      ;
; -1.057 ; Multiplicador:MULTIPLICADOR|ACC:acumulador|Saidas[9]  ; datamemory:Data_Memory|altsyncram:altsyncram_component|altsyncram_28i1:auto_generated|ram_block1a9~porta_we_reg  ; pll|altpll_component|auto_generated|pll1|clk[0] ; pll|altpll_component|auto_generated|pll1|clk[1] ; 3.692        ; 0.157      ; 4.945      ;
; -1.049 ; Multiplicador:MULTIPLICADOR|ACC:acumulador|Saidas[14] ; datamemory:Data_Memory|altsyncram:altsyncram_component|altsyncram_28i1:auto_generated|ram_block1a0~porta_we_reg  ; pll|altpll_component|auto_generated|pll1|clk[0] ; pll|altpll_component|auto_generated|pll1|clk[1] ; 3.692        ; 0.156      ; 4.936      ;
; -1.048 ; Multiplicador:MULTIPLICADOR|ACC:acumulador|Saidas[15] ; datamemory:Data_Memory|altsyncram:altsyncram_component|altsyncram_28i1:auto_generated|ram_block1a27~porta_we_reg ; pll|altpll_component|auto_generated|pll1|clk[0] ; pll|altpll_component|auto_generated|pll1|clk[1] ; 3.692        ; 0.152      ; 4.931      ;
; -1.046 ; Multiplicador:MULTIPLICADOR|ACC:acumulador|Saidas[27] ; datamemory:Data_Memory|altsyncram:altsyncram_component|altsyncram_28i1:auto_generated|ram_block1a9~porta_we_reg  ; pll|altpll_component|auto_generated|pll1|clk[0] ; pll|altpll_component|auto_generated|pll1|clk[1] ; 3.692        ; 0.153      ; 4.930      ;
; -1.038 ; Multiplicador:MULTIPLICADOR|ACC:acumulador|Saidas[26] ; datamemory:Data_Memory|altsyncram:altsyncram_component|altsyncram_28i1:auto_generated|ram_block1a0~porta_we_reg  ; pll|altpll_component|auto_generated|pll1|clk[0] ; pll|altpll_component|auto_generated|pll1|clk[1] ; 3.692        ; 0.154      ; 4.923      ;
; -1.031 ; Multiplicador:MULTIPLICADOR|ACC:acumulador|Saidas[24] ; datamemory:Data_Memory|altsyncram:altsyncram_component|altsyncram_28i1:auto_generated|ram_block1a9~porta_we_reg  ; pll|altpll_component|auto_generated|pll1|clk[0] ; pll|altpll_component|auto_generated|pll1|clk[1] ; 3.692        ; 0.153      ; 4.915      ;
; -1.030 ; Multiplicador:MULTIPLICADOR|ACC:acumulador|Saidas[19] ; datamemory:Data_Memory|altsyncram:altsyncram_component|altsyncram_28i1:auto_generated|ram_block1a27~porta_we_reg ; pll|altpll_component|auto_generated|pll1|clk[0] ; pll|altpll_component|auto_generated|pll1|clk[1] ; 3.692        ; 0.149      ; 4.910      ;
; -1.021 ; Multiplicador:MULTIPLICADOR|ACC:acumulador|Saidas[13] ; datamemory:Data_Memory|altsyncram:altsyncram_component|altsyncram_28i1:auto_generated|ram_block1a18~porta_we_reg ; pll|altpll_component|auto_generated|pll1|clk[0] ; pll|altpll_component|auto_generated|pll1|clk[1] ; 3.692        ; 0.156      ; 4.908      ;
; -1.017 ; Multiplicador:MULTIPLICADOR|ACC:acumulador|Saidas[30] ; datamemory:Data_Memory|altsyncram:altsyncram_component|altsyncram_28i1:auto_generated|ram_block1a9~porta_we_reg  ; pll|altpll_component|auto_generated|pll1|clk[0] ; pll|altpll_component|auto_generated|pll1|clk[1] ; 3.692        ; 0.153      ; 4.901      ;
; -1.012 ; Multiplicador:MULTIPLICADOR|ACC:acumulador|Saidas[29] ; datamemory:Data_Memory|altsyncram:altsyncram_component|altsyncram_28i1:auto_generated|ram_block1a0~porta_we_reg  ; pll|altpll_component|auto_generated|pll1|clk[0] ; pll|altpll_component|auto_generated|pll1|clk[1] ; 3.692        ; 0.153      ; 4.896      ;
; -0.978 ; Multiplicador:MULTIPLICADOR|ACC:acumulador|Saidas[17] ; datamemory:Data_Memory|altsyncram:altsyncram_component|altsyncram_28i1:auto_generated|ram_block1a18~porta_we_reg ; pll|altpll_component|auto_generated|pll1|clk[0] ; pll|altpll_component|auto_generated|pll1|clk[1] ; 3.692        ; 0.151      ; 4.860      ;
; -0.973 ; Multiplicador:MULTIPLICADOR|ACC:acumulador|Saidas[13] ; datamemory:Data_Memory|altsyncram:altsyncram_component|altsyncram_28i1:auto_generated|ram_block1a27~porta_we_reg ; pll|altpll_component|auto_generated|pll1|clk[0] ; pll|altpll_component|auto_generated|pll1|clk[1] ; 3.692        ; 0.154      ; 4.858      ;
; -0.958 ; Multiplicador:MULTIPLICADOR|ACC:acumulador|Saidas[20] ; datamemory:Data_Memory|altsyncram:altsyncram_component|altsyncram_28i1:auto_generated|ram_block1a9~porta_we_reg  ; pll|altpll_component|auto_generated|pll1|clk[0] ; pll|altpll_component|auto_generated|pll1|clk[1] ; 3.692        ; 0.152      ; 4.841      ;
; -0.956 ; Multiplicador:MULTIPLICADOR|ACC:acumulador|Saidas[18] ; datamemory:Data_Memory|altsyncram:altsyncram_component|altsyncram_28i1:auto_generated|ram_block1a18~porta_we_reg ; pll|altpll_component|auto_generated|pll1|clk[0] ; pll|altpll_component|auto_generated|pll1|clk[1] ; 3.692        ; 0.151      ; 4.838      ;
; -0.950 ; Multiplicador:MULTIPLICADOR|ACC:acumulador|Saidas[21] ; datamemory:Data_Memory|altsyncram:altsyncram_component|altsyncram_28i1:auto_generated|ram_block1a9~porta_we_reg  ; pll|altpll_component|auto_generated|pll1|clk[0] ; pll|altpll_component|auto_generated|pll1|clk[1] ; 3.692        ; 0.152      ; 4.833      ;
; -0.946 ; Multiplicador:MULTIPLICADOR|ACC:acumulador|Saidas[9]  ; datamemory:Data_Memory|altsyncram:altsyncram_component|altsyncram_28i1:auto_generated|ram_block1a0~porta_we_reg  ; pll|altpll_component|auto_generated|pll1|clk[0] ; pll|altpll_component|auto_generated|pll1|clk[1] ; 3.692        ; 0.158      ; 4.835      ;
; -0.935 ; Multiplicador:MULTIPLICADOR|ACC:acumulador|Saidas[27] ; datamemory:Data_Memory|altsyncram:altsyncram_component|altsyncram_28i1:auto_generated|ram_block1a0~porta_we_reg  ; pll|altpll_component|auto_generated|pll1|clk[0] ; pll|altpll_component|auto_generated|pll1|clk[1] ; 3.692        ; 0.154      ; 4.820      ;
; -0.933 ; Multiplicador:MULTIPLICADOR|ACC:acumulador|Saidas[22] ; datamemory:Data_Memory|altsyncram:altsyncram_component|altsyncram_28i1:auto_generated|ram_block1a9~porta_we_reg  ; pll|altpll_component|auto_generated|pll1|clk[0] ; pll|altpll_component|auto_generated|pll1|clk[1] ; 3.692        ; 0.152      ; 4.816      ;
; -0.930 ; Multiplicador:MULTIPLICADOR|ACC:acumulador|Saidas[17] ; datamemory:Data_Memory|altsyncram:altsyncram_component|altsyncram_28i1:auto_generated|ram_block1a27~porta_we_reg ; pll|altpll_component|auto_generated|pll1|clk[0] ; pll|altpll_component|auto_generated|pll1|clk[1] ; 3.692        ; 0.149      ; 4.810      ;
; -0.920 ; Multiplicador:MULTIPLICADOR|ACC:acumulador|Saidas[24] ; datamemory:Data_Memory|altsyncram:altsyncram_component|altsyncram_28i1:auto_generated|ram_block1a0~porta_we_reg  ; pll|altpll_component|auto_generated|pll1|clk[0] ; pll|altpll_component|auto_generated|pll1|clk[1] ; 3.692        ; 0.154      ; 4.805      ;
; -0.919 ; Multiplicador:MULTIPLICADOR|ACC:acumulador|Saidas[16] ; datamemory:Data_Memory|altsyncram:altsyncram_component|altsyncram_28i1:auto_generated|ram_block1a9~porta_we_reg  ; pll|altpll_component|auto_generated|pll1|clk[0] ; pll|altpll_component|auto_generated|pll1|clk[1] ; 3.692        ; 0.151      ; 4.801      ;
; -0.908 ; Multiplicador:MULTIPLICADOR|ACC:acumulador|Saidas[18] ; datamemory:Data_Memory|altsyncram:altsyncram_component|altsyncram_28i1:auto_generated|ram_block1a27~porta_we_reg ; pll|altpll_component|auto_generated|pll1|clk[0] ; pll|altpll_component|auto_generated|pll1|clk[1] ; 3.692        ; 0.149      ; 4.788      ;
; -0.906 ; Multiplicador:MULTIPLICADOR|ACC:acumulador|Saidas[30] ; datamemory:Data_Memory|altsyncram:altsyncram_component|altsyncram_28i1:auto_generated|ram_block1a0~porta_we_reg  ; pll|altpll_component|auto_generated|pll1|clk[0] ; pll|altpll_component|auto_generated|pll1|clk[1] ; 3.692        ; 0.154      ; 4.791      ;
; -0.878 ; Multiplicador:MULTIPLICADOR|ACC:acumulador|Saidas[28] ; datamemory:Data_Memory|altsyncram:altsyncram_component|altsyncram_28i1:auto_generated|ram_block1a9~porta_we_reg  ; pll|altpll_component|auto_generated|pll1|clk[0] ; pll|altpll_component|auto_generated|pll1|clk[1] ; 3.692        ; 0.153      ; 4.762      ;
; -0.847 ; Multiplicador:MULTIPLICADOR|ACC:acumulador|Saidas[20] ; datamemory:Data_Memory|altsyncram:altsyncram_component|altsyncram_28i1:auto_generated|ram_block1a0~porta_we_reg  ; pll|altpll_component|auto_generated|pll1|clk[0] ; pll|altpll_component|auto_generated|pll1|clk[1] ; 3.692        ; 0.153      ; 4.731      ;
; -0.845 ; Multiplicador:MULTIPLICADOR|ACC:acumulador|Saidas[31] ; datamemory:Data_Memory|altsyncram:altsyncram_component|altsyncram_28i1:auto_generated|ram_block1a9~porta_we_reg  ; pll|altpll_component|auto_generated|pll1|clk[0] ; pll|altpll_component|auto_generated|pll1|clk[1] ; 3.692        ; 0.153      ; 4.729      ;
; -0.839 ; Multiplicador:MULTIPLICADOR|ACC:acumulador|Saidas[21] ; datamemory:Data_Memory|altsyncram:altsyncram_component|altsyncram_28i1:auto_generated|ram_block1a0~porta_we_reg  ; pll|altpll_component|auto_generated|pll1|clk[0] ; pll|altpll_component|auto_generated|pll1|clk[1] ; 3.692        ; 0.153      ; 4.723      ;
; -0.822 ; Multiplicador:MULTIPLICADOR|ACC:acumulador|Saidas[22] ; datamemory:Data_Memory|altsyncram:altsyncram_component|altsyncram_28i1:auto_generated|ram_block1a0~porta_we_reg  ; pll|altpll_component|auto_generated|pll1|clk[0] ; pll|altpll_component|auto_generated|pll1|clk[1] ; 3.692        ; 0.153      ; 4.706      ;
; -0.808 ; Multiplicador:MULTIPLICADOR|ACC:acumulador|Saidas[16] ; datamemory:Data_Memory|altsyncram:altsyncram_component|altsyncram_28i1:auto_generated|ram_block1a0~porta_we_reg  ; pll|altpll_component|auto_generated|pll1|clk[0] ; pll|altpll_component|auto_generated|pll1|clk[1] ; 3.692        ; 0.152      ; 4.691      ;
; -0.804 ; Multiplicador:MULTIPLICADOR|ACC:acumulador|Saidas[15] ; datamemory:Data_Memory|altsyncram:altsyncram_component|altsyncram_28i1:auto_generated|ram_block1a9~porta_we_reg  ; pll|altpll_component|auto_generated|pll1|clk[0] ; pll|altpll_component|auto_generated|pll1|clk[1] ; 3.692        ; 0.155      ; 4.690      ;
; -0.786 ; Multiplicador:MULTIPLICADOR|ACC:acumulador|Saidas[19] ; datamemory:Data_Memory|altsyncram:altsyncram_component|altsyncram_28i1:auto_generated|ram_block1a9~porta_we_reg  ; pll|altpll_component|auto_generated|pll1|clk[0] ; pll|altpll_component|auto_generated|pll1|clk[1] ; 3.692        ; 0.152      ; 4.669      ;
; -0.767 ; Multiplicador:MULTIPLICADOR|ACC:acumulador|Saidas[28] ; datamemory:Data_Memory|altsyncram:altsyncram_component|altsyncram_28i1:auto_generated|ram_block1a0~porta_we_reg  ; pll|altpll_component|auto_generated|pll1|clk[0] ; pll|altpll_component|auto_generated|pll1|clk[1] ; 3.692        ; 0.154      ; 4.652      ;
; -0.734 ; Multiplicador:MULTIPLICADOR|ACC:acumulador|Saidas[10] ; datamemory:Data_Memory|altsyncram:altsyncram_component|altsyncram_28i1:auto_generated|ram_block1a18~porta_we_reg ; pll|altpll_component|auto_generated|pll1|clk[0] ; pll|altpll_component|auto_generated|pll1|clk[1] ; 3.692        ; 0.153      ; 4.618      ;
; -0.734 ; Multiplicador:MULTIPLICADOR|ACC:acumulador|Saidas[31] ; datamemory:Data_Memory|altsyncram:altsyncram_component|altsyncram_28i1:auto_generated|ram_block1a0~porta_we_reg  ; pll|altpll_component|auto_generated|pll1|clk[0] ; pll|altpll_component|auto_generated|pll1|clk[1] ; 3.692        ; 0.154      ; 4.619      ;
; -0.729 ; Multiplicador:MULTIPLICADOR|ACC:acumulador|Saidas[13] ; datamemory:Data_Memory|altsyncram:altsyncram_component|altsyncram_28i1:auto_generated|ram_block1a9~porta_we_reg  ; pll|altpll_component|auto_generated|pll1|clk[0] ; pll|altpll_component|auto_generated|pll1|clk[1] ; 3.692        ; 0.157      ; 4.617      ;
; -0.693 ; Multiplicador:MULTIPLICADOR|ACC:acumulador|Saidas[15] ; datamemory:Data_Memory|altsyncram:altsyncram_component|altsyncram_28i1:auto_generated|ram_block1a0~porta_we_reg  ; pll|altpll_component|auto_generated|pll1|clk[0] ; pll|altpll_component|auto_generated|pll1|clk[1] ; 3.692        ; 0.156      ; 4.580      ;
; -0.687 ; Multiplicador:MULTIPLICADOR|ACC:acumulador|Saidas[11] ; datamemory:Data_Memory|altsyncram:altsyncram_component|altsyncram_28i1:auto_generated|ram_block1a18~porta_we_reg ; pll|altpll_component|auto_generated|pll1|clk[0] ; pll|altpll_component|auto_generated|pll1|clk[1] ; 3.692        ; 0.154      ; 4.572      ;
; -0.686 ; Multiplicador:MULTIPLICADOR|ACC:acumulador|Saidas[10] ; datamemory:Data_Memory|altsyncram:altsyncram_component|altsyncram_28i1:auto_generated|ram_block1a27~porta_we_reg ; pll|altpll_component|auto_generated|pll1|clk[0] ; pll|altpll_component|auto_generated|pll1|clk[1] ; 3.692        ; 0.151      ; 4.568      ;
; -0.686 ; Multiplicador:MULTIPLICADOR|ACC:acumulador|Saidas[17] ; datamemory:Data_Memory|altsyncram:altsyncram_component|altsyncram_28i1:auto_generated|ram_block1a9~porta_we_reg  ; pll|altpll_component|auto_generated|pll1|clk[0] ; pll|altpll_component|auto_generated|pll1|clk[1] ; 3.692        ; 0.152      ; 4.569      ;
; -0.675 ; Multiplicador:MULTIPLICADOR|ACC:acumulador|Saidas[19] ; datamemory:Data_Memory|altsyncram:altsyncram_component|altsyncram_28i1:auto_generated|ram_block1a0~porta_we_reg  ; pll|altpll_component|auto_generated|pll1|clk[0] ; pll|altpll_component|auto_generated|pll1|clk[1] ; 3.692        ; 0.153      ; 4.559      ;
; -0.664 ; Multiplicador:MULTIPLICADOR|ACC:acumulador|Saidas[18] ; datamemory:Data_Memory|altsyncram:altsyncram_component|altsyncram_28i1:auto_generated|ram_block1a9~porta_we_reg  ; pll|altpll_component|auto_generated|pll1|clk[0] ; pll|altpll_component|auto_generated|pll1|clk[1] ; 3.692        ; 0.152      ; 4.547      ;
; -0.643 ; Multiplicador:MULTIPLICADOR|ACC:acumulador|Saidas[12] ; datamemory:Data_Memory|altsyncram:altsyncram_component|altsyncram_28i1:auto_generated|ram_block1a18~porta_we_reg ; pll|altpll_component|auto_generated|pll1|clk[0] ; pll|altpll_component|auto_generated|pll1|clk[1] ; 3.692        ; 0.154      ; 4.528      ;
; -0.639 ; Multiplicador:MULTIPLICADOR|ACC:acumulador|Saidas[11] ; datamemory:Data_Memory|altsyncram:altsyncram_component|altsyncram_28i1:auto_generated|ram_block1a27~porta_we_reg ; pll|altpll_component|auto_generated|pll1|clk[0] ; pll|altpll_component|auto_generated|pll1|clk[1] ; 3.692        ; 0.152      ; 4.522      ;
; -0.618 ; Multiplicador:MULTIPLICADOR|ACC:acumulador|Saidas[13] ; datamemory:Data_Memory|altsyncram:altsyncram_component|altsyncram_28i1:auto_generated|ram_block1a0~porta_we_reg  ; pll|altpll_component|auto_generated|pll1|clk[0] ; pll|altpll_component|auto_generated|pll1|clk[1] ; 3.692        ; 0.158      ; 4.507      ;
; -0.595 ; Multiplicador:MULTIPLICADOR|ACC:acumulador|Saidas[12] ; datamemory:Data_Memory|altsyncram:altsyncram_component|altsyncram_28i1:auto_generated|ram_block1a27~porta_we_reg ; pll|altpll_component|auto_generated|pll1|clk[0] ; pll|altpll_component|auto_generated|pll1|clk[1] ; 3.692        ; 0.152      ; 4.478      ;
; -0.575 ; Multiplicador:MULTIPLICADOR|ACC:acumulador|Saidas[17] ; datamemory:Data_Memory|altsyncram:altsyncram_component|altsyncram_28i1:auto_generated|ram_block1a0~porta_we_reg  ; pll|altpll_component|auto_generated|pll1|clk[0] ; pll|altpll_component|auto_generated|pll1|clk[1] ; 3.692        ; 0.153      ; 4.459      ;
; -0.560 ; Multiplicador:MULTIPLICADOR|ACC:acumulador|Saidas[8]  ; register:CTRL3|out[25]                                                                                           ; pll|altpll_component|auto_generated|pll1|clk[0] ; pll|altpll_component|auto_generated|pll1|clk[1] ; 3.692        ; -0.207     ; 4.043      ;
; -0.553 ; Multiplicador:MULTIPLICADOR|ACC:acumulador|Saidas[18] ; datamemory:Data_Memory|altsyncram:altsyncram_component|altsyncram_28i1:auto_generated|ram_block1a0~porta_we_reg  ; pll|altpll_component|auto_generated|pll1|clk[0] ; pll|altpll_component|auto_generated|pll1|clk[1] ; 3.692        ; 0.153      ; 4.437      ;
; -0.518 ; Multiplicador:MULTIPLICADOR|ACC:acumulador|Saidas[25] ; register:CTRL3|out[25]                                                                                           ; pll|altpll_component|auto_generated|pll1|clk[0] ; pll|altpll_component|auto_generated|pll1|clk[1] ; 3.692        ; -0.211     ; 3.997      ;
; -0.442 ; Multiplicador:MULTIPLICADOR|ACC:acumulador|Saidas[10] ; datamemory:Data_Memory|altsyncram:altsyncram_component|altsyncram_28i1:auto_generated|ram_block1a9~porta_we_reg  ; pll|altpll_component|auto_generated|pll1|clk[0] ; pll|altpll_component|auto_generated|pll1|clk[1] ; 3.692        ; 0.154      ; 4.327      ;
; -0.395 ; Multiplicador:MULTIPLICADOR|ACC:acumulador|Saidas[11] ; datamemory:Data_Memory|altsyncram:altsyncram_component|altsyncram_28i1:auto_generated|ram_block1a9~porta_we_reg  ; pll|altpll_component|auto_generated|pll1|clk[0] ; pll|altpll_component|auto_generated|pll1|clk[1] ; 3.692        ; 0.155      ; 4.281      ;
; -0.356 ; Multiplicador:MULTIPLICADOR|ACC:acumulador|Saidas[26] ; register:CTRL3|out[25]                                                                                           ; pll|altpll_component|auto_generated|pll1|clk[0] ; pll|altpll_component|auto_generated|pll1|clk[1] ; 3.692        ; -0.211     ; 3.835      ;
; -0.351 ; Multiplicador:MULTIPLICADOR|ACC:acumulador|Saidas[12] ; datamemory:Data_Memory|altsyncram:altsyncram_component|altsyncram_28i1:auto_generated|ram_block1a9~porta_we_reg  ; pll|altpll_component|auto_generated|pll1|clk[0] ; pll|altpll_component|auto_generated|pll1|clk[1] ; 3.692        ; 0.155      ; 4.237      ;
+--------+-------------------------------------------------------+------------------------------------------------------------------------------------------------------------------+-------------------------------------------------+-------------------------------------------------+--------------+------------+------------+


+---------------------------------------------------------------------------------------------------------------------------------------------------------------------------------------------------------------------------------------------------------------------+
; Slow 1200mV 100C Model Setup: 'pll|altpll_component|auto_generated|pll1|clk[0]'                                                                                                                                                                                     ;
+--------+-------------------------------------------------------+-------------------------------------------------------+-------------------------------------------------+-------------------------------------------------+--------------+------------+------------+
; Slack  ; From Node                                             ; To Node                                               ; Launch Clock                                    ; Latch Clock                                     ; Relationship ; Clock Skew ; Data Delay ;
+--------+-------------------------------------------------------+-------------------------------------------------------+-------------------------------------------------+-------------------------------------------------+--------------+------------+------------+
; -0.065 ; registerfile:Register_File|outB[2]                    ; Multiplicador:MULTIPLICADOR|ACC:acumulador|Saidas[29] ; pll|altpll_component|auto_generated|pll1|clk[1] ; pll|altpll_component|auto_generated|pll1|clk[0] ; 3.676        ; -0.212     ; 3.527      ;
; -0.065 ; registerfile:Register_File|outB[1]                    ; Multiplicador:MULTIPLICADOR|ACC:acumulador|Saidas[29] ; pll|altpll_component|auto_generated|pll1|clk[1] ; pll|altpll_component|auto_generated|pll1|clk[0] ; 3.676        ; -0.213     ; 3.526      ;
; -0.045 ; registerfile:Register_File|outB[1]                    ; Multiplicador:MULTIPLICADOR|ACC:acumulador|Saidas[31] ; pll|altpll_component|auto_generated|pll1|clk[1] ; pll|altpll_component|auto_generated|pll1|clk[0] ; 3.676        ; -0.214     ; 3.505      ;
; -0.040 ; registerfile:Register_File|outB[2]                    ; Multiplicador:MULTIPLICADOR|ACC:acumulador|Saidas[31] ; pll|altpll_component|auto_generated|pll1|clk[1] ; pll|altpll_component|auto_generated|pll1|clk[0] ; 3.676        ; -0.213     ; 3.501      ;
; -0.024 ; registerfile:Register_File|outB[0]                    ; Multiplicador:MULTIPLICADOR|ACC:acumulador|Saidas[29] ; pll|altpll_component|auto_generated|pll1|clk[1] ; pll|altpll_component|auto_generated|pll1|clk[0] ; 3.676        ; -0.212     ; 3.486      ;
; 0.001  ; registerfile:Register_File|outB[0]                    ; Multiplicador:MULTIPLICADOR|ACC:acumulador|Saidas[31] ; pll|altpll_component|auto_generated|pll1|clk[1] ; pll|altpll_component|auto_generated|pll1|clk[0] ; 3.676        ; -0.213     ; 3.460      ;
; 0.041  ; registerfile:Register_File|outB[3]                    ; Multiplicador:MULTIPLICADOR|ACC:acumulador|Saidas[29] ; pll|altpll_component|auto_generated|pll1|clk[1] ; pll|altpll_component|auto_generated|pll1|clk[0] ; 3.676        ; -0.213     ; 3.420      ;
; 0.053  ; registerfile:Register_File|outB[4]                    ; Multiplicador:MULTIPLICADOR|ACC:acumulador|Saidas[29] ; pll|altpll_component|auto_generated|pll1|clk[1] ; pll|altpll_component|auto_generated|pll1|clk[0] ; 3.676        ; -0.213     ; 3.408      ;
; 0.061  ; registerfile:Register_File|outB[3]                    ; Multiplicador:MULTIPLICADOR|ACC:acumulador|Saidas[31] ; pll|altpll_component|auto_generated|pll1|clk[1] ; pll|altpll_component|auto_generated|pll1|clk[0] ; 3.676        ; -0.214     ; 3.399      ;
; 0.076  ; registerfile:Register_File|outB[1]                    ; Multiplicador:MULTIPLICADOR|ACC:acumulador|Saidas[26] ; pll|altpll_component|auto_generated|pll1|clk[1] ; pll|altpll_component|auto_generated|pll1|clk[0] ; 3.676        ; -0.215     ; 3.383      ;
; 0.078  ; registerfile:Register_File|outB[4]                    ; Multiplicador:MULTIPLICADOR|ACC:acumulador|Saidas[31] ; pll|altpll_component|auto_generated|pll1|clk[1] ; pll|altpll_component|auto_generated|pll1|clk[0] ; 3.676        ; -0.214     ; 3.382      ;
; 0.080  ; registerfile:Register_File|outB[1]                    ; Multiplicador:MULTIPLICADOR|ACC:acumulador|Saidas[28] ; pll|altpll_component|auto_generated|pll1|clk[1] ; pll|altpll_component|auto_generated|pll1|clk[0] ; 3.676        ; -0.214     ; 3.380      ;
; 0.082  ; register:CTRL1|out[5]                                 ; Multiplicador:MULTIPLICADOR|ACC:acumulador|Saidas[29] ; pll|altpll_component|auto_generated|pll1|clk[1] ; pll|altpll_component|auto_generated|pll1|clk[0] ; 3.676        ; -0.203     ; 3.389      ;
; 0.082  ; register:CTRL1|out[5]                                 ; Multiplicador:MULTIPLICADOR|ACC:acumulador|Saidas[17] ; pll|altpll_component|auto_generated|pll1|clk[1] ; pll|altpll_component|auto_generated|pll1|clk[0] ; 3.676        ; -0.203     ; 3.389      ;
; 0.085  ; Multiplicador:MULTIPLICADOR|ACC:acumulador|Saidas[17] ; Multiplicador:MULTIPLICADOR|ACC:acumulador|Saidas[29] ; pll|altpll_component|auto_generated|pll1|clk[0] ; pll|altpll_component|auto_generated|pll1|clk[0] ; 3.676        ; -0.091     ; 3.498      ;
; 0.097  ; registerfile:Register_File|outB[1]                    ; Multiplicador:MULTIPLICADOR|ACC:acumulador|Saidas[30] ; pll|altpll_component|auto_generated|pll1|clk[1] ; pll|altpll_component|auto_generated|pll1|clk[0] ; 3.676        ; -0.214     ; 3.363      ;
; 0.105  ; Multiplicador:MULTIPLICADOR|ACC:acumulador|Saidas[17] ; Multiplicador:MULTIPLICADOR|ACC:acumulador|Saidas[31] ; pll|altpll_component|auto_generated|pll1|clk[0] ; pll|altpll_component|auto_generated|pll1|clk[0] ; 3.676        ; -0.092     ; 3.477      ;
; 0.116  ; register:CTRL1|out[5]                                 ; Multiplicador:MULTIPLICADOR|ACC:acumulador|Saidas[24] ; pll|altpll_component|auto_generated|pll1|clk[1] ; pll|altpll_component|auto_generated|pll1|clk[0] ; 3.676        ; -0.204     ; 3.354      ;
; 0.116  ; register:CTRL1|out[5]                                 ; Multiplicador:MULTIPLICADOR|ACC:acumulador|Saidas[27] ; pll|altpll_component|auto_generated|pll1|clk[1] ; pll|altpll_component|auto_generated|pll1|clk[0] ; 3.676        ; -0.204     ; 3.354      ;
; 0.116  ; register:CTRL1|out[5]                                 ; Multiplicador:MULTIPLICADOR|ACC:acumulador|Saidas[30] ; pll|altpll_component|auto_generated|pll1|clk[1] ; pll|altpll_component|auto_generated|pll1|clk[0] ; 3.676        ; -0.204     ; 3.354      ;
; 0.116  ; register:CTRL1|out[5]                                 ; Multiplicador:MULTIPLICADOR|ACC:acumulador|Saidas[31] ; pll|altpll_component|auto_generated|pll1|clk[1] ; pll|altpll_component|auto_generated|pll1|clk[0] ; 3.676        ; -0.204     ; 3.354      ;
; 0.116  ; register:CTRL1|out[5]                                 ; Multiplicador:MULTIPLICADOR|ACC:acumulador|Saidas[28] ; pll|altpll_component|auto_generated|pll1|clk[1] ; pll|altpll_component|auto_generated|pll1|clk[0] ; 3.676        ; -0.204     ; 3.354      ;
; 0.146  ; register:CTRL1|out[5]                                 ; Multiplicador:MULTIPLICADOR|ACC:acumulador|Saidas[26] ; pll|altpll_component|auto_generated|pll1|clk[1] ; pll|altpll_component|auto_generated|pll1|clk[0] ; 3.676        ; -0.205     ; 3.323      ;
; 0.146  ; register:CTRL1|out[5]                                 ; Multiplicador:MULTIPLICADOR|ACC:acumulador|Saidas[25] ; pll|altpll_component|auto_generated|pll1|clk[1] ; pll|altpll_component|auto_generated|pll1|clk[0] ; 3.676        ; -0.205     ; 3.323      ;
; 0.182  ; registerfile:Register_File|outB[3]                    ; Multiplicador:MULTIPLICADOR|ACC:acumulador|Saidas[26] ; pll|altpll_component|auto_generated|pll1|clk[1] ; pll|altpll_component|auto_generated|pll1|clk[0] ; 3.676        ; -0.215     ; 3.277      ;
; 0.186  ; registerfile:Register_File|outB[5]                    ; Multiplicador:MULTIPLICADOR|ACC:acumulador|Saidas[29] ; pll|altpll_component|auto_generated|pll1|clk[1] ; pll|altpll_component|auto_generated|pll1|clk[0] ; 3.676        ; -0.212     ; 3.276      ;
; 0.186  ; registerfile:Register_File|outB[3]                    ; Multiplicador:MULTIPLICADOR|ACC:acumulador|Saidas[28] ; pll|altpll_component|auto_generated|pll1|clk[1] ; pll|altpll_component|auto_generated|pll1|clk[0] ; 3.676        ; -0.214     ; 3.274      ;
; 0.193  ; registerfile:Register_File|outB[6]                    ; Multiplicador:MULTIPLICADOR|ACC:acumulador|Saidas[29] ; pll|altpll_component|auto_generated|pll1|clk[1] ; pll|altpll_component|auto_generated|pll1|clk[0] ; 3.676        ; -0.213     ; 3.268      ;
; 0.203  ; registerfile:Register_File|outB[3]                    ; Multiplicador:MULTIPLICADOR|ACC:acumulador|Saidas[30] ; pll|altpll_component|auto_generated|pll1|clk[1] ; pll|altpll_component|auto_generated|pll1|clk[0] ; 3.676        ; -0.214     ; 3.257      ;
; 0.206  ; registerfile:Register_File|outB[5]                    ; Multiplicador:MULTIPLICADOR|ACC:acumulador|Saidas[31] ; pll|altpll_component|auto_generated|pll1|clk[1] ; pll|altpll_component|auto_generated|pll1|clk[0] ; 3.676        ; -0.213     ; 3.255      ;
; 0.214  ; Multiplicador:MULTIPLICADOR|CONTROL:controle|state.S0 ; Multiplicador:MULTIPLICADOR|ACC:acumulador|Saidas[29] ; pll|altpll_component|auto_generated|pll1|clk[0] ; pll|altpll_component|auto_generated|pll1|clk[0] ; 3.676        ; -0.082     ; 3.378      ;
; 0.214  ; Multiplicador:MULTIPLICADOR|CONTROL:controle|state.S0 ; Multiplicador:MULTIPLICADOR|ACC:acumulador|Saidas[17] ; pll|altpll_component|auto_generated|pll1|clk[0] ; pll|altpll_component|auto_generated|pll1|clk[0] ; 3.676        ; -0.082     ; 3.378      ;
; 0.218  ; registerfile:Register_File|outB[6]                    ; Multiplicador:MULTIPLICADOR|ACC:acumulador|Saidas[31] ; pll|altpll_component|auto_generated|pll1|clk[1] ; pll|altpll_component|auto_generated|pll1|clk[0] ; 3.676        ; -0.214     ; 3.242      ;
; 0.226  ; Multiplicador:MULTIPLICADOR|ACC:acumulador|Saidas[17] ; Multiplicador:MULTIPLICADOR|ACC:acumulador|Saidas[26] ; pll|altpll_component|auto_generated|pll1|clk[0] ; pll|altpll_component|auto_generated|pll1|clk[0] ; 3.676        ; -0.093     ; 3.355      ;
; 0.230  ; Multiplicador:MULTIPLICADOR|ACC:acumulador|Saidas[17] ; Multiplicador:MULTIPLICADOR|ACC:acumulador|Saidas[28] ; pll|altpll_component|auto_generated|pll1|clk[0] ; pll|altpll_component|auto_generated|pll1|clk[0] ; 3.676        ; -0.092     ; 3.352      ;
; 0.239  ; registerfile:Register_File|outB[2]                    ; Multiplicador:MULTIPLICADOR|ACC:acumulador|Saidas[28] ; pll|altpll_component|auto_generated|pll1|clk[1] ; pll|altpll_component|auto_generated|pll1|clk[0] ; 3.676        ; -0.213     ; 3.222      ;
; 0.247  ; Multiplicador:MULTIPLICADOR|ACC:acumulador|Saidas[17] ; Multiplicador:MULTIPLICADOR|ACC:acumulador|Saidas[30] ; pll|altpll_component|auto_generated|pll1|clk[0] ; pll|altpll_component|auto_generated|pll1|clk[0] ; 3.676        ; -0.092     ; 3.335      ;
; 0.248  ; Multiplicador:MULTIPLICADOR|CONTROL:controle|state.S0 ; Multiplicador:MULTIPLICADOR|ACC:acumulador|Saidas[27] ; pll|altpll_component|auto_generated|pll1|clk[0] ; pll|altpll_component|auto_generated|pll1|clk[0] ; 3.676        ; -0.083     ; 3.343      ;
; 0.248  ; Multiplicador:MULTIPLICADOR|CONTROL:controle|state.S0 ; Multiplicador:MULTIPLICADOR|ACC:acumulador|Saidas[30] ; pll|altpll_component|auto_generated|pll1|clk[0] ; pll|altpll_component|auto_generated|pll1|clk[0] ; 3.676        ; -0.083     ; 3.343      ;
; 0.248  ; Multiplicador:MULTIPLICADOR|CONTROL:controle|state.S0 ; Multiplicador:MULTIPLICADOR|ACC:acumulador|Saidas[31] ; pll|altpll_component|auto_generated|pll1|clk[0] ; pll|altpll_component|auto_generated|pll1|clk[0] ; 3.676        ; -0.083     ; 3.343      ;
; 0.248  ; Multiplicador:MULTIPLICADOR|CONTROL:controle|state.S0 ; Multiplicador:MULTIPLICADOR|ACC:acumulador|Saidas[28] ; pll|altpll_component|auto_generated|pll1|clk[0] ; pll|altpll_component|auto_generated|pll1|clk[0] ; 3.676        ; -0.083     ; 3.343      ;
; 0.248  ; Multiplicador:MULTIPLICADOR|CONTROL:controle|state.S0 ; Multiplicador:MULTIPLICADOR|ACC:acumulador|Saidas[24] ; pll|altpll_component|auto_generated|pll1|clk[0] ; pll|altpll_component|auto_generated|pll1|clk[0] ; 3.676        ; -0.083     ; 3.343      ;
; 0.250  ; registerfile:Register_File|outB[2]                    ; Multiplicador:MULTIPLICADOR|ACC:acumulador|Saidas[26] ; pll|altpll_component|auto_generated|pll1|clk[1] ; pll|altpll_component|auto_generated|pll1|clk[0] ; 3.676        ; -0.214     ; 3.210      ;
; 0.268  ; registerfile:Register_File|outB[2]                    ; Multiplicador:MULTIPLICADOR|ACC:acumulador|Saidas[30] ; pll|altpll_component|auto_generated|pll1|clk[1] ; pll|altpll_component|auto_generated|pll1|clk[0] ; 3.676        ; -0.213     ; 3.193      ;
; 0.270  ; registerfile:Register_File|outB[12]                   ; Multiplicador:MULTIPLICADOR|ACC:acumulador|Saidas[29] ; pll|altpll_component|auto_generated|pll1|clk[1] ; pll|altpll_component|auto_generated|pll1|clk[0] ; 3.676        ; -0.209     ; 3.195      ;
; 0.278  ; Multiplicador:MULTIPLICADOR|CONTROL:controle|state.S0 ; Multiplicador:MULTIPLICADOR|ACC:acumulador|Saidas[26] ; pll|altpll_component|auto_generated|pll1|clk[0] ; pll|altpll_component|auto_generated|pll1|clk[0] ; 3.676        ; -0.084     ; 3.312      ;
; 0.278  ; Multiplicador:MULTIPLICADOR|CONTROL:controle|state.S0 ; Multiplicador:MULTIPLICADOR|ACC:acumulador|Saidas[25] ; pll|altpll_component|auto_generated|pll1|clk[0] ; pll|altpll_component|auto_generated|pll1|clk[0] ; 3.676        ; -0.084     ; 3.312      ;
; 0.280  ; registerfile:Register_File|outB[0]                    ; Multiplicador:MULTIPLICADOR|ACC:acumulador|Saidas[28] ; pll|altpll_component|auto_generated|pll1|clk[1] ; pll|altpll_component|auto_generated|pll1|clk[0] ; 3.676        ; -0.213     ; 3.181      ;
; 0.291  ; registerfile:Register_File|outB[0]                    ; Multiplicador:MULTIPLICADOR|ACC:acumulador|Saidas[26] ; pll|altpll_component|auto_generated|pll1|clk[1] ; pll|altpll_component|auto_generated|pll1|clk[0] ; 3.676        ; -0.214     ; 3.169      ;
; 0.295  ; registerfile:Register_File|outB[12]                   ; Multiplicador:MULTIPLICADOR|ACC:acumulador|Saidas[31] ; pll|altpll_component|auto_generated|pll1|clk[1] ; pll|altpll_component|auto_generated|pll1|clk[0] ; 3.676        ; -0.210     ; 3.169      ;
; 0.309  ; registerfile:Register_File|outB[0]                    ; Multiplicador:MULTIPLICADOR|ACC:acumulador|Saidas[30] ; pll|altpll_component|auto_generated|pll1|clk[1] ; pll|altpll_component|auto_generated|pll1|clk[0] ; 3.676        ; -0.213     ; 3.152      ;
; 0.316  ; Multiplicador:MULTIPLICADOR|ACC:acumulador|Saidas[16] ; Multiplicador:MULTIPLICADOR|ACC:acumulador|Saidas[29] ; pll|altpll_component|auto_generated|pll1|clk[0] ; pll|altpll_component|auto_generated|pll1|clk[0] ; 3.676        ; -0.092     ; 3.266      ;
; 0.327  ; registerfile:Register_File|outB[5]                    ; Multiplicador:MULTIPLICADOR|ACC:acumulador|Saidas[26] ; pll|altpll_component|auto_generated|pll1|clk[1] ; pll|altpll_component|auto_generated|pll1|clk[0] ; 3.676        ; -0.214     ; 3.133      ;
; 0.331  ; registerfile:Register_File|outB[5]                    ; Multiplicador:MULTIPLICADOR|ACC:acumulador|Saidas[28] ; pll|altpll_component|auto_generated|pll1|clk[1] ; pll|altpll_component|auto_generated|pll1|clk[0] ; 3.676        ; -0.213     ; 3.130      ;
; 0.334  ; registerfile:Register_File|outB[7]                    ; Multiplicador:MULTIPLICADOR|ACC:acumulador|Saidas[29] ; pll|altpll_component|auto_generated|pll1|clk[1] ; pll|altpll_component|auto_generated|pll1|clk[0] ; 3.676        ; -0.213     ; 3.127      ;
; 0.339  ; registerfile:Register_File|outB[2]                    ; Multiplicador:MULTIPLICADOR|ACC:acumulador|Saidas[25] ; pll|altpll_component|auto_generated|pll1|clk[1] ; pll|altpll_component|auto_generated|pll1|clk[0] ; 3.676        ; -0.214     ; 3.121      ;
; 0.341  ; Multiplicador:MULTIPLICADOR|ACC:acumulador|Saidas[16] ; Multiplicador:MULTIPLICADOR|ACC:acumulador|Saidas[31] ; pll|altpll_component|auto_generated|pll1|clk[0] ; pll|altpll_component|auto_generated|pll1|clk[0] ; 3.676        ; -0.093     ; 3.240      ;
; 0.344  ; registerfile:Register_File|outB[8]                    ; Multiplicador:MULTIPLICADOR|ACC:acumulador|Saidas[29] ; pll|altpll_component|auto_generated|pll1|clk[1] ; pll|altpll_component|auto_generated|pll1|clk[0] ; 3.676        ; -0.211     ; 3.119      ;
; 0.348  ; registerfile:Register_File|outB[5]                    ; Multiplicador:MULTIPLICADOR|ACC:acumulador|Saidas[30] ; pll|altpll_component|auto_generated|pll1|clk[1] ; pll|altpll_component|auto_generated|pll1|clk[0] ; 3.676        ; -0.213     ; 3.113      ;
; 0.354  ; registerfile:Register_File|outB[7]                    ; Multiplicador:MULTIPLICADOR|ACC:acumulador|Saidas[31] ; pll|altpll_component|auto_generated|pll1|clk[1] ; pll|altpll_component|auto_generated|pll1|clk[0] ; 3.676        ; -0.214     ; 3.106      ;
; 0.356  ; registerfile:Register_File|outB[1]                    ; Multiplicador:MULTIPLICADOR|ACC:acumulador|Saidas[32] ; pll|altpll_component|auto_generated|pll1|clk[1] ; pll|altpll_component|auto_generated|pll1|clk[0] ; 3.676        ; 0.167      ; 3.485      ;
; 0.357  ; registerfile:Register_File|outB[4]                    ; Multiplicador:MULTIPLICADOR|ACC:acumulador|Saidas[28] ; pll|altpll_component|auto_generated|pll1|clk[1] ; pll|altpll_component|auto_generated|pll1|clk[0] ; 3.676        ; -0.214     ; 3.103      ;
; 0.368  ; registerfile:Register_File|outB[4]                    ; Multiplicador:MULTIPLICADOR|ACC:acumulador|Saidas[26] ; pll|altpll_component|auto_generated|pll1|clk[1] ; pll|altpll_component|auto_generated|pll1|clk[0] ; 3.676        ; -0.215     ; 3.091      ;
; 0.369  ; registerfile:Register_File|outB[1]                    ; Multiplicador:MULTIPLICADOR|ACC:acumulador|Saidas[25] ; pll|altpll_component|auto_generated|pll1|clk[1] ; pll|altpll_component|auto_generated|pll1|clk[0] ; 3.676        ; -0.215     ; 3.090      ;
; 0.369  ; registerfile:Register_File|outB[8]                    ; Multiplicador:MULTIPLICADOR|ACC:acumulador|Saidas[31] ; pll|altpll_component|auto_generated|pll1|clk[1] ; pll|altpll_component|auto_generated|pll1|clk[0] ; 3.676        ; -0.212     ; 3.093      ;
; 0.379  ; registerfile:Register_File|outB[2]                    ; Multiplicador:MULTIPLICADOR|ACC:acumulador|Saidas[27] ; pll|altpll_component|auto_generated|pll1|clk[1] ; pll|altpll_component|auto_generated|pll1|clk[0] ; 3.676        ; -0.213     ; 3.082      ;
; 0.380  ; registerfile:Register_File|outB[11]                   ; Multiplicador:MULTIPLICADOR|ACC:acumulador|Saidas[29] ; pll|altpll_component|auto_generated|pll1|clk[1] ; pll|altpll_component|auto_generated|pll1|clk[0] ; 3.676        ; -0.210     ; 3.084      ;
; 0.380  ; registerfile:Register_File|outB[0]                    ; Multiplicador:MULTIPLICADOR|ACC:acumulador|Saidas[25] ; pll|altpll_component|auto_generated|pll1|clk[1] ; pll|altpll_component|auto_generated|pll1|clk[0] ; 3.676        ; -0.214     ; 3.080      ;
; 0.386  ; registerfile:Register_File|outB[1]                    ; Multiplicador:MULTIPLICADOR|ACC:acumulador|Saidas[27] ; pll|altpll_component|auto_generated|pll1|clk[1] ; pll|altpll_component|auto_generated|pll1|clk[0] ; 3.676        ; -0.214     ; 3.074      ;
; 0.386  ; registerfile:Register_File|outB[4]                    ; Multiplicador:MULTIPLICADOR|ACC:acumulador|Saidas[30] ; pll|altpll_component|auto_generated|pll1|clk[1] ; pll|altpll_component|auto_generated|pll1|clk[0] ; 3.676        ; -0.214     ; 3.074      ;
; 0.400  ; registerfile:Register_File|outB[11]                   ; Multiplicador:MULTIPLICADOR|ACC:acumulador|Saidas[31] ; pll|altpll_component|auto_generated|pll1|clk[1] ; pll|altpll_component|auto_generated|pll1|clk[0] ; 3.676        ; -0.211     ; 3.063      ;
; 0.405  ; registerfile:Register_File|outB[14]                   ; Multiplicador:MULTIPLICADOR|ACC:acumulador|Saidas[31] ; pll|altpll_component|auto_generated|pll1|clk[1] ; pll|altpll_component|auto_generated|pll1|clk[0] ; 3.676        ; -0.205     ; 3.064      ;
; 0.406  ; register:CTRL1|out[5]                                 ; Multiplicador:MULTIPLICADOR|ACC:acumulador|Saidas[16] ; pll|altpll_component|auto_generated|pll1|clk[1] ; pll|altpll_component|auto_generated|pll1|clk[0] ; 3.676        ; -0.202     ; 3.066      ;
; 0.414  ; Multiplicador:MULTIPLICADOR|CONTROL:controle|state.S2 ; Multiplicador:MULTIPLICADOR|ACC:acumulador|Saidas[29] ; pll|altpll_component|auto_generated|pll1|clk[0] ; pll|altpll_component|auto_generated|pll1|clk[0] ; 3.676        ; -0.082     ; 3.178      ;
; 0.414  ; Multiplicador:MULTIPLICADOR|CONTROL:controle|state.S2 ; Multiplicador:MULTIPLICADOR|ACC:acumulador|Saidas[17] ; pll|altpll_component|auto_generated|pll1|clk[0] ; pll|altpll_component|auto_generated|pll1|clk[0] ; 3.676        ; -0.082     ; 3.178      ;
; 0.420  ; registerfile:Register_File|outB[0]                    ; Multiplicador:MULTIPLICADOR|ACC:acumulador|Saidas[27] ; pll|altpll_component|auto_generated|pll1|clk[1] ; pll|altpll_component|auto_generated|pll1|clk[0] ; 3.676        ; -0.213     ; 3.041      ;
; 0.432  ; registerfile:Register_File|outB[1]                    ; Multiplicador:MULTIPLICADOR|ACC:acumulador|Saidas[20] ; pll|altpll_component|auto_generated|pll1|clk[1] ; pll|altpll_component|auto_generated|pll1|clk[0] ; 3.676        ; -0.213     ; 3.029      ;
; 0.437  ; register:CTRL1|out[5]                                 ; Multiplicador:MULTIPLICADOR|ACC:acumulador|Saidas[23] ; pll|altpll_component|auto_generated|pll1|clk[1] ; pll|altpll_component|auto_generated|pll1|clk[0] ; 3.676        ; -0.203     ; 3.034      ;
; 0.437  ; register:CTRL1|out[5]                                 ; Multiplicador:MULTIPLICADOR|ACC:acumulador|Saidas[22] ; pll|altpll_component|auto_generated|pll1|clk[1] ; pll|altpll_component|auto_generated|pll1|clk[0] ; 3.676        ; -0.203     ; 3.034      ;
; 0.437  ; register:CTRL1|out[5]                                 ; Multiplicador:MULTIPLICADOR|ACC:acumulador|Saidas[21] ; pll|altpll_component|auto_generated|pll1|clk[1] ; pll|altpll_component|auto_generated|pll1|clk[0] ; 3.676        ; -0.203     ; 3.034      ;
; 0.437  ; register:CTRL1|out[5]                                 ; Multiplicador:MULTIPLICADOR|ACC:acumulador|Saidas[19] ; pll|altpll_component|auto_generated|pll1|clk[1] ; pll|altpll_component|auto_generated|pll1|clk[0] ; 3.676        ; -0.203     ; 3.034      ;
; 0.437  ; register:CTRL1|out[5]                                 ; Multiplicador:MULTIPLICADOR|ACC:acumulador|Saidas[20] ; pll|altpll_component|auto_generated|pll1|clk[1] ; pll|altpll_component|auto_generated|pll1|clk[0] ; 3.676        ; -0.203     ; 3.034      ;
; 0.437  ; register:CTRL1|out[5]                                 ; Multiplicador:MULTIPLICADOR|ACC:acumulador|Saidas[18] ; pll|altpll_component|auto_generated|pll1|clk[1] ; pll|altpll_component|auto_generated|pll1|clk[0] ; 3.676        ; -0.203     ; 3.034      ;
; 0.445  ; registerfile:Register_File|outB[13]                   ; Multiplicador:MULTIPLICADOR|ACC:acumulador|Saidas[31] ; pll|altpll_component|auto_generated|pll1|clk[1] ; pll|altpll_component|auto_generated|pll1|clk[0] ; 3.676        ; -0.210     ; 3.019      ;
; 0.449  ; registerfile:Register_File|outB[0]                    ; Multiplicador:MULTIPLICADOR|ACC:acumulador|Saidas[17] ; pll|altpll_component|auto_generated|pll1|clk[1] ; pll|altpll_component|auto_generated|pll1|clk[0] ; 3.676        ; -0.212     ; 3.013      ;
; 0.454  ; Multiplicador:MULTIPLICADOR|CONTROL:controle|state.S2 ; Multiplicador:MULTIPLICADOR|ACC:acumulador|Saidas[27] ; pll|altpll_component|auto_generated|pll1|clk[0] ; pll|altpll_component|auto_generated|pll1|clk[0] ; 3.676        ; -0.083     ; 3.137      ;
; 0.454  ; Multiplicador:MULTIPLICADOR|CONTROL:controle|state.S2 ; Multiplicador:MULTIPLICADOR|ACC:acumulador|Saidas[30] ; pll|altpll_component|auto_generated|pll1|clk[0] ; pll|altpll_component|auto_generated|pll1|clk[0] ; 3.676        ; -0.083     ; 3.137      ;
; 0.454  ; Multiplicador:MULTIPLICADOR|CONTROL:controle|state.S2 ; Multiplicador:MULTIPLICADOR|ACC:acumulador|Saidas[31] ; pll|altpll_component|auto_generated|pll1|clk[0] ; pll|altpll_component|auto_generated|pll1|clk[0] ; 3.676        ; -0.083     ; 3.137      ;
; 0.454  ; Multiplicador:MULTIPLICADOR|CONTROL:controle|state.S2 ; Multiplicador:MULTIPLICADOR|ACC:acumulador|Saidas[28] ; pll|altpll_component|auto_generated|pll1|clk[0] ; pll|altpll_component|auto_generated|pll1|clk[0] ; 3.676        ; -0.083     ; 3.137      ;
; 0.454  ; Multiplicador:MULTIPLICADOR|CONTROL:controle|state.S2 ; Multiplicador:MULTIPLICADOR|ACC:acumulador|Saidas[24] ; pll|altpll_component|auto_generated|pll1|clk[0] ; pll|altpll_component|auto_generated|pll1|clk[0] ; 3.676        ; -0.083     ; 3.137      ;
; 0.457  ; registerfile:Register_File|outB[4]                    ; Multiplicador:MULTIPLICADOR|ACC:acumulador|Saidas[25] ; pll|altpll_component|auto_generated|pll1|clk[1] ; pll|altpll_component|auto_generated|pll1|clk[0] ; 3.676        ; -0.215     ; 3.002      ;
; 0.461  ; registerfile:Register_File|outB[9]                    ; Multiplicador:MULTIPLICADOR|ACC:acumulador|Saidas[29] ; pll|altpll_component|auto_generated|pll1|clk[1] ; pll|altpll_component|auto_generated|pll1|clk[0] ; 3.676        ; -0.212     ; 3.001      ;
; 0.462  ; registerfile:Register_File|outB[3]                    ; Multiplicador:MULTIPLICADOR|ACC:acumulador|Saidas[32] ; pll|altpll_component|auto_generated|pll1|clk[1] ; pll|altpll_component|auto_generated|pll1|clk[0] ; 3.676        ; 0.167      ; 3.379      ;
; 0.475  ; registerfile:Register_File|outB[7]                    ; Multiplicador:MULTIPLICADOR|ACC:acumulador|Saidas[26] ; pll|altpll_component|auto_generated|pll1|clk[1] ; pll|altpll_component|auto_generated|pll1|clk[0] ; 3.676        ; -0.215     ; 2.984      ;
; 0.475  ; registerfile:Register_File|outB[3]                    ; Multiplicador:MULTIPLICADOR|ACC:acumulador|Saidas[25] ; pll|altpll_component|auto_generated|pll1|clk[1] ; pll|altpll_component|auto_generated|pll1|clk[0] ; 3.676        ; -0.215     ; 2.984      ;
; 0.479  ; register:CTRL1|out[5]                                 ; Multiplicador:MULTIPLICADOR|ACC:acumulador|Saidas[10] ; pll|altpll_component|auto_generated|pll1|clk[1] ; pll|altpll_component|auto_generated|pll1|clk[0] ; 3.676        ; -0.206     ; 2.989      ;
; 0.479  ; registerfile:Register_File|outB[7]                    ; Multiplicador:MULTIPLICADOR|ACC:acumulador|Saidas[28] ; pll|altpll_component|auto_generated|pll1|clk[1] ; pll|altpll_component|auto_generated|pll1|clk[0] ; 3.676        ; -0.214     ; 2.981      ;
; 0.481  ; registerfile:Register_File|outB[9]                    ; Multiplicador:MULTIPLICADOR|ACC:acumulador|Saidas[31] ; pll|altpll_component|auto_generated|pll1|clk[1] ; pll|altpll_component|auto_generated|pll1|clk[0] ; 3.676        ; -0.213     ; 2.980      ;
; 0.488  ; Multiplicador:MULTIPLICADOR|CONTROL:controle|state.S2 ; Multiplicador:MULTIPLICADOR|ACC:acumulador|Saidas[26] ; pll|altpll_component|auto_generated|pll1|clk[0] ; pll|altpll_component|auto_generated|pll1|clk[0] ; 3.676        ; -0.084     ; 3.102      ;
; 0.488  ; Multiplicador:MULTIPLICADOR|CONTROL:controle|state.S2 ; Multiplicador:MULTIPLICADOR|ACC:acumulador|Saidas[25] ; pll|altpll_component|auto_generated|pll1|clk[0] ; pll|altpll_component|auto_generated|pll1|clk[0] ; 3.676        ; -0.084     ; 3.102      ;
+--------+-------------------------------------------------------+-------------------------------------------------------+-------------------------------------------------+-------------------------------------------------+--------------+------------+------------+


+------------------------------------------------------------------------------------------------------------------------------------------------------------------------------------------------------------------------------------------------------------------------+
; Slow 1200mV 100C Model Hold: 'pll|altpll_component|auto_generated|pll1|clk[0]'                                                                                                                                                                                         ;
+-------+---------------------------------------------------------+---------------------------------------------------------+-------------------------------------------------+-------------------------------------------------+--------------+------------+------------+
; Slack ; From Node                                               ; To Node                                                 ; Launch Clock                                    ; Latch Clock                                     ; Relationship ; Clock Skew ; Data Delay ;
+-------+---------------------------------------------------------+---------------------------------------------------------+-------------------------------------------------+-------------------------------------------------+--------------+------------+------------+
; 0.380 ; Multiplicador:MULTIPLICADOR|ACC:acumulador|Saidas[32]   ; Multiplicador:MULTIPLICADOR|ACC:acumulador|Saidas[32]   ; pll|altpll_component|auto_generated|pll1|clk[0] ; pll|altpll_component|auto_generated|pll1|clk[0] ; 0.000        ; 0.108      ; 0.674      ;
; 0.396 ; Multiplicador:MULTIPLICADOR|CONTROL:controle|state.S0   ; Multiplicador:MULTIPLICADOR|CONTROL:controle|state.S0   ; pll|altpll_component|auto_generated|pll1|clk[0] ; pll|altpll_component|auto_generated|pll1|clk[0] ; 0.000        ; 0.092      ; 0.674      ;
; 0.397 ; Multiplicador:MULTIPLICADOR|Counter:Contador|K          ; Multiplicador:MULTIPLICADOR|Counter:Contador|K          ; pll|altpll_component|auto_generated|pll1|clk[0] ; pll|altpll_component|auto_generated|pll1|clk[0] ; 0.000        ; 0.091      ; 0.674      ;
; 0.397 ; Multiplicador:MULTIPLICADOR|Counter:Contador|aux_load   ; Multiplicador:MULTIPLICADOR|Counter:Contador|aux_load   ; pll|altpll_component|auto_generated|pll1|clk[0] ; pll|altpll_component|auto_generated|pll1|clk[0] ; 0.000        ; 0.091      ; 0.674      ;
; 0.411 ; Multiplicador:MULTIPLICADOR|CONTROL:controle|state.S3   ; Multiplicador:MULTIPLICADOR|CONTROL:controle|state.S0   ; pll|altpll_component|auto_generated|pll1|clk[0] ; pll|altpll_component|auto_generated|pll1|clk[0] ; 0.000        ; 0.092      ; 0.689      ;
; 0.423 ; Multiplicador:MULTIPLICADOR|ACC:acumulador|Saidas[6]    ; Multiplicador:MULTIPLICADOR|ACC:acumulador|Saidas[5]    ; pll|altpll_component|auto_generated|pll1|clk[0] ; pll|altpll_component|auto_generated|pll1|clk[0] ; 0.000        ; 0.092      ; 0.701      ;
; 0.425 ; Multiplicador:MULTIPLICADOR|Counter:Contador|counter[5] ; Multiplicador:MULTIPLICADOR|Counter:Contador|counter[5] ; pll|altpll_component|auto_generated|pll1|clk[0] ; pll|altpll_component|auto_generated|pll1|clk[0] ; 0.000        ; 0.091      ; 0.702      ;
; 0.454 ; Multiplicador:MULTIPLICADOR|Counter:Contador|counter[1] ; Multiplicador:MULTIPLICADOR|Counter:Contador|counter[0] ; pll|altpll_component|auto_generated|pll1|clk[0] ; pll|altpll_component|auto_generated|pll1|clk[0] ; 0.000        ; 0.091      ; 0.731      ;
; 0.573 ; Multiplicador:MULTIPLICADOR|ACC:acumulador|Saidas[15]   ; Multiplicador:MULTIPLICADOR|ACC:acumulador|Saidas[14]   ; pll|altpll_component|auto_generated|pll1|clk[0] ; pll|altpll_component|auto_generated|pll1|clk[0] ; 0.000        ; 0.092      ; 0.851      ;
; 0.577 ; Multiplicador:MULTIPLICADOR|Counter:Contador|K          ; Multiplicador:MULTIPLICADOR|CONTROL:controle|state.S1   ; pll|altpll_component|auto_generated|pll1|clk[0] ; pll|altpll_component|auto_generated|pll1|clk[0] ; 0.000        ; 0.093      ; 0.856      ;
; 0.580 ; Multiplicador:MULTIPLICADOR|ACC:acumulador|Saidas[31]   ; Multiplicador:MULTIPLICADOR|ACC:acumulador|Saidas[30]   ; pll|altpll_component|auto_generated|pll1|clk[0] ; pll|altpll_component|auto_generated|pll1|clk[0] ; 0.000        ; 0.091      ; 0.857      ;
; 0.585 ; Multiplicador:MULTIPLICADOR|Counter:Contador|K          ; Multiplicador:MULTIPLICADOR|CONTROL:controle|state.S3   ; pll|altpll_component|auto_generated|pll1|clk[0] ; pll|altpll_component|auto_generated|pll1|clk[0] ; 0.000        ; 0.093      ; 0.864      ;
; 0.588 ; Multiplicador:MULTIPLICADOR|CONTROL:controle|state.S2   ; Multiplicador:MULTIPLICADOR|CONTROL:controle|state.S3   ; pll|altpll_component|auto_generated|pll1|clk[0] ; pll|altpll_component|auto_generated|pll1|clk[0] ; 0.000        ; 0.092      ; 0.866      ;
; 0.589 ; Multiplicador:MULTIPLICADOR|CONTROL:controle|state.S2   ; Multiplicador:MULTIPLICADOR|CONTROL:controle|state.S1   ; pll|altpll_component|auto_generated|pll1|clk[0] ; pll|altpll_component|auto_generated|pll1|clk[0] ; 0.000        ; 0.092      ; 0.867      ;
; 0.590 ; Multiplicador:MULTIPLICADOR|ACC:acumulador|Saidas[8]    ; Multiplicador:MULTIPLICADOR|ACC:acumulador|Saidas[7]    ; pll|altpll_component|auto_generated|pll1|clk[0] ; pll|altpll_component|auto_generated|pll1|clk[0] ; 0.000        ; 0.092      ; 0.868      ;
; 0.594 ; Multiplicador:MULTIPLICADOR|ACC:acumulador|Saidas[23]   ; Multiplicador:MULTIPLICADOR|ACC:acumulador|Saidas[22]   ; pll|altpll_component|auto_generated|pll1|clk[0] ; pll|altpll_component|auto_generated|pll1|clk[0] ; 0.000        ; 0.091      ; 0.871      ;
; 0.625 ; Multiplicador:MULTIPLICADOR|CONTROL:controle|state.S1   ; Multiplicador:MULTIPLICADOR|CONTROL:controle|state.S2   ; pll|altpll_component|auto_generated|pll1|clk[0] ; pll|altpll_component|auto_generated|pll1|clk[0] ; 0.000        ; 0.092      ; 0.903      ;
; 0.644 ; Multiplicador:MULTIPLICADOR|ACC:acumulador|Saidas[5]    ; Multiplicador:MULTIPLICADOR|ACC:acumulador|Saidas[4]    ; pll|altpll_component|auto_generated|pll1|clk[0] ; pll|altpll_component|auto_generated|pll1|clk[0] ; 0.000        ; 0.092      ; 0.922      ;
; 0.646 ; Multiplicador:MULTIPLICADOR|ACC:acumulador|Saidas[12]   ; Multiplicador:MULTIPLICADOR|ACC:acumulador|Saidas[11]   ; pll|altpll_component|auto_generated|pll1|clk[0] ; pll|altpll_component|auto_generated|pll1|clk[0] ; 0.000        ; 0.092      ; 0.924      ;
; 0.678 ; Multiplicador:MULTIPLICADOR|Counter:Contador|aux_load   ; Multiplicador:MULTIPLICADOR|Counter:Contador|K          ; pll|altpll_component|auto_generated|pll1|clk[0] ; pll|altpll_component|auto_generated|pll1|clk[0] ; 0.000        ; 0.091      ; 0.955      ;
; 0.679 ; Multiplicador:MULTIPLICADOR|ACC:acumulador|Saidas[26]   ; Multiplicador:MULTIPLICADOR|ACC:acumulador|Saidas[25]   ; pll|altpll_component|auto_generated|pll1|clk[0] ; pll|altpll_component|auto_generated|pll1|clk[0] ; 0.000        ; 0.092      ; 0.957      ;
; 0.681 ; Multiplicador:MULTIPLICADOR|ACC:acumulador|Saidas[20]   ; Multiplicador:MULTIPLICADOR|ACC:acumulador|Saidas[19]   ; pll|altpll_component|auto_generated|pll1|clk[0] ; pll|altpll_component|auto_generated|pll1|clk[0] ; 0.000        ; 0.091      ; 0.958      ;
; 0.682 ; Multiplicador:MULTIPLICADOR|ACC:acumulador|Saidas[22]   ; Multiplicador:MULTIPLICADOR|ACC:acumulador|Saidas[21]   ; pll|altpll_component|auto_generated|pll1|clk[0] ; pll|altpll_component|auto_generated|pll1|clk[0] ; 0.000        ; 0.091      ; 0.959      ;
; 0.696 ; Multiplicador:MULTIPLICADOR|Counter:Contador|counter[1] ; Multiplicador:MULTIPLICADOR|Counter:Contador|aux_load   ; pll|altpll_component|auto_generated|pll1|clk[0] ; pll|altpll_component|auto_generated|pll1|clk[0] ; 0.000        ; 0.091      ; 0.973      ;
; 0.712 ; Multiplicador:MULTIPLICADOR|ACC:acumulador|Saidas[21]   ; Multiplicador:MULTIPLICADOR|ACC:acumulador|Saidas[20]   ; pll|altpll_component|auto_generated|pll1|clk[0] ; pll|altpll_component|auto_generated|pll1|clk[0] ; 0.000        ; 0.091      ; 0.989      ;
; 0.719 ; Multiplicador:MULTIPLICADOR|CONTROL:controle|state.S0   ; Multiplicador:MULTIPLICADOR|CONTROL:controle|state.S1   ; pll|altpll_component|auto_generated|pll1|clk[0] ; pll|altpll_component|auto_generated|pll1|clk[0] ; 0.000        ; 0.092      ; 0.997      ;
; 0.746 ; Multiplicador:MULTIPLICADOR|ACC:acumulador|Saidas[25]   ; Multiplicador:MULTIPLICADOR|ACC:acumulador|Saidas[24]   ; pll|altpll_component|auto_generated|pll1|clk[0] ; pll|altpll_component|auto_generated|pll1|clk[0] ; 0.000        ; 0.092      ; 1.024      ;
; 0.748 ; Multiplicador:MULTIPLICADOR|ACC:acumulador|Saidas[19]   ; Multiplicador:MULTIPLICADOR|ACC:acumulador|Saidas[18]   ; pll|altpll_component|auto_generated|pll1|clk[0] ; pll|altpll_component|auto_generated|pll1|clk[0] ; 0.000        ; 0.091      ; 1.025      ;
; 0.792 ; Multiplicador:MULTIPLICADOR|Counter:Contador|counter[5] ; Multiplicador:MULTIPLICADOR|Counter:Contador|aux_load   ; pll|altpll_component|auto_generated|pll1|clk[0] ; pll|altpll_component|auto_generated|pll1|clk[0] ; 0.000        ; 0.091      ; 1.069      ;
; 0.797 ; Multiplicador:MULTIPLICADOR|ACC:acumulador|Saidas[29]   ; Multiplicador:MULTIPLICADOR|ACC:acumulador|Saidas[28]   ; pll|altpll_component|auto_generated|pll1|clk[0] ; pll|altpll_component|auto_generated|pll1|clk[0] ; 0.000        ; 0.090      ; 1.073      ;
; 0.845 ; Multiplicador:MULTIPLICADOR|ACC:acumulador|Saidas[9]    ; Multiplicador:MULTIPLICADOR|ACC:acumulador|Saidas[8]    ; pll|altpll_component|auto_generated|pll1|clk[0] ; pll|altpll_component|auto_generated|pll1|clk[0] ; 0.000        ; 0.092      ; 1.123      ;
; 0.861 ; Multiplicador:MULTIPLICADOR|CONTROL:controle|state.S0   ; Multiplicador:MULTIPLICADOR|ACC:acumulador|Saidas[4]    ; pll|altpll_component|auto_generated|pll1|clk[0] ; pll|altpll_component|auto_generated|pll1|clk[0] ; 0.000        ; 0.097      ; 1.144      ;
; 0.879 ; Multiplicador:MULTIPLICADOR|ACC:acumulador|Saidas[30]   ; Multiplicador:MULTIPLICADOR|ACC:acumulador|Saidas[29]   ; pll|altpll_component|auto_generated|pll1|clk[0] ; pll|altpll_component|auto_generated|pll1|clk[0] ; 0.000        ; 0.092      ; 1.157      ;
; 0.906 ; register:CTRL1|out[5]                                   ; Multiplicador:MULTIPLICADOR|CONTROL:controle|state.S1   ; pll|altpll_component|auto_generated|pll1|clk[1] ; pll|altpll_component|auto_generated|pll1|clk[0] ; -0.016       ; 0.213      ; 1.309      ;
; 0.929 ; Multiplicador:MULTIPLICADOR|ACC:acumulador|Saidas[31]   ; Multiplicador:MULTIPLICADOR|ACC:acumulador|Saidas[32]   ; pll|altpll_component|auto_generated|pll1|clk[0] ; pll|altpll_component|auto_generated|pll1|clk[0] ; 0.000        ; 0.489      ; 1.604      ;
; 0.934 ; Multiplicador:MULTIPLICADOR|ACC:acumulador|Saidas[4]    ; Multiplicador:MULTIPLICADOR|ACC:acumulador|Saidas[3]    ; pll|altpll_component|auto_generated|pll1|clk[0] ; pll|altpll_component|auto_generated|pll1|clk[0] ; 0.000        ; 0.093      ; 1.213      ;
; 0.939 ; Multiplicador:MULTIPLICADOR|ACC:acumulador|Saidas[30]   ; Multiplicador:MULTIPLICADOR|ACC:acumulador|Saidas[32]   ; pll|altpll_component|auto_generated|pll1|clk[0] ; pll|altpll_component|auto_generated|pll1|clk[0] ; 0.000        ; 0.489      ; 1.614      ;
; 0.940 ; Multiplicador:MULTIPLICADOR|Counter:Contador|counter[2] ; Multiplicador:MULTIPLICADOR|Counter:Contador|counter[4] ; pll|altpll_component|auto_generated|pll1|clk[0] ; pll|altpll_component|auto_generated|pll1|clk[0] ; 0.000        ; 0.091      ; 1.217      ;
; 0.940 ; Multiplicador:MULTIPLICADOR|Counter:Contador|counter[2] ; Multiplicador:MULTIPLICADOR|Counter:Contador|counter[2] ; pll|altpll_component|auto_generated|pll1|clk[0] ; pll|altpll_component|auto_generated|pll1|clk[0] ; 0.000        ; 0.091      ; 1.217      ;
; 0.941 ; register:CTRL1|out[5]                                   ; Multiplicador:MULTIPLICADOR|CONTROL:controle|state.S0   ; pll|altpll_component|auto_generated|pll1|clk[1] ; pll|altpll_component|auto_generated|pll1|clk[0] ; -0.016       ; 0.213      ; 1.344      ;
; 0.958 ; Multiplicador:MULTIPLICADOR|ACC:acumulador|Saidas[32]   ; Multiplicador:MULTIPLICADOR|ACC:acumulador|Saidas[31]   ; pll|altpll_component|auto_generated|pll1|clk[0] ; pll|altpll_component|auto_generated|pll1|clk[0] ; 0.000        ; -0.290     ; 0.854      ;
; 0.984 ; Multiplicador:MULTIPLICADOR|Counter:Contador|counter[4] ; Multiplicador:MULTIPLICADOR|Counter:Contador|counter[5] ; pll|altpll_component|auto_generated|pll1|clk[0] ; pll|altpll_component|auto_generated|pll1|clk[0] ; 0.000        ; 0.091      ; 1.261      ;
; 0.986 ; Multiplicador:MULTIPLICADOR|ACC:acumulador|Saidas[28]   ; Multiplicador:MULTIPLICADOR|ACC:acumulador|Saidas[27]   ; pll|altpll_component|auto_generated|pll1|clk[0] ; pll|altpll_component|auto_generated|pll1|clk[0] ; 0.000        ; 0.091      ; 1.263      ;
; 0.991 ; Multiplicador:MULTIPLICADOR|CONTROL:controle|state.S0   ; Multiplicador:MULTIPLICADOR|ACC:acumulador|Saidas[2]    ; pll|altpll_component|auto_generated|pll1|clk[0] ; pll|altpll_component|auto_generated|pll1|clk[0] ; 0.000        ; 0.093      ; 1.270      ;
; 0.992 ; Multiplicador:MULTIPLICADOR|CONTROL:controle|state.S0   ; Multiplicador:MULTIPLICADOR|ACC:acumulador|Saidas[0]    ; pll|altpll_component|auto_generated|pll1|clk[0] ; pll|altpll_component|auto_generated|pll1|clk[0] ; 0.000        ; 0.093      ; 1.271      ;
; 0.997 ; Multiplicador:MULTIPLICADOR|Counter:Contador|counter[4] ; Multiplicador:MULTIPLICADOR|Counter:Contador|counter[4] ; pll|altpll_component|auto_generated|pll1|clk[0] ; pll|altpll_component|auto_generated|pll1|clk[0] ; 0.000        ; 0.091      ; 1.274      ;
; 1.000 ; Multiplicador:MULTIPLICADOR|ACC:acumulador|Saidas[30]   ; Multiplicador:MULTIPLICADOR|ACC:acumulador|Saidas[30]   ; pll|altpll_component|auto_generated|pll1|clk[0] ; pll|altpll_component|auto_generated|pll1|clk[0] ; 0.000        ; 0.091      ; 1.277      ;
; 1.001 ; Multiplicador:MULTIPLICADOR|ACC:acumulador|Saidas[18]   ; Multiplicador:MULTIPLICADOR|ACC:acumulador|Saidas[18]   ; pll|altpll_component|auto_generated|pll1|clk[0] ; pll|altpll_component|auto_generated|pll1|clk[0] ; 0.000        ; 0.091      ; 1.278      ;
; 1.005 ; Multiplicador:MULTIPLICADOR|ACC:acumulador|Saidas[24]   ; Multiplicador:MULTIPLICADOR|ACC:acumulador|Saidas[24]   ; pll|altpll_component|auto_generated|pll1|clk[0] ; pll|altpll_component|auto_generated|pll1|clk[0] ; 0.000        ; 0.091      ; 1.282      ;
; 1.010 ; Multiplicador:MULTIPLICADOR|ACC:acumulador|Saidas[22]   ; Multiplicador:MULTIPLICADOR|ACC:acumulador|Saidas[22]   ; pll|altpll_component|auto_generated|pll1|clk[0] ; pll|altpll_component|auto_generated|pll1|clk[0] ; 0.000        ; 0.091      ; 1.287      ;
; 1.025 ; Multiplicador:MULTIPLICADOR|ACC:acumulador|Saidas[27]   ; Multiplicador:MULTIPLICADOR|ACC:acumulador|Saidas[27]   ; pll|altpll_component|auto_generated|pll1|clk[0] ; pll|altpll_component|auto_generated|pll1|clk[0] ; 0.000        ; 0.091      ; 1.302      ;
; 1.026 ; Multiplicador:MULTIPLICADOR|Counter:Contador|counter[5] ; Multiplicador:MULTIPLICADOR|Counter:Contador|K          ; pll|altpll_component|auto_generated|pll1|clk[0] ; pll|altpll_component|auto_generated|pll1|clk[0] ; 0.000        ; 0.091      ; 1.303      ;
; 1.028 ; Multiplicador:MULTIPLICADOR|ACC:acumulador|Saidas[10]   ; Multiplicador:MULTIPLICADOR|ACC:acumulador|Saidas[9]    ; pll|altpll_component|auto_generated|pll1|clk[0] ; pll|altpll_component|auto_generated|pll1|clk[0] ; 0.000        ; 0.089      ; 1.303      ;
; 1.033 ; Multiplicador:MULTIPLICADOR|ACC:acumulador|Saidas[2]    ; Multiplicador:MULTIPLICADOR|ACC:acumulador|Saidas[1]    ; pll|altpll_component|auto_generated|pll1|clk[0] ; pll|altpll_component|auto_generated|pll1|clk[0] ; 0.000        ; 0.096      ; 1.315      ;
; 1.038 ; Multiplicador:MULTIPLICADOR|Counter:Contador|counter[5] ; Multiplicador:MULTIPLICADOR|Counter:Contador|counter[0] ; pll|altpll_component|auto_generated|pll1|clk[0] ; pll|altpll_component|auto_generated|pll1|clk[0] ; 0.000        ; 0.091      ; 1.315      ;
; 1.051 ; register:CTRL1|out[5]                                   ; Multiplicador:MULTIPLICADOR|ACC:acumulador|Saidas[0]    ; pll|altpll_component|auto_generated|pll1|clk[1] ; pll|altpll_component|auto_generated|pll1|clk[0] ; -0.016       ; 0.214      ; 1.455      ;
; 1.053 ; Multiplicador:MULTIPLICADOR|Counter:Contador|counter[2] ; Multiplicador:MULTIPLICADOR|Counter:Contador|counter[3] ; pll|altpll_component|auto_generated|pll1|clk[0] ; pll|altpll_component|auto_generated|pll1|clk[0] ; 0.000        ; 0.091      ; 1.330      ;
; 1.054 ; Multiplicador:MULTIPLICADOR|Counter:Contador|counter[2] ; Multiplicador:MULTIPLICADOR|Counter:Contador|counter[1] ; pll|altpll_component|auto_generated|pll1|clk[0] ; pll|altpll_component|auto_generated|pll1|clk[0] ; 0.000        ; 0.091      ; 1.331      ;
; 1.068 ; register:CTRL1|out[5]                                   ; Multiplicador:MULTIPLICADOR|ACC:acumulador|Saidas[3]    ; pll|altpll_component|auto_generated|pll1|clk[1] ; pll|altpll_component|auto_generated|pll1|clk[0] ; -0.016       ; 0.219      ; 1.477      ;
; 1.072 ; Multiplicador:MULTIPLICADOR|Counter:Contador|counter[4] ; Multiplicador:MULTIPLICADOR|Counter:Contador|aux_load   ; pll|altpll_component|auto_generated|pll1|clk[0] ; pll|altpll_component|auto_generated|pll1|clk[0] ; 0.000        ; 0.091      ; 1.349      ;
; 1.078 ; Multiplicador:MULTIPLICADOR|Counter:Contador|counter[3] ; Multiplicador:MULTIPLICADOR|Counter:Contador|aux_load   ; pll|altpll_component|auto_generated|pll1|clk[0] ; pll|altpll_component|auto_generated|pll1|clk[0] ; 0.000        ; 0.091      ; 1.355      ;
; 1.085 ; Multiplicador:MULTIPLICADOR|ACC:acumulador|Saidas[1]    ; Multiplicador:MULTIPLICADOR|ACC:acumulador|Saidas[0]    ; pll|altpll_component|auto_generated|pll1|clk[0] ; pll|altpll_component|auto_generated|pll1|clk[0] ; 0.000        ; 0.087      ; 1.358      ;
; 1.086 ; Multiplicador:MULTIPLICADOR|ACC:acumulador|Saidas[3]    ; Multiplicador:MULTIPLICADOR|ACC:acumulador|Saidas[2]    ; pll|altpll_component|auto_generated|pll1|clk[0] ; pll|altpll_component|auto_generated|pll1|clk[0] ; 0.000        ; 0.087      ; 1.359      ;
; 1.099 ; Multiplicador:MULTIPLICADOR|Counter:Contador|counter[3] ; Multiplicador:MULTIPLICADOR|Counter:Contador|counter[5] ; pll|altpll_component|auto_generated|pll1|clk[0] ; pll|altpll_component|auto_generated|pll1|clk[0] ; 0.000        ; 0.091      ; 1.376      ;
; 1.114 ; Multiplicador:MULTIPLICADOR|ACC:acumulador|Saidas[17]   ; Multiplicador:MULTIPLICADOR|ACC:acumulador|Saidas[16]   ; pll|altpll_component|auto_generated|pll1|clk[0] ; pll|altpll_component|auto_generated|pll1|clk[0] ; 0.000        ; 0.092      ; 1.392      ;
; 1.115 ; Multiplicador:MULTIPLICADOR|Counter:Contador|counter[2] ; Multiplicador:MULTIPLICADOR|Counter:Contador|K          ; pll|altpll_component|auto_generated|pll1|clk[0] ; pll|altpll_component|auto_generated|pll1|clk[0] ; 0.000        ; 0.091      ; 1.392      ;
; 1.118 ; Multiplicador:MULTIPLICADOR|ACC:acumulador|Saidas[27]   ; Multiplicador:MULTIPLICADOR|ACC:acumulador|Saidas[26]   ; pll|altpll_component|auto_generated|pll1|clk[0] ; pll|altpll_component|auto_generated|pll1|clk[0] ; 0.000        ; 0.091      ; 1.395      ;
; 1.120 ; Multiplicador:MULTIPLICADOR|CONTROL:controle|state.S0   ; Multiplicador:MULTIPLICADOR|ACC:acumulador|Saidas[6]    ; pll|altpll_component|auto_generated|pll1|clk[0] ; pll|altpll_component|auto_generated|pll1|clk[0] ; 0.000        ; 0.097      ; 1.403      ;
; 1.120 ; Multiplicador:MULTIPLICADOR|CONTROL:controle|state.S0   ; Multiplicador:MULTIPLICADOR|ACC:acumulador|Saidas[5]    ; pll|altpll_component|auto_generated|pll1|clk[0] ; pll|altpll_component|auto_generated|pll1|clk[0] ; 0.000        ; 0.097      ; 1.403      ;
; 1.123 ; Multiplicador:MULTIPLICADOR|ACC:acumulador|Saidas[7]    ; Multiplicador:MULTIPLICADOR|ACC:acumulador|Saidas[6]    ; pll|altpll_component|auto_generated|pll1|clk[0] ; pll|altpll_component|auto_generated|pll1|clk[0] ; 0.000        ; 0.093      ; 1.402      ;
; 1.125 ; Multiplicador:MULTIPLICADOR|Counter:Contador|counter[2] ; Multiplicador:MULTIPLICADOR|Counter:Contador|counter[5] ; pll|altpll_component|auto_generated|pll1|clk[0] ; pll|altpll_component|auto_generated|pll1|clk[0] ; 0.000        ; 0.091      ; 1.402      ;
; 1.127 ; Multiplicador:MULTIPLICADOR|ACC:acumulador|Saidas[24]   ; Multiplicador:MULTIPLICADOR|ACC:acumulador|Saidas[23]   ; pll|altpll_component|auto_generated|pll1|clk[0] ; pll|altpll_component|auto_generated|pll1|clk[0] ; 0.000        ; 0.092      ; 1.405      ;
; 1.133 ; Multiplicador:MULTIPLICADOR|Counter:Contador|counter[3] ; Multiplicador:MULTIPLICADOR|Counter:Contador|counter[3] ; pll|altpll_component|auto_generated|pll1|clk[0] ; pll|altpll_component|auto_generated|pll1|clk[0] ; 0.000        ; 0.091      ; 1.410      ;
; 1.137 ; Multiplicador:MULTIPLICADOR|ACC:acumulador|Saidas[19]   ; Multiplicador:MULTIPLICADOR|ACC:acumulador|Saidas[19]   ; pll|altpll_component|auto_generated|pll1|clk[0] ; pll|altpll_component|auto_generated|pll1|clk[0] ; 0.000        ; 0.091      ; 1.414      ;
; 1.142 ; Multiplicador:MULTIPLICADOR|ACC:acumulador|Saidas[31]   ; Multiplicador:MULTIPLICADOR|ACC:acumulador|Saidas[31]   ; pll|altpll_component|auto_generated|pll1|clk[0] ; pll|altpll_component|auto_generated|pll1|clk[0] ; 0.000        ; 0.091      ; 1.419      ;
; 1.147 ; Multiplicador:MULTIPLICADOR|ACC:acumulador|Saidas[21]   ; Multiplicador:MULTIPLICADOR|ACC:acumulador|Saidas[21]   ; pll|altpll_component|auto_generated|pll1|clk[0] ; pll|altpll_component|auto_generated|pll1|clk[0] ; 0.000        ; 0.091      ; 1.424      ;
; 1.156 ; Multiplicador:MULTIPLICADOR|Counter:Contador|counter[1] ; Multiplicador:MULTIPLICADOR|Counter:Contador|counter[1] ; pll|altpll_component|auto_generated|pll1|clk[0] ; pll|altpll_component|auto_generated|pll1|clk[0] ; 0.000        ; 0.091      ; 1.433      ;
; 1.163 ; Multiplicador:MULTIPLICADOR|Counter:Contador|counter[4] ; Multiplicador:MULTIPLICADOR|Counter:Contador|counter[2] ; pll|altpll_component|auto_generated|pll1|clk[0] ; pll|altpll_component|auto_generated|pll1|clk[0] ; 0.000        ; 0.091      ; 1.440      ;
; 1.174 ; register:CTRL1|out[5]                                   ; Multiplicador:MULTIPLICADOR|ACC:acumulador|Saidas[4]    ; pll|altpll_component|auto_generated|pll1|clk[1] ; pll|altpll_component|auto_generated|pll1|clk[0] ; -0.016       ; 0.218      ; 1.582      ;
; 1.178 ; register:CTRL1|out[5]                                   ; Multiplicador:MULTIPLICADOR|ACC:acumulador|Saidas[6]    ; pll|altpll_component|auto_generated|pll1|clk[1] ; pll|altpll_component|auto_generated|pll1|clk[0] ; -0.016       ; 0.218      ; 1.586      ;
; 1.179 ; register:CTRL1|out[5]                                   ; Multiplicador:MULTIPLICADOR|ACC:acumulador|Saidas[5]    ; pll|altpll_component|auto_generated|pll1|clk[1] ; pll|altpll_component|auto_generated|pll1|clk[0] ; -0.016       ; 0.218      ; 1.587      ;
; 1.182 ; Multiplicador:MULTIPLICADOR|Counter:Contador|aux_load   ; Multiplicador:MULTIPLICADOR|Counter:Contador|counter[0] ; pll|altpll_component|auto_generated|pll1|clk[0] ; pll|altpll_component|auto_generated|pll1|clk[0] ; 0.000        ; 0.091      ; 1.459      ;
; 1.198 ; Multiplicador:MULTIPLICADOR|ACC:acumulador|Saidas[27]   ; Multiplicador:MULTIPLICADOR|ACC:acumulador|Saidas[32]   ; pll|altpll_component|auto_generated|pll1|clk[0] ; pll|altpll_component|auto_generated|pll1|clk[0] ; 0.000        ; 0.489      ; 1.873      ;
; 1.203 ; Multiplicador:MULTIPLICADOR|Counter:Contador|counter[5] ; Multiplicador:MULTIPLICADOR|Counter:Contador|counter[2] ; pll|altpll_component|auto_generated|pll1|clk[0] ; pll|altpll_component|auto_generated|pll1|clk[0] ; 0.000        ; 0.091      ; 1.480      ;
; 1.203 ; Multiplicador:MULTIPLICADOR|Counter:Contador|counter[5] ; Multiplicador:MULTIPLICADOR|Counter:Contador|counter[4] ; pll|altpll_component|auto_generated|pll1|clk[0] ; pll|altpll_component|auto_generated|pll1|clk[0] ; 0.000        ; 0.091      ; 1.480      ;
; 1.220 ; registerfile:Register_File|outA[1]                      ; Multiplicador:MULTIPLICADOR|ACC:acumulador|Saidas[1]    ; pll|altpll_component|auto_generated|pll1|clk[1] ; pll|altpll_component|auto_generated|pll1|clk[0] ; -0.016       ; 0.208      ; 1.618      ;
; 1.238 ; Multiplicador:MULTIPLICADOR|Counter:Contador|aux_load   ; Multiplicador:MULTIPLICADOR|Counter:Contador|counter[5] ; pll|altpll_component|auto_generated|pll1|clk[0] ; pll|altpll_component|auto_generated|pll1|clk[0] ; 0.000        ; 0.091      ; 1.515      ;
; 1.244 ; Multiplicador:MULTIPLICADOR|CONTROL:controle|state.S0   ; Multiplicador:MULTIPLICADOR|ACC:acumulador|Saidas[7]    ; pll|altpll_component|auto_generated|pll1|clk[0] ; pll|altpll_component|auto_generated|pll1|clk[0] ; 0.000        ; 0.096      ; 1.526      ;
; 1.246 ; Multiplicador:MULTIPLICADOR|CONTROL:controle|state.S0   ; Multiplicador:MULTIPLICADOR|ACC:acumulador|Saidas[13]   ; pll|altpll_component|auto_generated|pll1|clk[0] ; pll|altpll_component|auto_generated|pll1|clk[0] ; 0.000        ; 0.096      ; 1.528      ;
; 1.246 ; Multiplicador:MULTIPLICADOR|CONTROL:controle|state.S0   ; Multiplicador:MULTIPLICADOR|ACC:acumulador|Saidas[8]    ; pll|altpll_component|auto_generated|pll1|clk[0] ; pll|altpll_component|auto_generated|pll1|clk[0] ; 0.000        ; 0.096      ; 1.528      ;
; 1.246 ; Multiplicador:MULTIPLICADOR|CONTROL:controle|state.S0   ; Multiplicador:MULTIPLICADOR|ACC:acumulador|Saidas[9]    ; pll|altpll_component|auto_generated|pll1|clk[0] ; pll|altpll_component|auto_generated|pll1|clk[0] ; 0.000        ; 0.096      ; 1.528      ;
; 1.251 ; Multiplicador:MULTIPLICADOR|Counter:Contador|counter[1] ; Multiplicador:MULTIPLICADOR|Counter:Contador|counter[5] ; pll|altpll_component|auto_generated|pll1|clk[0] ; pll|altpll_component|auto_generated|pll1|clk[0] ; 0.000        ; 0.091      ; 1.528      ;
; 1.253 ; Multiplicador:MULTIPLICADOR|Counter:Contador|counter[0] ; Multiplicador:MULTIPLICADOR|Counter:Contador|counter[5] ; pll|altpll_component|auto_generated|pll1|clk[0] ; pll|altpll_component|auto_generated|pll1|clk[0] ; 0.000        ; 0.091      ; 1.530      ;
; 1.271 ; Multiplicador:MULTIPLICADOR|CONTROL:controle|state.S0   ; Multiplicador:MULTIPLICADOR|ACC:acumulador|Saidas[1]    ; pll|altpll_component|auto_generated|pll1|clk[0] ; pll|altpll_component|auto_generated|pll1|clk[0] ; 0.000        ; 0.098      ; 1.555      ;
; 1.276 ; Multiplicador:MULTIPLICADOR|Counter:Contador|counter[4] ; Multiplicador:MULTIPLICADOR|Counter:Contador|counter[3] ; pll|altpll_component|auto_generated|pll1|clk[0] ; pll|altpll_component|auto_generated|pll1|clk[0] ; 0.000        ; 0.091      ; 1.553      ;
; 1.277 ; Multiplicador:MULTIPLICADOR|Counter:Contador|counter[4] ; Multiplicador:MULTIPLICADOR|Counter:Contador|counter[1] ; pll|altpll_component|auto_generated|pll1|clk[0] ; pll|altpll_component|auto_generated|pll1|clk[0] ; 0.000        ; 0.091      ; 1.554      ;
; 1.284 ; registerfile:Register_File|outA[3]                      ; Multiplicador:MULTIPLICADOR|ACC:acumulador|Saidas[3]    ; pll|altpll_component|auto_generated|pll1|clk[1] ; pll|altpll_component|auto_generated|pll1|clk[0] ; -0.016       ; 0.211      ; 1.685      ;
; 1.285 ; Multiplicador:MULTIPLICADOR|ACC:acumulador|Saidas[20]   ; Multiplicador:MULTIPLICADOR|ACC:acumulador|Saidas[20]   ; pll|altpll_component|auto_generated|pll1|clk[0] ; pll|altpll_component|auto_generated|pll1|clk[0] ; 0.000        ; 0.091      ; 1.562      ;
; 1.288 ; registerfile:Register_File|outA[8]                      ; Multiplicador:MULTIPLICADOR|ACC:acumulador|Saidas[8]    ; pll|altpll_component|auto_generated|pll1|clk[1] ; pll|altpll_component|auto_generated|pll1|clk[0] ; -0.016       ; 0.215      ; 1.693      ;
; 1.291 ; Multiplicador:MULTIPLICADOR|Counter:Contador|counter[4] ; Multiplicador:MULTIPLICADOR|Counter:Contador|K          ; pll|altpll_component|auto_generated|pll1|clk[0] ; pll|altpll_component|auto_generated|pll1|clk[0] ; 0.000        ; 0.091      ; 1.568      ;
+-------+---------------------------------------------------------+---------------------------------------------------------+-------------------------------------------------+-------------------------------------------------+--------------+------------+------------+


+----------------------------------------------------------------------------------------------------------------------------------------------------------------------------------------------------------------------------------------------------------------------------------------------------------------------------------------+
; Slow 1200mV 100C Model Hold: 'pll|altpll_component|auto_generated|pll1|clk[1]'                                                                                                                                                                                                                                                         ;
+-------+-------------------------------------------------------+---------------------------------------------------------------------------------------------------------------------------+-------------------------------------------------+-------------------------------------------------+--------------+------------+------------+
; Slack ; From Node                                             ; To Node                                                                                                                   ; Launch Clock                                    ; Latch Clock                                     ; Relationship ; Clock Skew ; Data Delay ;
+-------+-------------------------------------------------------+---------------------------------------------------------------------------------------------------------------------------+-------------------------------------------------+-------------------------------------------------+--------------+------------+------------+
; 0.578 ; register:CTRL1|out[10]                                ; register:CTRL3|out[10]                                                                                                    ; pll|altpll_component|auto_generated|pll1|clk[1] ; pll|altpll_component|auto_generated|pll1|clk[1] ; 0.000        ; 0.092      ; 0.856      ;
; 0.605 ; register:CTRL1|out[13]                                ; register:CTRL3|out[13]                                                                                                    ; pll|altpll_component|auto_generated|pll1|clk[1] ; pll|altpll_component|auto_generated|pll1|clk[1] ; 0.000        ; 0.092      ; 0.883      ;
; 0.613 ; pc:PC|addr[0]                                         ; InstMem:Intruction_Memory|altsyncram:altsyncram_component|altsyncram_sra1:auto_generated|ram_block1a1~porta_address_reg0  ; pll|altpll_component|auto_generated|pll1|clk[1] ; pll|altpll_component|auto_generated|pll1|clk[1] ; 0.000        ; 0.447      ; 1.283      ;
; 0.654 ; registerfile:Register_File|outB[6]                    ; datamemory:Data_Memory|altsyncram:altsyncram_component|altsyncram_28i1:auto_generated|ram_block1a0~porta_datain_reg0      ; pll|altpll_component|auto_generated|pll1|clk[1] ; pll|altpll_component|auto_generated|pll1|clk[1] ; 0.000        ; 0.459      ; 1.336      ;
; 0.677 ; registerfile:Register_File|outB[0]                    ; datamemory:Data_Memory|altsyncram:altsyncram_component|altsyncram_28i1:auto_generated|ram_block1a0~porta_datain_reg0      ; pll|altpll_component|auto_generated|pll1|clk[1] ; pll|altpll_component|auto_generated|pll1|clk[1] ; 0.000        ; 0.460      ; 1.360      ;
; 0.682 ; registerfile:Register_File|outB[7]                    ; datamemory:Data_Memory|altsyncram:altsyncram_component|altsyncram_28i1:auto_generated|ram_block1a0~porta_datain_reg0      ; pll|altpll_component|auto_generated|pll1|clk[1] ; pll|altpll_component|auto_generated|pll1|clk[1] ; 0.000        ; 0.459      ; 1.364      ;
; 0.688 ; registerfile:Register_File|outB[9]                    ; datamemory:Data_Memory|altsyncram:altsyncram_component|altsyncram_28i1:auto_generated|ram_block1a9~porta_datain_reg0      ; pll|altpll_component|auto_generated|pll1|clk[1] ; pll|altpll_component|auto_generated|pll1|clk[1] ; 0.000        ; 0.459      ; 1.370      ;
; 0.690 ; registerfile:Register_File|outB[1]                    ; datamemory:Data_Memory|altsyncram:altsyncram_component|altsyncram_28i1:auto_generated|ram_block1a0~porta_datain_reg0      ; pll|altpll_component|auto_generated|pll1|clk[1] ; pll|altpll_component|auto_generated|pll1|clk[1] ; 0.000        ; 0.459      ; 1.372      ;
; 0.696 ; registerfile:Register_File|outB[4]                    ; datamemory:Data_Memory|altsyncram:altsyncram_component|altsyncram_28i1:auto_generated|ram_block1a0~porta_datain_reg0      ; pll|altpll_component|auto_generated|pll1|clk[1] ; pll|altpll_component|auto_generated|pll1|clk[1] ; 0.000        ; 0.459      ; 1.378      ;
; 0.794 ; register:CTRL1|out[14]                                ; register:CTRL3|out[14]                                                                                                    ; pll|altpll_component|auto_generated|pll1|clk[1] ; pll|altpll_component|auto_generated|pll1|clk[1] ; 0.000        ; 0.097      ; 1.077      ;
; 0.815 ; Multiplicador:MULTIPLICADOR|ACC:acumulador|Saidas[28] ; register:D|out[28]                                                                                                        ; pll|altpll_component|auto_generated|pll1|clk[0] ; pll|altpll_component|auto_generated|pll1|clk[1] ; 0.016        ; 0.213      ; 1.250      ;
; 0.831 ; Multiplicador:MULTIPLICADOR|ACC:acumulador|Saidas[27] ; register:D|out[27]                                                                                                        ; pll|altpll_component|auto_generated|pll1|clk[0] ; pll|altpll_component|auto_generated|pll1|clk[1] ; 0.016        ; 0.213      ; 1.266      ;
; 0.832 ; pc:PC|addr[1]                                         ; InstMem:Intruction_Memory|altsyncram:altsyncram_component|altsyncram_sra1:auto_generated|ram_block1a0~porta_address_reg0  ; pll|altpll_component|auto_generated|pll1|clk[1] ; pll|altpll_component|auto_generated|pll1|clk[1] ; 0.000        ; 0.453      ; 1.508      ;
; 0.845 ; register:CTRL1|out[12]                                ; register:CTRL3|out[12]                                                                                                    ; pll|altpll_component|auto_generated|pll1|clk[1] ; pll|altpll_component|auto_generated|pll1|clk[1] ; 0.000        ; 0.097      ; 1.128      ;
; 0.849 ; pc:PC|addr[1]                                         ; InstMem:Intruction_Memory|altsyncram:altsyncram_component|altsyncram_sra1:auto_generated|ram_block1a21~porta_address_reg0 ; pll|altpll_component|auto_generated|pll1|clk[1] ; pll|altpll_component|auto_generated|pll1|clk[1] ; 0.000        ; 0.443      ; 1.515      ;
; 0.852 ; pc:PC|addr[1]                                         ; InstMem:Intruction_Memory|altsyncram:altsyncram_component|altsyncram_sra1:auto_generated|ram_block1a7~porta_address_reg0  ; pll|altpll_component|auto_generated|pll1|clk[1] ; pll|altpll_component|auto_generated|pll1|clk[1] ; 0.000        ; 0.456      ; 1.531      ;
; 0.865 ; pc:PC|addr[1]                                         ; InstMem:Intruction_Memory|altsyncram:altsyncram_component|altsyncram_sra1:auto_generated|ram_block1a1~porta_address_reg0  ; pll|altpll_component|auto_generated|pll1|clk[1] ; pll|altpll_component|auto_generated|pll1|clk[1] ; 0.000        ; 0.447      ; 1.535      ;
; 0.885 ; Multiplicador:MULTIPLICADOR|ACC:acumulador|Saidas[9]  ; register:D|out[9]                                                                                                         ; pll|altpll_component|auto_generated|pll1|clk[0] ; pll|altpll_component|auto_generated|pll1|clk[1] ; 0.016        ; 0.213      ; 1.320      ;
; 0.887 ; registerfile:Register_File|outB[26]                   ; datamemory:Data_Memory|altsyncram:altsyncram_component|altsyncram_28i1:auto_generated|ram_block1a18~porta_datain_reg0     ; pll|altpll_component|auto_generated|pll1|clk[1] ; pll|altpll_component|auto_generated|pll1|clk[1] ; 0.000        ; 0.461      ; 1.571      ;
; 0.890 ; Multiplicador:MULTIPLICADOR|ACC:acumulador|Saidas[8]  ; register:D|out[8]                                                                                                         ; pll|altpll_component|auto_generated|pll1|clk[0] ; pll|altpll_component|auto_generated|pll1|clk[1] ; 0.016        ; 0.213      ; 1.325      ;
; 0.892 ; register:CTRL1|out[2]                                 ; register:CTRL3|out[2]                                                                                                     ; pll|altpll_component|auto_generated|pll1|clk[1] ; pll|altpll_component|auto_generated|pll1|clk[1] ; 0.000        ; 0.098      ; 1.176      ;
; 0.896 ; registerfile:Register_File|outB[5]                    ; datamemory:Data_Memory|altsyncram:altsyncram_component|altsyncram_28i1:auto_generated|ram_block1a0~porta_datain_reg0      ; pll|altpll_component|auto_generated|pll1|clk[1] ; pll|altpll_component|auto_generated|pll1|clk[1] ; 0.000        ; 0.460      ; 1.579      ;
; 0.909 ; Multiplicador:MULTIPLICADOR|ACC:acumulador|Saidas[7]  ; register:D|out[7]                                                                                                         ; pll|altpll_component|auto_generated|pll1|clk[0] ; pll|altpll_component|auto_generated|pll1|clk[1] ; 0.016        ; 0.213      ; 1.344      ;
; 0.912 ; registerfile:Register_File|outB[11]                   ; datamemory:Data_Memory|altsyncram:altsyncram_component|altsyncram_28i1:auto_generated|ram_block1a9~porta_datain_reg0      ; pll|altpll_component|auto_generated|pll1|clk[1] ; pll|altpll_component|auto_generated|pll1|clk[1] ; 0.000        ; 0.462      ; 1.597      ;
; 0.914 ; pc:PC|addr[0]                                         ; InstMem:Intruction_Memory|altsyncram:altsyncram_component|altsyncram_sra1:auto_generated|ram_block1a0~porta_address_reg0  ; pll|altpll_component|auto_generated|pll1|clk[1] ; pll|altpll_component|auto_generated|pll1|clk[1] ; 0.000        ; 0.453      ; 1.590      ;
; 0.915 ; Multiplicador:MULTIPLICADOR|ACC:acumulador|Saidas[29] ; register:D|out[29]                                                                                                        ; pll|altpll_component|auto_generated|pll1|clk[0] ; pll|altpll_component|auto_generated|pll1|clk[1] ; 0.016        ; 0.212      ; 1.349      ;
; 0.916 ; Multiplicador:MULTIPLICADOR|ACC:acumulador|Saidas[15] ; register:D|out[15]                                                                                                        ; pll|altpll_component|auto_generated|pll1|clk[0] ; pll|altpll_component|auto_generated|pll1|clk[1] ; 0.016        ; 0.213      ; 1.351      ;
; 0.926 ; Multiplicador:MULTIPLICADOR|ACC:acumulador|Saidas[14] ; register:D|out[14]                                                                                                        ; pll|altpll_component|auto_generated|pll1|clk[0] ; pll|altpll_component|auto_generated|pll1|clk[1] ; 0.016        ; 0.213      ; 1.361      ;
; 0.927 ; registerfile:Register_File|outB[3]                    ; datamemory:Data_Memory|altsyncram:altsyncram_component|altsyncram_28i1:auto_generated|ram_block1a0~porta_datain_reg0      ; pll|altpll_component|auto_generated|pll1|clk[1] ; pll|altpll_component|auto_generated|pll1|clk[1] ; 0.000        ; 0.459      ; 1.609      ;
; 0.940 ; Multiplicador:MULTIPLICADOR|ACC:acumulador|Saidas[26] ; register:D|out[26]                                                                                                        ; pll|altpll_component|auto_generated|pll1|clk[0] ; pll|altpll_component|auto_generated|pll1|clk[1] ; 0.016        ; 0.213      ; 1.375      ;
; 0.956 ; register:CTRL1|out[11]                                ; register:CTRL3|out[11]                                                                                                    ; pll|altpll_component|auto_generated|pll1|clk[1] ; pll|altpll_component|auto_generated|pll1|clk[1] ; 0.000        ; 0.097      ; 1.239      ;
; 0.972 ; registerfile:Register_File|outB[14]                   ; datamemory:Data_Memory|altsyncram:altsyncram_component|altsyncram_28i1:auto_generated|ram_block1a9~porta_datain_reg0      ; pll|altpll_component|auto_generated|pll1|clk[1] ; pll|altpll_component|auto_generated|pll1|clk[1] ; 0.000        ; 0.467      ; 1.662      ;
; 0.979 ; registerfile:Register_File|outB[16]                   ; datamemory:Data_Memory|altsyncram:altsyncram_component|altsyncram_28i1:auto_generated|ram_block1a9~porta_datain_reg0      ; pll|altpll_component|auto_generated|pll1|clk[1] ; pll|altpll_component|auto_generated|pll1|clk[1] ; 0.000        ; 0.457      ; 1.659      ;
; 0.987 ; pc:PC|addr[3]                                         ; InstMem:Intruction_Memory|altsyncram:altsyncram_component|altsyncram_sra1:auto_generated|ram_block1a0~porta_address_reg0  ; pll|altpll_component|auto_generated|pll1|clk[1] ; pll|altpll_component|auto_generated|pll1|clk[1] ; 0.000        ; 0.463      ; 1.673      ;
; 0.995 ; registerfile:Register_File|outB[15]                   ; datamemory:Data_Memory|altsyncram:altsyncram_component|altsyncram_28i1:auto_generated|ram_block1a9~porta_datain_reg0      ; pll|altpll_component|auto_generated|pll1|clk[1] ; pll|altpll_component|auto_generated|pll1|clk[1] ; 0.000        ; 0.458      ; 1.676      ;
; 1.012 ; registerfile:Register_File|outB[12]                   ; datamemory:Data_Memory|altsyncram:altsyncram_component|altsyncram_28i1:auto_generated|ram_block1a9~porta_datain_reg0      ; pll|altpll_component|auto_generated|pll1|clk[1] ; pll|altpll_component|auto_generated|pll1|clk[1] ; 0.000        ; 0.463      ; 1.698      ;
; 1.018 ; pc:PC|addr[3]                                         ; InstMem:Intruction_Memory|altsyncram:altsyncram_component|altsyncram_sra1:auto_generated|ram_block1a21~porta_address_reg0 ; pll|altpll_component|auto_generated|pll1|clk[1] ; pll|altpll_component|auto_generated|pll1|clk[1] ; 0.000        ; 0.453      ; 1.694      ;
; 1.062 ; Multiplicador:MULTIPLICADOR|ACC:acumulador|Saidas[30] ; register:D|out[30]                                                                                                        ; pll|altpll_component|auto_generated|pll1|clk[0] ; pll|altpll_component|auto_generated|pll1|clk[1] ; 0.016        ; 0.213      ; 1.497      ;
; 1.064 ; register:CTRL1|out[9]                                 ; register:CTRL3|out[9]                                                                                                     ; pll|altpll_component|auto_generated|pll1|clk[1] ; pll|altpll_component|auto_generated|pll1|clk[1] ; 0.000        ; 0.093      ; 1.343      ;
; 1.071 ; registerfile:Register_File|register~340               ; registerfile:Register_File|outA[20]                                                                                       ; pll|altpll_component|auto_generated|pll1|clk[1] ; pll|altpll_component|auto_generated|pll1|clk[1] ; 0.000        ; 0.091      ; 1.348      ;
; 1.078 ; Multiplicador:MULTIPLICADOR|ACC:acumulador|Saidas[31] ; register:D|out[31]                                                                                                        ; pll|altpll_component|auto_generated|pll1|clk[0] ; pll|altpll_component|auto_generated|pll1|clk[1] ; 0.016        ; 0.213      ; 1.513      ;
; 1.101 ; Multiplicador:MULTIPLICADOR|ACC:acumulador|Saidas[25] ; register:D|out[25]                                                                                                        ; pll|altpll_component|auto_generated|pll1|clk[0] ; pll|altpll_component|auto_generated|pll1|clk[1] ; 0.016        ; 0.213      ; 1.536      ;
; 1.155 ; Multiplicador:MULTIPLICADOR|ACC:acumulador|Saidas[12] ; register:D|out[12]                                                                                                        ; pll|altpll_component|auto_generated|pll1|clk[0] ; pll|altpll_component|auto_generated|pll1|clk[1] ; 0.016        ; 0.213      ; 1.590      ;
; 1.161 ; Multiplicador:MULTIPLICADOR|ACC:acumulador|Saidas[6]  ; register:D|out[6]                                                                                                         ; pll|altpll_component|auto_generated|pll1|clk[0] ; pll|altpll_component|auto_generated|pll1|clk[1] ; 0.016        ; 0.213      ; 1.596      ;
; 1.168 ; Multiplicador:MULTIPLICADOR|ACC:acumulador|Saidas[5]  ; register:D|out[5]                                                                                                         ; pll|altpll_component|auto_generated|pll1|clk[0] ; pll|altpll_component|auto_generated|pll1|clk[1] ; 0.016        ; 0.213      ; 1.603      ;
; 1.175 ; Multiplicador:MULTIPLICADOR|ACC:acumulador|Saidas[1]  ; register:D|out[1]                                                                                                         ; pll|altpll_component|auto_generated|pll1|clk[0] ; pll|altpll_component|auto_generated|pll1|clk[1] ; 0.016        ; 0.213      ; 1.610      ;
; 1.176 ; Multiplicador:MULTIPLICADOR|ACC:acumulador|Saidas[22] ; register:D|out[22]                                                                                                        ; pll|altpll_component|auto_generated|pll1|clk[0] ; pll|altpll_component|auto_generated|pll1|clk[1] ; 0.016        ; 0.211      ; 1.609      ;
; 1.201 ; registerfile:Register_File|outB[13]                   ; datamemory:Data_Memory|altsyncram:altsyncram_component|altsyncram_28i1:auto_generated|ram_block1a9~porta_datain_reg0      ; pll|altpll_component|auto_generated|pll1|clk[1] ; pll|altpll_component|auto_generated|pll1|clk[1] ; 0.000        ; 0.463      ; 1.887      ;
; 1.217 ; registerfile:Register_File|register~996               ; registerfile:Register_File|outA[4]                                                                                        ; pll|altpll_component|auto_generated|pll1|clk[1] ; pll|altpll_component|auto_generated|pll1|clk[1] ; 0.000        ; 0.092      ; 1.495      ;
; 1.217 ; registerfile:Register_File|register~334               ; registerfile:Register_File|outA[14]                                                                                       ; pll|altpll_component|auto_generated|pll1|clk[1] ; pll|altpll_component|auto_generated|pll1|clk[1] ; 0.000        ; 0.091      ; 1.494      ;
; 1.219 ; registerfile:Register_File|register~864               ; registerfile:Register_File|outA[0]                                                                                        ; pll|altpll_component|auto_generated|pll1|clk[1] ; pll|altpll_component|auto_generated|pll1|clk[1] ; 0.000        ; 0.092      ; 1.497      ;
; 1.228 ; registerfile:Register_File|outB[18]                   ; datamemory:Data_Memory|altsyncram:altsyncram_component|altsyncram_28i1:auto_generated|ram_block1a18~porta_datain_reg0     ; pll|altpll_component|auto_generated|pll1|clk[1] ; pll|altpll_component|auto_generated|pll1|clk[1] ; 0.000        ; 0.468      ; 1.919      ;
; 1.237 ; pc:PC|addr[0]                                         ; InstMem:Intruction_Memory|altsyncram:altsyncram_component|altsyncram_sra1:auto_generated|ram_block1a7~porta_address_reg0  ; pll|altpll_component|auto_generated|pll1|clk[1] ; pll|altpll_component|auto_generated|pll1|clk[1] ; 0.000        ; 0.456      ; 1.916      ;
; 1.258 ; Multiplicador:MULTIPLICADOR|ACC:acumulador|Saidas[21] ; register:D|out[21]                                                                                                        ; pll|altpll_component|auto_generated|pll1|clk[0] ; pll|altpll_component|auto_generated|pll1|clk[1] ; 0.016        ; 0.213      ; 1.693      ;
; 1.271 ; Multiplicador:MULTIPLICADOR|ACC:acumulador|Saidas[23] ; register:D|out[23]                                                                                                        ; pll|altpll_component|auto_generated|pll1|clk[0] ; pll|altpll_component|auto_generated|pll1|clk[1] ; 0.016        ; 0.211      ; 1.704      ;
; 1.276 ; Multiplicador:MULTIPLICADOR|ACC:acumulador|Saidas[20] ; register:D|out[20]                                                                                                        ; pll|altpll_component|auto_generated|pll1|clk[0] ; pll|altpll_component|auto_generated|pll1|clk[1] ; 0.016        ; 0.213      ; 1.711      ;
; 1.282 ; registerfile:Register_File|outB[21]                   ; datamemory:Data_Memory|altsyncram:altsyncram_component|altsyncram_28i1:auto_generated|ram_block1a18~porta_datain_reg0     ; pll|altpll_component|auto_generated|pll1|clk[1] ; pll|altpll_component|auto_generated|pll1|clk[1] ; 0.000        ; 0.467      ; 1.972      ;
; 1.286 ; pc:PC|addr[3]                                         ; InstMem:Intruction_Memory|altsyncram:altsyncram_component|altsyncram_sra1:auto_generated|ram_block1a1~porta_address_reg0  ; pll|altpll_component|auto_generated|pll1|clk[1] ; pll|altpll_component|auto_generated|pll1|clk[1] ; 0.000        ; 0.457      ; 1.966      ;
; 1.289 ; register:D|out[0]                                     ; registerfile:Register_File|register~992                                                                                   ; pll|altpll_component|auto_generated|pll1|clk[1] ; pll|altpll_component|auto_generated|pll1|clk[1] ; 0.000        ; 0.092      ; 1.567      ;
; 1.301 ; Multiplicador:MULTIPLICADOR|ACC:acumulador|Saidas[18] ; register:D|out[18]                                                                                                        ; pll|altpll_component|auto_generated|pll1|clk[0] ; pll|altpll_component|auto_generated|pll1|clk[1] ; 0.016        ; 0.213      ; 1.736      ;
; 1.303 ; registerfile:Register_File|register~1016              ; registerfile:Register_File|outA[24]                                                                                       ; pll|altpll_component|auto_generated|pll1|clk[1] ; pll|altpll_component|auto_generated|pll1|clk[1] ; 0.000        ; 0.092      ; 1.581      ;
; 1.304 ; pc:PC|addr[3]                                         ; InstMem:Intruction_Memory|altsyncram:altsyncram_component|altsyncram_sra1:auto_generated|ram_block1a7~porta_address_reg0  ; pll|altpll_component|auto_generated|pll1|clk[1] ; pll|altpll_component|auto_generated|pll1|clk[1] ; 0.000        ; 0.466      ; 1.993      ;
; 1.384 ; registerfile:Register_File|outB[28]                   ; datamemory:Data_Memory|altsyncram:altsyncram_component|altsyncram_28i1:auto_generated|ram_block1a27~porta_datain_reg0     ; pll|altpll_component|auto_generated|pll1|clk[1] ; pll|altpll_component|auto_generated|pll1|clk[1] ; 0.000        ; 0.465      ; 2.072      ;
; 1.385 ; registerfile:Register_File|register~366               ; registerfile:Register_File|outA[14]                                                                                       ; pll|altpll_component|auto_generated|pll1|clk[1] ; pll|altpll_component|auto_generated|pll1|clk[1] ; 0.000        ; 0.094      ; 1.665      ;
; 1.397 ; register:D|out[16]                                    ; registerfile:Register_File|register~496                                                                                   ; pll|altpll_component|auto_generated|pll1|clk[1] ; pll|altpll_component|auto_generated|pll1|clk[1] ; 0.000        ; 0.087      ; 1.670      ;
; 1.411 ; pc:PC|addr[2]                                         ; InstMem:Intruction_Memory|altsyncram:altsyncram_component|altsyncram_sra1:auto_generated|ram_block1a21~porta_address_reg0 ; pll|altpll_component|auto_generated|pll1|clk[1] ; pll|altpll_component|auto_generated|pll1|clk[1] ; 0.000        ; 0.453      ; 2.087      ;
; 1.436 ; registerfile:Register_File|register~697               ; registerfile:Register_File|outA[25]                                                                                       ; pll|altpll_component|auto_generated|pll1|clk[1] ; pll|altpll_component|auto_generated|pll1|clk[1] ; 0.000        ; 0.092      ; 1.714      ;
; 1.437 ; registerfile:Register_File|register~336               ; registerfile:Register_File|outA[16]                                                                                       ; pll|altpll_component|auto_generated|pll1|clk[1] ; pll|altpll_component|auto_generated|pll1|clk[1] ; 0.000        ; 0.091      ; 1.714      ;
; 1.470 ; registerfile:Register_File|register~322               ; registerfile:Register_File|outA[2]                                                                                        ; pll|altpll_component|auto_generated|pll1|clk[1] ; pll|altpll_component|auto_generated|pll1|clk[1] ; 0.000        ; 0.092      ; 1.748      ;
; 1.470 ; registerfile:Register_File|register~332               ; registerfile:Register_File|outA[12]                                                                                       ; pll|altpll_component|auto_generated|pll1|clk[1] ; pll|altpll_component|auto_generated|pll1|clk[1] ; 0.000        ; 0.090      ; 1.746      ;
; 1.491 ; Multiplicador:MULTIPLICADOR|ACC:acumulador|Saidas[5]  ; datamemory:Data_Memory|altsyncram:altsyncram_component|altsyncram_28i1:auto_generated|ram_block1a0~porta_address_reg0     ; pll|altpll_component|auto_generated|pll1|clk[0] ; pll|altpll_component|auto_generated|pll1|clk[1] ; 0.016        ; 0.580      ; 2.330      ;
; 1.501 ; registerfile:Register_File|register~199               ; registerfile:Register_File|outA[7]                                                                                        ; pll|altpll_component|auto_generated|pll1|clk[1] ; pll|altpll_component|auto_generated|pll1|clk[1] ; 0.000        ; 0.094      ; 1.781      ;
; 1.506 ; pc:PC|addr[0]                                         ; InstMem:Intruction_Memory|altsyncram:altsyncram_component|altsyncram_sra1:auto_generated|ram_block1a21~porta_address_reg0 ; pll|altpll_component|auto_generated|pll1|clk[1] ; pll|altpll_component|auto_generated|pll1|clk[1] ; 0.000        ; 0.443      ; 2.172      ;
; 1.510 ; register:D|out[12]                                    ; registerfile:Register_File|register~492                                                                                   ; pll|altpll_component|auto_generated|pll1|clk[1] ; pll|altpll_component|auto_generated|pll1|clk[1] ; 0.000        ; 0.091      ; 1.787      ;
; 1.524 ; registerfile:Register_File|register~994               ; registerfile:Register_File|outA[2]                                                                                        ; pll|altpll_component|auto_generated|pll1|clk[1] ; pll|altpll_component|auto_generated|pll1|clk[1] ; 0.000        ; 0.092      ; 1.802      ;
; 1.538 ; Multiplicador:MULTIPLICADOR|ACC:acumulador|Saidas[10] ; register:D|out[10]                                                                                                        ; pll|altpll_component|auto_generated|pll1|clk[0] ; pll|altpll_component|auto_generated|pll1|clk[1] ; 0.016        ; 0.213      ; 1.973      ;
; 1.538 ; registerfile:Register_File|outB[2]                    ; datamemory:Data_Memory|altsyncram:altsyncram_component|altsyncram_28i1:auto_generated|ram_block1a0~porta_datain_reg0      ; pll|altpll_component|auto_generated|pll1|clk[1] ; pll|altpll_component|auto_generated|pll1|clk[1] ; 0.000        ; 0.461      ; 2.222      ;
; 1.551 ; Multiplicador:MULTIPLICADOR|ACC:acumulador|Saidas[11] ; register:D|out[11]                                                                                                        ; pll|altpll_component|auto_generated|pll1|clk[0] ; pll|altpll_component|auto_generated|pll1|clk[1] ; 0.016        ; 0.213      ; 1.986      ;
; 1.569 ; Multiplicador:MULTIPLICADOR|ACC:acumulador|Saidas[4]  ; datamemory:Data_Memory|altsyncram:altsyncram_component|altsyncram_28i1:auto_generated|ram_block1a0~porta_address_reg0     ; pll|altpll_component|auto_generated|pll1|clk[0] ; pll|altpll_component|auto_generated|pll1|clk[1] ; 0.016        ; 0.580      ; 2.408      ;
; 1.572 ; registerfile:Register_File|register~205               ; registerfile:Register_File|outA[13]                                                                                       ; pll|altpll_component|auto_generated|pll1|clk[1] ; pll|altpll_component|auto_generated|pll1|clk[1] ; 0.000        ; 0.086      ; 1.844      ;
; 1.575 ; register:D|out[20]                                    ; registerfile:Register_File|register~500                                                                                   ; pll|altpll_component|auto_generated|pll1|clk[1] ; pll|altpll_component|auto_generated|pll1|clk[1] ; 0.000        ; 0.087      ; 1.848      ;
; 1.590 ; registerfile:Register_File|register~372               ; registerfile:Register_File|outA[20]                                                                                       ; pll|altpll_component|auto_generated|pll1|clk[1] ; pll|altpll_component|auto_generated|pll1|clk[1] ; 0.000        ; 0.095      ; 1.871      ;
; 1.606 ; register:D|out[14]                                    ; registerfile:Register_File|register~494                                                                                   ; pll|altpll_component|auto_generated|pll1|clk[1] ; pll|altpll_component|auto_generated|pll1|clk[1] ; 0.000        ; 0.091      ; 1.883      ;
; 1.627 ; Multiplicador:MULTIPLICADOR|ACC:acumulador|Saidas[8]  ; datamemory:Data_Memory|altsyncram:altsyncram_component|altsyncram_28i1:auto_generated|ram_block1a9~porta_address_reg0     ; pll|altpll_component|auto_generated|pll1|clk[0] ; pll|altpll_component|auto_generated|pll1|clk[1] ; 0.016        ; 0.580      ; 2.466      ;
; 1.640 ; Multiplicador:MULTIPLICADOR|ACC:acumulador|Saidas[1]  ; datamemory:Data_Memory|altsyncram:altsyncram_component|altsyncram_28i1:auto_generated|ram_block1a0~porta_address_reg0     ; pll|altpll_component|auto_generated|pll1|clk[0] ; pll|altpll_component|auto_generated|pll1|clk[1] ; 0.016        ; 0.579      ; 2.478      ;
; 1.644 ; registerfile:Register_File|register~1020              ; registerfile:Register_File|outA[28]                                                                                       ; pll|altpll_component|auto_generated|pll1|clk[1] ; pll|altpll_component|auto_generated|pll1|clk[1] ; 0.000        ; 0.091      ; 1.921      ;
; 1.645 ; pc:PC|addr[4]                                         ; InstMem:Intruction_Memory|altsyncram:altsyncram_component|altsyncram_sra1:auto_generated|ram_block1a7~porta_address_reg0  ; pll|altpll_component|auto_generated|pll1|clk[1] ; pll|altpll_component|auto_generated|pll1|clk[1] ; 0.000        ; 0.456      ; 2.324      ;
; 1.664 ; registerfile:Register_File|register~221               ; registerfile:Register_File|outA[29]                                                                                       ; pll|altpll_component|auto_generated|pll1|clk[1] ; pll|altpll_component|auto_generated|pll1|clk[1] ; 0.000        ; 0.083      ; 1.933      ;
; 1.674 ; pc:PC|addr[4]                                         ; InstMem:Intruction_Memory|altsyncram:altsyncram_component|altsyncram_sra1:auto_generated|ram_block1a0~porta_address_reg0  ; pll|altpll_component|auto_generated|pll1|clk[1] ; pll|altpll_component|auto_generated|pll1|clk[1] ; 0.000        ; 0.453      ; 2.350      ;
; 1.683 ; registerfile:Register_File|register~109               ; registerfile:Register_File|outA[13]                                                                                       ; pll|altpll_component|auto_generated|pll1|clk[1] ; pll|altpll_component|auto_generated|pll1|clk[1] ; 0.000        ; 0.092      ; 1.961      ;
; 1.686 ; registerfile:Register_File|register~699               ; registerfile:Register_File|outA[27]                                                                                       ; pll|altpll_component|auto_generated|pll1|clk[1] ; pll|altpll_component|auto_generated|pll1|clk[1] ; 0.000        ; 0.087      ; 1.959      ;
; 1.686 ; registerfile:Register_File|register~892               ; registerfile:Register_File|outB[28]                                                                                       ; pll|altpll_component|auto_generated|pll1|clk[1] ; pll|altpll_component|auto_generated|pll1|clk[1] ; 0.000        ; 0.085      ; 1.957      ;
; 1.694 ; registerfile:Register_File|register~436               ; registerfile:Register_File|outA[20]                                                                                       ; pll|altpll_component|auto_generated|pll1|clk[1] ; pll|altpll_component|auto_generated|pll1|clk[1] ; 0.000        ; 0.094      ; 1.974      ;
; 1.698 ; registerfile:Register_File|register~753               ; registerfile:Register_File|outB[17]                                                                                       ; pll|altpll_component|auto_generated|pll1|clk[1] ; pll|altpll_component|auto_generated|pll1|clk[1] ; 0.000        ; 0.091      ; 1.975      ;
; 1.700 ; pc:PC|addr[2]                                         ; InstMem:Intruction_Memory|altsyncram:altsyncram_component|altsyncram_sra1:auto_generated|ram_block1a0~porta_address_reg0  ; pll|altpll_component|auto_generated|pll1|clk[1] ; pll|altpll_component|auto_generated|pll1|clk[1] ; 0.000        ; 0.463      ; 2.386      ;
; 1.706 ; Multiplicador:MULTIPLICADOR|ACC:acumulador|Saidas[19] ; register:D|out[19]                                                                                                        ; pll|altpll_component|auto_generated|pll1|clk[0] ; pll|altpll_component|auto_generated|pll1|clk[1] ; 0.016        ; 0.213      ; 2.141      ;
; 1.720 ; Multiplicador:MULTIPLICADOR|ACC:acumulador|Saidas[17] ; register:D|out[17]                                                                                                        ; pll|altpll_component|auto_generated|pll1|clk[0] ; pll|altpll_component|auto_generated|pll1|clk[1] ; 0.016        ; 0.213      ; 2.155      ;
; 1.722 ; registerfile:Register_File|register~418               ; registerfile:Register_File|outA[2]                                                                                        ; pll|altpll_component|auto_generated|pll1|clk[1] ; pll|altpll_component|auto_generated|pll1|clk[1] ; 0.000        ; 0.088      ; 1.996      ;
; 1.731 ; pc:PC|addr[2]                                         ; InstMem:Intruction_Memory|altsyncram:altsyncram_component|altsyncram_sra1:auto_generated|ram_block1a7~porta_address_reg0  ; pll|altpll_component|auto_generated|pll1|clk[1] ; pll|altpll_component|auto_generated|pll1|clk[1] ; 0.000        ; 0.466      ; 2.420      ;
; 1.735 ; registerfile:Register_File|register~459               ; registerfile:Register_File|outA[11]                                                                                       ; pll|altpll_component|auto_generated|pll1|clk[1] ; pll|altpll_component|auto_generated|pll1|clk[1] ; 0.000        ; 0.092      ; 2.013      ;
+-------+-------------------------------------------------------+---------------------------------------------------------------------------------------------------------------------------+-------------------------------------------------+-------------------------------------------------+--------------+------------+------------+


+----------------------------------------------------------------------------------------------------------------------------------------------------------------------------------------------------------------------------------------------------------------------+
; Slow 1200mV 100C Model Recovery: 'pll|altpll_component|auto_generated|pll1|clk[0]'                                                                                                                                                                                   ;
+-------+-------------------------------------------------------+---------------------------------------------------------+-------------------------------------------------+-------------------------------------------------+--------------+------------+------------+
; Slack ; From Node                                             ; To Node                                                 ; Launch Clock                                    ; Latch Clock                                     ; Relationship ; Clock Skew ; Data Delay ;
+-------+-------------------------------------------------------+---------------------------------------------------------+-------------------------------------------------+-------------------------------------------------+--------------+------------+------------+
; 1.169 ; register:CTRL1|out[5]                                 ; Multiplicador:MULTIPLICADOR|Counter:Contador|counter[3] ; pll|altpll_component|auto_generated|pll1|clk[1] ; pll|altpll_component|auto_generated|pll1|clk[0] ; 3.676        ; -0.214     ; 2.291      ;
; 1.169 ; register:CTRL1|out[5]                                 ; Multiplicador:MULTIPLICADOR|Counter:Contador|counter[4] ; pll|altpll_component|auto_generated|pll1|clk[1] ; pll|altpll_component|auto_generated|pll1|clk[0] ; 3.676        ; -0.214     ; 2.291      ;
; 1.169 ; register:CTRL1|out[5]                                 ; Multiplicador:MULTIPLICADOR|Counter:Contador|counter[5] ; pll|altpll_component|auto_generated|pll1|clk[1] ; pll|altpll_component|auto_generated|pll1|clk[0] ; 3.676        ; -0.214     ; 2.291      ;
; 1.169 ; register:CTRL1|out[5]                                 ; Multiplicador:MULTIPLICADOR|Counter:Contador|aux_load   ; pll|altpll_component|auto_generated|pll1|clk[1] ; pll|altpll_component|auto_generated|pll1|clk[0] ; 3.676        ; -0.214     ; 2.291      ;
; 1.169 ; register:CTRL1|out[5]                                 ; Multiplicador:MULTIPLICADOR|Counter:Contador|counter[1] ; pll|altpll_component|auto_generated|pll1|clk[1] ; pll|altpll_component|auto_generated|pll1|clk[0] ; 3.676        ; -0.214     ; 2.291      ;
; 1.169 ; register:CTRL1|out[5]                                 ; Multiplicador:MULTIPLICADOR|Counter:Contador|counter[0] ; pll|altpll_component|auto_generated|pll1|clk[1] ; pll|altpll_component|auto_generated|pll1|clk[0] ; 3.676        ; -0.214     ; 2.291      ;
; 1.169 ; register:CTRL1|out[5]                                 ; Multiplicador:MULTIPLICADOR|Counter:Contador|counter[2] ; pll|altpll_component|auto_generated|pll1|clk[1] ; pll|altpll_component|auto_generated|pll1|clk[0] ; 3.676        ; -0.214     ; 2.291      ;
; 1.169 ; register:CTRL1|out[5]                                 ; Multiplicador:MULTIPLICADOR|Counter:Contador|K          ; pll|altpll_component|auto_generated|pll1|clk[1] ; pll|altpll_component|auto_generated|pll1|clk[0] ; 3.676        ; -0.214     ; 2.291      ;
; 1.316 ; Multiplicador:MULTIPLICADOR|CONTROL:controle|state.S0 ; Multiplicador:MULTIPLICADOR|Counter:Contador|K          ; pll|altpll_component|auto_generated|pll1|clk[0] ; pll|altpll_component|auto_generated|pll1|clk[0] ; 3.676        ; -0.093     ; 2.265      ;
; 1.316 ; Multiplicador:MULTIPLICADOR|CONTROL:controle|state.S0 ; Multiplicador:MULTIPLICADOR|Counter:Contador|aux_load   ; pll|altpll_component|auto_generated|pll1|clk[0] ; pll|altpll_component|auto_generated|pll1|clk[0] ; 3.676        ; -0.093     ; 2.265      ;
; 1.316 ; Multiplicador:MULTIPLICADOR|CONTROL:controle|state.S0 ; Multiplicador:MULTIPLICADOR|Counter:Contador|counter[0] ; pll|altpll_component|auto_generated|pll1|clk[0] ; pll|altpll_component|auto_generated|pll1|clk[0] ; 3.676        ; -0.093     ; 2.265      ;
; 1.316 ; Multiplicador:MULTIPLICADOR|CONTROL:controle|state.S0 ; Multiplicador:MULTIPLICADOR|Counter:Contador|counter[5] ; pll|altpll_component|auto_generated|pll1|clk[0] ; pll|altpll_component|auto_generated|pll1|clk[0] ; 3.676        ; -0.093     ; 2.265      ;
; 1.316 ; Multiplicador:MULTIPLICADOR|CONTROL:controle|state.S0 ; Multiplicador:MULTIPLICADOR|Counter:Contador|counter[4] ; pll|altpll_component|auto_generated|pll1|clk[0] ; pll|altpll_component|auto_generated|pll1|clk[0] ; 3.676        ; -0.093     ; 2.265      ;
; 1.316 ; Multiplicador:MULTIPLICADOR|CONTROL:controle|state.S0 ; Multiplicador:MULTIPLICADOR|Counter:Contador|counter[3] ; pll|altpll_component|auto_generated|pll1|clk[0] ; pll|altpll_component|auto_generated|pll1|clk[0] ; 3.676        ; -0.093     ; 2.265      ;
; 1.316 ; Multiplicador:MULTIPLICADOR|CONTROL:controle|state.S0 ; Multiplicador:MULTIPLICADOR|Counter:Contador|counter[2] ; pll|altpll_component|auto_generated|pll1|clk[0] ; pll|altpll_component|auto_generated|pll1|clk[0] ; 3.676        ; -0.093     ; 2.265      ;
; 1.316 ; Multiplicador:MULTIPLICADOR|CONTROL:controle|state.S0 ; Multiplicador:MULTIPLICADOR|Counter:Contador|counter[1] ; pll|altpll_component|auto_generated|pll1|clk[0] ; pll|altpll_component|auto_generated|pll1|clk[0] ; 3.676        ; -0.093     ; 2.265      ;
+-------+-------------------------------------------------------+---------------------------------------------------------+-------------------------------------------------+-------------------------------------------------+--------------+------------+------------+


+----------------------------------------------------------------------------------------------------------------------------------------------------------------------------------------------------+
; Slow 1200mV 100C Model Recovery: 'pll|altpll_component|auto_generated|pll1|clk[1]'                                                                                                                 ;
+---------+--------------------+------------------------+-------------------------------------------------+-------------------------------------------------+--------------+------------+------------+
; Slack   ; From Node          ; To Node                ; Launch Clock                                    ; Latch Clock                                     ; Relationship ; Clock Skew ; Data Delay ;
+---------+--------------------+------------------------+-------------------------------------------------+-------------------------------------------------+--------------+------------+------------+
; 121.749 ; pc:PC|resetControl ; register:IMM|out[18]   ; pll|altpll_component|auto_generated|pll1|clk[1] ; pll|altpll_component|auto_generated|pll1|clk[1] ; 125.000      ; -0.092     ; 3.157      ;
; 121.749 ; pc:PC|resetControl ; register:IMM|out[25]   ; pll|altpll_component|auto_generated|pll1|clk[1] ; pll|altpll_component|auto_generated|pll1|clk[1] ; 125.000      ; -0.092     ; 3.157      ;
; 121.749 ; pc:PC|resetControl ; register:IMM|out[23]   ; pll|altpll_component|auto_generated|pll1|clk[1] ; pll|altpll_component|auto_generated|pll1|clk[1] ; 125.000      ; -0.092     ; 3.157      ;
; 121.749 ; pc:PC|resetControl ; register:IMM|out[22]   ; pll|altpll_component|auto_generated|pll1|clk[1] ; pll|altpll_component|auto_generated|pll1|clk[1] ; 125.000      ; -0.092     ; 3.157      ;
; 121.749 ; pc:PC|resetControl ; register:IMM|out[20]   ; pll|altpll_component|auto_generated|pll1|clk[1] ; pll|altpll_component|auto_generated|pll1|clk[1] ; 125.000      ; -0.092     ; 3.157      ;
; 121.749 ; pc:PC|resetControl ; register:IMM|out[26]   ; pll|altpll_component|auto_generated|pll1|clk[1] ; pll|altpll_component|auto_generated|pll1|clk[1] ; 125.000      ; -0.092     ; 3.157      ;
; 121.749 ; pc:PC|resetControl ; register:IMM|out[27]   ; pll|altpll_component|auto_generated|pll1|clk[1] ; pll|altpll_component|auto_generated|pll1|clk[1] ; 125.000      ; -0.092     ; 3.157      ;
; 121.749 ; pc:PC|resetControl ; register:IMM|out[28]   ; pll|altpll_component|auto_generated|pll1|clk[1] ; pll|altpll_component|auto_generated|pll1|clk[1] ; 125.000      ; -0.092     ; 3.157      ;
; 121.749 ; pc:PC|resetControl ; register:IMM|out[29]   ; pll|altpll_component|auto_generated|pll1|clk[1] ; pll|altpll_component|auto_generated|pll1|clk[1] ; 125.000      ; -0.092     ; 3.157      ;
; 122.045 ; pc:PC|resetControl ; register:IMM|out[21]   ; pll|altpll_component|auto_generated|pll1|clk[1] ; pll|altpll_component|auto_generated|pll1|clk[1] ; 125.000      ; -0.074     ; 2.879      ;
; 122.045 ; pc:PC|resetControl ; register:IMM|out[19]   ; pll|altpll_component|auto_generated|pll1|clk[1] ; pll|altpll_component|auto_generated|pll1|clk[1] ; 125.000      ; -0.074     ; 2.879      ;
; 122.103 ; pc:PC|resetControl ; register:CTRL1|out[5]  ; pll|altpll_component|auto_generated|pll1|clk[1] ; pll|altpll_component|auto_generated|pll1|clk[1] ; 125.000      ; -0.064     ; 2.831      ;
; 122.103 ; pc:PC|resetControl ; register:CTRL1|out[4]  ; pll|altpll_component|auto_generated|pll1|clk[1] ; pll|altpll_component|auto_generated|pll1|clk[1] ; 125.000      ; -0.064     ; 2.831      ;
; 122.104 ; pc:PC|resetControl ; register:IMM|out[24]   ; pll|altpll_component|auto_generated|pll1|clk[1] ; pll|altpll_component|auto_generated|pll1|clk[1] ; 125.000      ; -0.093     ; 2.801      ;
; 122.273 ; pc:PC|resetControl ; register:CTRL1|out[9]  ; pll|altpll_component|auto_generated|pll1|clk[1] ; pll|altpll_component|auto_generated|pll1|clk[1] ; 125.000      ; -0.074     ; 2.651      ;
; 122.273 ; pc:PC|resetControl ; register:CTRL1|out[2]  ; pll|altpll_component|auto_generated|pll1|clk[1] ; pll|altpll_component|auto_generated|pll1|clk[1] ; 125.000      ; -0.074     ; 2.651      ;
; 122.273 ; pc:PC|resetControl ; register:CTRL1|out[6]  ; pll|altpll_component|auto_generated|pll1|clk[1] ; pll|altpll_component|auto_generated|pll1|clk[1] ; 125.000      ; -0.074     ; 2.651      ;
; 122.273 ; pc:PC|resetControl ; register:CTRL1|out[7]  ; pll|altpll_component|auto_generated|pll1|clk[1] ; pll|altpll_component|auto_generated|pll1|clk[1] ; 125.000      ; -0.074     ; 2.651      ;
; 122.394 ; pc:PC|resetControl ; register:CTRL1|out[14] ; pll|altpll_component|auto_generated|pll1|clk[1] ; pll|altpll_component|auto_generated|pll1|clk[1] ; 125.000      ; -0.070     ; 2.534      ;
; 122.394 ; pc:PC|resetControl ; register:IMM|out[2]    ; pll|altpll_component|auto_generated|pll1|clk[1] ; pll|altpll_component|auto_generated|pll1|clk[1] ; 125.000      ; -0.070     ; 2.534      ;
; 122.394 ; pc:PC|resetControl ; register:IMM|out[5]    ; pll|altpll_component|auto_generated|pll1|clk[1] ; pll|altpll_component|auto_generated|pll1|clk[1] ; 125.000      ; -0.070     ; 2.534      ;
; 122.394 ; pc:PC|resetControl ; register:IMM|out[3]    ; pll|altpll_component|auto_generated|pll1|clk[1] ; pll|altpll_component|auto_generated|pll1|clk[1] ; 125.000      ; -0.070     ; 2.534      ;
; 122.416 ; pc:PC|resetControl ; register:IMM|out[15]   ; pll|altpll_component|auto_generated|pll1|clk[1] ; pll|altpll_component|auto_generated|pll1|clk[1] ; 125.000      ; -0.076     ; 2.506      ;
; 122.416 ; pc:PC|resetControl ; register:IMM|out[30]   ; pll|altpll_component|auto_generated|pll1|clk[1] ; pll|altpll_component|auto_generated|pll1|clk[1] ; 125.000      ; -0.076     ; 2.506      ;
; 122.416 ; pc:PC|resetControl ; register:IMM|out[31]   ; pll|altpll_component|auto_generated|pll1|clk[1] ; pll|altpll_component|auto_generated|pll1|clk[1] ; 125.000      ; -0.076     ; 2.506      ;
; 122.416 ; pc:PC|resetControl ; register:IMM|out[9]    ; pll|altpll_component|auto_generated|pll1|clk[1] ; pll|altpll_component|auto_generated|pll1|clk[1] ; 125.000      ; -0.076     ; 2.506      ;
; 122.446 ; pc:PC|resetControl ; register:IMM|out[6]    ; pll|altpll_component|auto_generated|pll1|clk[1] ; pll|altpll_component|auto_generated|pll1|clk[1] ; 125.000      ; -0.075     ; 2.477      ;
; 122.446 ; pc:PC|resetControl ; register:IMM|out[17]   ; pll|altpll_component|auto_generated|pll1|clk[1] ; pll|altpll_component|auto_generated|pll1|clk[1] ; 125.000      ; -0.075     ; 2.477      ;
; 122.446 ; pc:PC|resetControl ; register:IMM|out[16]   ; pll|altpll_component|auto_generated|pll1|clk[1] ; pll|altpll_component|auto_generated|pll1|clk[1] ; 125.000      ; -0.075     ; 2.477      ;
; 122.451 ; pc:PC|resetControl ; register:IMM|out[7]    ; pll|altpll_component|auto_generated|pll1|clk[1] ; pll|altpll_component|auto_generated|pll1|clk[1] ; 125.000      ; -0.078     ; 2.469      ;
; 122.451 ; pc:PC|resetControl ; register:IMM|out[10]   ; pll|altpll_component|auto_generated|pll1|clk[1] ; pll|altpll_component|auto_generated|pll1|clk[1] ; 125.000      ; -0.078     ; 2.469      ;
; 122.623 ; pc:PC|resetControl ; register:CTRL1|out[1]  ; pll|altpll_component|auto_generated|pll1|clk[1] ; pll|altpll_component|auto_generated|pll1|clk[1] ; 125.000      ; -0.076     ; 2.299      ;
; 122.623 ; pc:PC|resetControl ; register:CTRL1|out[8]  ; pll|altpll_component|auto_generated|pll1|clk[1] ; pll|altpll_component|auto_generated|pll1|clk[1] ; 125.000      ; -0.076     ; 2.299      ;
; 122.623 ; pc:PC|resetControl ; register:CTRL1|out[3]  ; pll|altpll_component|auto_generated|pll1|clk[1] ; pll|altpll_component|auto_generated|pll1|clk[1] ; 125.000      ; -0.076     ; 2.299      ;
; 122.636 ; pc:PC|resetControl ; register:IMM|out[8]    ; pll|altpll_component|auto_generated|pll1|clk[1] ; pll|altpll_component|auto_generated|pll1|clk[1] ; 125.000      ; -0.081     ; 2.281      ;
; 122.813 ; pc:PC|resetControl ; register:CTRL1|out[13] ; pll|altpll_component|auto_generated|pll1|clk[1] ; pll|altpll_component|auto_generated|pll1|clk[1] ; 125.000      ; -0.086     ; 2.099      ;
; 122.813 ; pc:PC|resetControl ; register:CTRL1|out[12] ; pll|altpll_component|auto_generated|pll1|clk[1] ; pll|altpll_component|auto_generated|pll1|clk[1] ; 125.000      ; -0.086     ; 2.099      ;
; 122.813 ; pc:PC|resetControl ; register:CTRL1|out[11] ; pll|altpll_component|auto_generated|pll1|clk[1] ; pll|altpll_component|auto_generated|pll1|clk[1] ; 125.000      ; -0.086     ; 2.099      ;
; 122.813 ; pc:PC|resetControl ; register:CTRL1|out[10] ; pll|altpll_component|auto_generated|pll1|clk[1] ; pll|altpll_component|auto_generated|pll1|clk[1] ; 125.000      ; -0.086     ; 2.099      ;
; 122.813 ; pc:PC|resetControl ; register:IMM|out[14]   ; pll|altpll_component|auto_generated|pll1|clk[1] ; pll|altpll_component|auto_generated|pll1|clk[1] ; 125.000      ; -0.086     ; 2.099      ;
; 122.813 ; pc:PC|resetControl ; register:IMM|out[13]   ; pll|altpll_component|auto_generated|pll1|clk[1] ; pll|altpll_component|auto_generated|pll1|clk[1] ; 125.000      ; -0.086     ; 2.099      ;
; 122.813 ; pc:PC|resetControl ; register:IMM|out[12]   ; pll|altpll_component|auto_generated|pll1|clk[1] ; pll|altpll_component|auto_generated|pll1|clk[1] ; 125.000      ; -0.086     ; 2.099      ;
; 122.813 ; pc:PC|resetControl ; register:IMM|out[11]   ; pll|altpll_component|auto_generated|pll1|clk[1] ; pll|altpll_component|auto_generated|pll1|clk[1] ; 125.000      ; -0.086     ; 2.099      ;
; 123.051 ; pc:PC|resetControl ; register:IMM|out[0]    ; pll|altpll_component|auto_generated|pll1|clk[1] ; pll|altpll_component|auto_generated|pll1|clk[1] ; 125.000      ; -0.090     ; 1.857      ;
; 123.051 ; pc:PC|resetControl ; register:IMM|out[1]    ; pll|altpll_component|auto_generated|pll1|clk[1] ; pll|altpll_component|auto_generated|pll1|clk[1] ; 125.000      ; -0.090     ; 1.857      ;
; 123.051 ; pc:PC|resetControl ; register:IMM|out[4]    ; pll|altpll_component|auto_generated|pll1|clk[1] ; pll|altpll_component|auto_generated|pll1|clk[1] ; 125.000      ; -0.090     ; 1.857      ;
+---------+--------------------+------------------------+-------------------------------------------------+-------------------------------------------------+--------------+------------+------------+


+--------------------------------------------------------------------------------------------------------------------------------------------------------------------------------------------------+
; Slow 1200mV 100C Model Removal: 'pll|altpll_component|auto_generated|pll1|clk[1]'                                                                                                                ;
+-------+--------------------+------------------------+-------------------------------------------------+-------------------------------------------------+--------------+------------+------------+
; Slack ; From Node          ; To Node                ; Launch Clock                                    ; Latch Clock                                     ; Relationship ; Clock Skew ; Data Delay ;
+-------+--------------------+------------------------+-------------------------------------------------+-------------------------------------------------+--------------+------------+------------+
; 1.456 ; pc:PC|resetControl ; register:IMM|out[0]    ; pll|altpll_component|auto_generated|pll1|clk[1] ; pll|altpll_component|auto_generated|pll1|clk[1] ; 0.000        ; 0.090      ; 1.732      ;
; 1.456 ; pc:PC|resetControl ; register:IMM|out[1]    ; pll|altpll_component|auto_generated|pll1|clk[1] ; pll|altpll_component|auto_generated|pll1|clk[1] ; 0.000        ; 0.090      ; 1.732      ;
; 1.456 ; pc:PC|resetControl ; register:IMM|out[4]    ; pll|altpll_component|auto_generated|pll1|clk[1] ; pll|altpll_component|auto_generated|pll1|clk[1] ; 0.000        ; 0.090      ; 1.732      ;
; 1.683 ; pc:PC|resetControl ; register:CTRL1|out[13] ; pll|altpll_component|auto_generated|pll1|clk[1] ; pll|altpll_component|auto_generated|pll1|clk[1] ; 0.000        ; 0.095      ; 1.964      ;
; 1.683 ; pc:PC|resetControl ; register:CTRL1|out[12] ; pll|altpll_component|auto_generated|pll1|clk[1] ; pll|altpll_component|auto_generated|pll1|clk[1] ; 0.000        ; 0.095      ; 1.964      ;
; 1.683 ; pc:PC|resetControl ; register:CTRL1|out[11] ; pll|altpll_component|auto_generated|pll1|clk[1] ; pll|altpll_component|auto_generated|pll1|clk[1] ; 0.000        ; 0.095      ; 1.964      ;
; 1.683 ; pc:PC|resetControl ; register:CTRL1|out[10] ; pll|altpll_component|auto_generated|pll1|clk[1] ; pll|altpll_component|auto_generated|pll1|clk[1] ; 0.000        ; 0.095      ; 1.964      ;
; 1.683 ; pc:PC|resetControl ; register:IMM|out[14]   ; pll|altpll_component|auto_generated|pll1|clk[1] ; pll|altpll_component|auto_generated|pll1|clk[1] ; 0.000        ; 0.095      ; 1.964      ;
; 1.683 ; pc:PC|resetControl ; register:IMM|out[13]   ; pll|altpll_component|auto_generated|pll1|clk[1] ; pll|altpll_component|auto_generated|pll1|clk[1] ; 0.000        ; 0.095      ; 1.964      ;
; 1.683 ; pc:PC|resetControl ; register:IMM|out[12]   ; pll|altpll_component|auto_generated|pll1|clk[1] ; pll|altpll_component|auto_generated|pll1|clk[1] ; 0.000        ; 0.095      ; 1.964      ;
; 1.683 ; pc:PC|resetControl ; register:IMM|out[11]   ; pll|altpll_component|auto_generated|pll1|clk[1] ; pll|altpll_component|auto_generated|pll1|clk[1] ; 0.000        ; 0.095      ; 1.964      ;
; 1.830 ; pc:PC|resetControl ; register:IMM|out[8]    ; pll|altpll_component|auto_generated|pll1|clk[1] ; pll|altpll_component|auto_generated|pll1|clk[1] ; 0.000        ; 0.100      ; 2.116      ;
; 1.842 ; pc:PC|resetControl ; register:CTRL1|out[1]  ; pll|altpll_component|auto_generated|pll1|clk[1] ; pll|altpll_component|auto_generated|pll1|clk[1] ; 0.000        ; 0.105      ; 2.133      ;
; 1.842 ; pc:PC|resetControl ; register:CTRL1|out[8]  ; pll|altpll_component|auto_generated|pll1|clk[1] ; pll|altpll_component|auto_generated|pll1|clk[1] ; 0.000        ; 0.105      ; 2.133      ;
; 1.842 ; pc:PC|resetControl ; register:CTRL1|out[3]  ; pll|altpll_component|auto_generated|pll1|clk[1] ; pll|altpll_component|auto_generated|pll1|clk[1] ; 0.000        ; 0.105      ; 2.133      ;
; 2.018 ; pc:PC|resetControl ; register:IMM|out[7]    ; pll|altpll_component|auto_generated|pll1|clk[1] ; pll|altpll_component|auto_generated|pll1|clk[1] ; 0.000        ; 0.103      ; 2.307      ;
; 2.018 ; pc:PC|resetControl ; register:IMM|out[10]   ; pll|altpll_component|auto_generated|pll1|clk[1] ; pll|altpll_component|auto_generated|pll1|clk[1] ; 0.000        ; 0.103      ; 2.307      ;
; 2.025 ; pc:PC|resetControl ; register:IMM|out[6]    ; pll|altpll_component|auto_generated|pll1|clk[1] ; pll|altpll_component|auto_generated|pll1|clk[1] ; 0.000        ; 0.106      ; 2.317      ;
; 2.025 ; pc:PC|resetControl ; register:IMM|out[17]   ; pll|altpll_component|auto_generated|pll1|clk[1] ; pll|altpll_component|auto_generated|pll1|clk[1] ; 0.000        ; 0.106      ; 2.317      ;
; 2.025 ; pc:PC|resetControl ; register:IMM|out[16]   ; pll|altpll_component|auto_generated|pll1|clk[1] ; pll|altpll_component|auto_generated|pll1|clk[1] ; 0.000        ; 0.106      ; 2.317      ;
; 2.059 ; pc:PC|resetControl ; register:IMM|out[15]   ; pll|altpll_component|auto_generated|pll1|clk[1] ; pll|altpll_component|auto_generated|pll1|clk[1] ; 0.000        ; 0.104      ; 2.349      ;
; 2.059 ; pc:PC|resetControl ; register:IMM|out[30]   ; pll|altpll_component|auto_generated|pll1|clk[1] ; pll|altpll_component|auto_generated|pll1|clk[1] ; 0.000        ; 0.104      ; 2.349      ;
; 2.059 ; pc:PC|resetControl ; register:IMM|out[31]   ; pll|altpll_component|auto_generated|pll1|clk[1] ; pll|altpll_component|auto_generated|pll1|clk[1] ; 0.000        ; 0.104      ; 2.349      ;
; 2.059 ; pc:PC|resetControl ; register:IMM|out[9]    ; pll|altpll_component|auto_generated|pll1|clk[1] ; pll|altpll_component|auto_generated|pll1|clk[1] ; 0.000        ; 0.104      ; 2.349      ;
; 2.063 ; pc:PC|resetControl ; register:CTRL1|out[14] ; pll|altpll_component|auto_generated|pll1|clk[1] ; pll|altpll_component|auto_generated|pll1|clk[1] ; 0.000        ; 0.111      ; 2.360      ;
; 2.063 ; pc:PC|resetControl ; register:IMM|out[2]    ; pll|altpll_component|auto_generated|pll1|clk[1] ; pll|altpll_component|auto_generated|pll1|clk[1] ; 0.000        ; 0.111      ; 2.360      ;
; 2.063 ; pc:PC|resetControl ; register:IMM|out[5]    ; pll|altpll_component|auto_generated|pll1|clk[1] ; pll|altpll_component|auto_generated|pll1|clk[1] ; 0.000        ; 0.111      ; 2.360      ;
; 2.063 ; pc:PC|resetControl ; register:IMM|out[3]    ; pll|altpll_component|auto_generated|pll1|clk[1] ; pll|altpll_component|auto_generated|pll1|clk[1] ; 0.000        ; 0.111      ; 2.360      ;
; 2.184 ; pc:PC|resetControl ; register:CTRL1|out[9]  ; pll|altpll_component|auto_generated|pll1|clk[1] ; pll|altpll_component|auto_generated|pll1|clk[1] ; 0.000        ; 0.107      ; 2.477      ;
; 2.184 ; pc:PC|resetControl ; register:CTRL1|out[2]  ; pll|altpll_component|auto_generated|pll1|clk[1] ; pll|altpll_component|auto_generated|pll1|clk[1] ; 0.000        ; 0.107      ; 2.477      ;
; 2.184 ; pc:PC|resetControl ; register:CTRL1|out[6]  ; pll|altpll_component|auto_generated|pll1|clk[1] ; pll|altpll_component|auto_generated|pll1|clk[1] ; 0.000        ; 0.107      ; 2.477      ;
; 2.184 ; pc:PC|resetControl ; register:CTRL1|out[7]  ; pll|altpll_component|auto_generated|pll1|clk[1] ; pll|altpll_component|auto_generated|pll1|clk[1] ; 0.000        ; 0.107      ; 2.477      ;
; 2.355 ; pc:PC|resetControl ; register:CTRL1|out[5]  ; pll|altpll_component|auto_generated|pll1|clk[1] ; pll|altpll_component|auto_generated|pll1|clk[1] ; 0.000        ; 0.118      ; 2.659      ;
; 2.355 ; pc:PC|resetControl ; register:CTRL1|out[4]  ; pll|altpll_component|auto_generated|pll1|clk[1] ; pll|altpll_component|auto_generated|pll1|clk[1] ; 0.000        ; 0.118      ; 2.659      ;
; 2.369 ; pc:PC|resetControl ; register:IMM|out[24]   ; pll|altpll_component|auto_generated|pll1|clk[1] ; pll|altpll_component|auto_generated|pll1|clk[1] ; 0.000        ; 0.087      ; 2.642      ;
; 2.400 ; pc:PC|resetControl ; register:IMM|out[21]   ; pll|altpll_component|auto_generated|pll1|clk[1] ; pll|altpll_component|auto_generated|pll1|clk[1] ; 0.000        ; 0.107      ; 2.693      ;
; 2.400 ; pc:PC|resetControl ; register:IMM|out[19]   ; pll|altpll_component|auto_generated|pll1|clk[1] ; pll|altpll_component|auto_generated|pll1|clk[1] ; 0.000        ; 0.107      ; 2.693      ;
; 2.701 ; pc:PC|resetControl ; register:IMM|out[18]   ; pll|altpll_component|auto_generated|pll1|clk[1] ; pll|altpll_component|auto_generated|pll1|clk[1] ; 0.000        ; 0.088      ; 2.975      ;
; 2.701 ; pc:PC|resetControl ; register:IMM|out[25]   ; pll|altpll_component|auto_generated|pll1|clk[1] ; pll|altpll_component|auto_generated|pll1|clk[1] ; 0.000        ; 0.088      ; 2.975      ;
; 2.701 ; pc:PC|resetControl ; register:IMM|out[23]   ; pll|altpll_component|auto_generated|pll1|clk[1] ; pll|altpll_component|auto_generated|pll1|clk[1] ; 0.000        ; 0.088      ; 2.975      ;
; 2.701 ; pc:PC|resetControl ; register:IMM|out[22]   ; pll|altpll_component|auto_generated|pll1|clk[1] ; pll|altpll_component|auto_generated|pll1|clk[1] ; 0.000        ; 0.088      ; 2.975      ;
; 2.701 ; pc:PC|resetControl ; register:IMM|out[20]   ; pll|altpll_component|auto_generated|pll1|clk[1] ; pll|altpll_component|auto_generated|pll1|clk[1] ; 0.000        ; 0.088      ; 2.975      ;
; 2.701 ; pc:PC|resetControl ; register:IMM|out[26]   ; pll|altpll_component|auto_generated|pll1|clk[1] ; pll|altpll_component|auto_generated|pll1|clk[1] ; 0.000        ; 0.088      ; 2.975      ;
; 2.701 ; pc:PC|resetControl ; register:IMM|out[27]   ; pll|altpll_component|auto_generated|pll1|clk[1] ; pll|altpll_component|auto_generated|pll1|clk[1] ; 0.000        ; 0.088      ; 2.975      ;
; 2.701 ; pc:PC|resetControl ; register:IMM|out[28]   ; pll|altpll_component|auto_generated|pll1|clk[1] ; pll|altpll_component|auto_generated|pll1|clk[1] ; 0.000        ; 0.088      ; 2.975      ;
; 2.701 ; pc:PC|resetControl ; register:IMM|out[29]   ; pll|altpll_component|auto_generated|pll1|clk[1] ; pll|altpll_component|auto_generated|pll1|clk[1] ; 0.000        ; 0.088      ; 2.975      ;
+-------+--------------------+------------------------+-------------------------------------------------+-------------------------------------------------+--------------+------------+------------+


+----------------------------------------------------------------------------------------------------------------------------------------------------------------------------------------------------------------------------------------------------------------------+
; Slow 1200mV 100C Model Removal: 'pll|altpll_component|auto_generated|pll1|clk[0]'                                                                                                                                                                                    ;
+-------+-------------------------------------------------------+---------------------------------------------------------+-------------------------------------------------+-------------------------------------------------+--------------+------------+------------+
; Slack ; From Node                                             ; To Node                                                 ; Launch Clock                                    ; Latch Clock                                     ; Relationship ; Clock Skew ; Data Delay ;
+-------+-------------------------------------------------------+---------------------------------------------------------+-------------------------------------------------+-------------------------------------------------+--------------+------------+------------+
; 1.765 ; register:CTRL1|out[5]                                 ; Multiplicador:MULTIPLICADOR|Counter:Contador|counter[3] ; pll|altpll_component|auto_generated|pll1|clk[1] ; pll|altpll_component|auto_generated|pll1|clk[0] ; -0.016       ; 0.211      ; 2.166      ;
; 1.765 ; register:CTRL1|out[5]                                 ; Multiplicador:MULTIPLICADOR|Counter:Contador|counter[4] ; pll|altpll_component|auto_generated|pll1|clk[1] ; pll|altpll_component|auto_generated|pll1|clk[0] ; -0.016       ; 0.211      ; 2.166      ;
; 1.765 ; register:CTRL1|out[5]                                 ; Multiplicador:MULTIPLICADOR|Counter:Contador|counter[5] ; pll|altpll_component|auto_generated|pll1|clk[1] ; pll|altpll_component|auto_generated|pll1|clk[0] ; -0.016       ; 0.211      ; 2.166      ;
; 1.765 ; register:CTRL1|out[5]                                 ; Multiplicador:MULTIPLICADOR|Counter:Contador|aux_load   ; pll|altpll_component|auto_generated|pll1|clk[1] ; pll|altpll_component|auto_generated|pll1|clk[0] ; -0.016       ; 0.211      ; 2.166      ;
; 1.765 ; register:CTRL1|out[5]                                 ; Multiplicador:MULTIPLICADOR|Counter:Contador|counter[1] ; pll|altpll_component|auto_generated|pll1|clk[1] ; pll|altpll_component|auto_generated|pll1|clk[0] ; -0.016       ; 0.211      ; 2.166      ;
; 1.765 ; register:CTRL1|out[5]                                 ; Multiplicador:MULTIPLICADOR|Counter:Contador|counter[0] ; pll|altpll_component|auto_generated|pll1|clk[1] ; pll|altpll_component|auto_generated|pll1|clk[0] ; -0.016       ; 0.211      ; 2.166      ;
; 1.765 ; register:CTRL1|out[5]                                 ; Multiplicador:MULTIPLICADOR|Counter:Contador|counter[2] ; pll|altpll_component|auto_generated|pll1|clk[1] ; pll|altpll_component|auto_generated|pll1|clk[0] ; -0.016       ; 0.211      ; 2.166      ;
; 1.765 ; register:CTRL1|out[5]                                 ; Multiplicador:MULTIPLICADOR|Counter:Contador|K          ; pll|altpll_component|auto_generated|pll1|clk[1] ; pll|altpll_component|auto_generated|pll1|clk[0] ; -0.016       ; 0.211      ; 2.166      ;
; 1.804 ; Multiplicador:MULTIPLICADOR|CONTROL:controle|state.S0 ; Multiplicador:MULTIPLICADOR|Counter:Contador|K          ; pll|altpll_component|auto_generated|pll1|clk[0] ; pll|altpll_component|auto_generated|pll1|clk[0] ; 0.000        ; 0.090      ; 2.080      ;
; 1.804 ; Multiplicador:MULTIPLICADOR|CONTROL:controle|state.S0 ; Multiplicador:MULTIPLICADOR|Counter:Contador|aux_load   ; pll|altpll_component|auto_generated|pll1|clk[0] ; pll|altpll_component|auto_generated|pll1|clk[0] ; 0.000        ; 0.090      ; 2.080      ;
; 1.804 ; Multiplicador:MULTIPLICADOR|CONTROL:controle|state.S0 ; Multiplicador:MULTIPLICADOR|Counter:Contador|counter[0] ; pll|altpll_component|auto_generated|pll1|clk[0] ; pll|altpll_component|auto_generated|pll1|clk[0] ; 0.000        ; 0.090      ; 2.080      ;
; 1.804 ; Multiplicador:MULTIPLICADOR|CONTROL:controle|state.S0 ; Multiplicador:MULTIPLICADOR|Counter:Contador|counter[5] ; pll|altpll_component|auto_generated|pll1|clk[0] ; pll|altpll_component|auto_generated|pll1|clk[0] ; 0.000        ; 0.090      ; 2.080      ;
; 1.804 ; Multiplicador:MULTIPLICADOR|CONTROL:controle|state.S0 ; Multiplicador:MULTIPLICADOR|Counter:Contador|counter[4] ; pll|altpll_component|auto_generated|pll1|clk[0] ; pll|altpll_component|auto_generated|pll1|clk[0] ; 0.000        ; 0.090      ; 2.080      ;
; 1.804 ; Multiplicador:MULTIPLICADOR|CONTROL:controle|state.S0 ; Multiplicador:MULTIPLICADOR|Counter:Contador|counter[3] ; pll|altpll_component|auto_generated|pll1|clk[0] ; pll|altpll_component|auto_generated|pll1|clk[0] ; 0.000        ; 0.090      ; 2.080      ;
; 1.804 ; Multiplicador:MULTIPLICADOR|CONTROL:controle|state.S0 ; Multiplicador:MULTIPLICADOR|Counter:Contador|counter[2] ; pll|altpll_component|auto_generated|pll1|clk[0] ; pll|altpll_component|auto_generated|pll1|clk[0] ; 0.000        ; 0.090      ; 2.080      ;
; 1.804 ; Multiplicador:MULTIPLICADOR|CONTROL:controle|state.S0 ; Multiplicador:MULTIPLICADOR|Counter:Contador|counter[1] ; pll|altpll_component|auto_generated|pll1|clk[0] ; pll|altpll_component|auto_generated|pll1|clk[0] ; 0.000        ; 0.090      ; 2.080      ;
+-------+-------------------------------------------------------+---------------------------------------------------------+-------------------------------------------------+-------------------------------------------------+--------------+------------+------------+


------------------------------------------------
; Slow 1200mV 100C Model Metastability Summary ;
------------------------------------------------
No synchronizer chains to report.


+---------------------------------------------------------------------------------------+
; Slow 1200mV -40C Model Fmax Summary                                                   ;
+------------+-----------------+-------------------------------------------------+------+
; Fmax       ; Restricted Fmax ; Clock Name                                      ; Note ;
+------------+-----------------+-------------------------------------------------+------+
; 55.23 MHz  ; 55.23 MHz       ; pll|altpll_component|auto_generated|pll1|clk[1] ;      ;
; 322.48 MHz ; 322.48 MHz      ; pll|altpll_component|auto_generated|pll1|clk[0] ;      ;
+------------+-----------------+-------------------------------------------------+------+
This panel reports FMAX for every clock in the design, regardless of the user-specified clock periods.  FMAX is only computed for paths where the source and destination registers or ports are driven by the same clock.  Paths of different clocks, including generated clocks, are ignored.  For paths between a clock and its inversion, FMAX is computed as if the rising and falling edges are scaled along with FMAX, such that the duty cycle (in terms of a percentage) is maintained. Altera recommends that you always use clock constraints and other slack reports for sign-off analysis.


+--------------------------------------------------------------------------+
; Slow 1200mV -40C Model Setup Summary                                     ;
+-------------------------------------------------+--------+---------------+
; Clock                                           ; Slack  ; End Point TNS ;
+-------------------------------------------------+--------+---------------+
; pll|altpll_component|auto_generated|pll1|clk[1] ; -1.091 ; -3.722        ;
; pll|altpll_component|auto_generated|pll1|clk[0] ; 0.430  ; 0.000         ;
+-------------------------------------------------+--------+---------------+


+-------------------------------------------------------------------------+
; Slow 1200mV -40C Model Hold Summary                                     ;
+-------------------------------------------------+-------+---------------+
; Clock                                           ; Slack ; End Point TNS ;
+-------------------------------------------------+-------+---------------+
; pll|altpll_component|auto_generated|pll1|clk[0] ; 0.312 ; 0.000         ;
; pll|altpll_component|auto_generated|pll1|clk[1] ; 0.508 ; 0.000         ;
+-------------------------------------------------+-------+---------------+


+---------------------------------------------------------------------------+
; Slow 1200mV -40C Model Recovery Summary                                   ;
+-------------------------------------------------+---------+---------------+
; Clock                                           ; Slack   ; End Point TNS ;
+-------------------------------------------------+---------+---------------+
; pll|altpll_component|auto_generated|pll1|clk[0] ; 1.481   ; 0.000         ;
; pll|altpll_component|auto_generated|pll1|clk[1] ; 122.120 ; 0.000         ;
+-------------------------------------------------+---------+---------------+


+-------------------------------------------------------------------------+
; Slow 1200mV -40C Model Removal Summary                                  ;
+-------------------------------------------------+-------+---------------+
; Clock                                           ; Slack ; End Point TNS ;
+-------------------------------------------------+-------+---------------+
; pll|altpll_component|auto_generated|pll1|clk[1] ; 1.287 ; 0.000         ;
; pll|altpll_component|auto_generated|pll1|clk[0] ; 1.514 ; 0.000         ;
+-------------------------------------------------+-------+---------------+


+--------------------------------------------------------------------------+
; Slow 1200mV -40C Model Minimum Pulse Width Summary                       ;
+-------------------------------------------------+--------+---------------+
; Clock                                           ; Slack  ; End Point TNS ;
+-------------------------------------------------+--------+---------------+
; pll|altpll_component|auto_generated|pll1|clk[0] ; 1.176  ; 0.000         ;
; CLK                                             ; 9.908  ; 0.000         ;
; pll|altpll_component|auto_generated|pll1|clk[1] ; 62.125 ; 0.000         ;
+-------------------------------------------------+--------+---------------+


+--------------------------------------------------------------------------------------------------------------------------------------------------------------------------------------------------------------------------------------------------------------------------------------------------------------------------------+
; Slow 1200mV -40C Model Setup: 'pll|altpll_component|auto_generated|pll1|clk[1]'                                                                                                                                                                                                                                                ;
+--------+-------------------------------------------------------+------------------------------------------------------------------------------------------------------------------+-------------------------------------------------+-------------------------------------------------+--------------+------------+------------+
; Slack  ; From Node                                             ; To Node                                                                                                          ; Launch Clock                                    ; Latch Clock                                     ; Relationship ; Clock Skew ; Data Delay ;
+--------+-------------------------------------------------------+------------------------------------------------------------------------------------------------------------------+-------------------------------------------------+-------------------------------------------------+--------------+------------+------------+
; -1.091 ; Multiplicador:MULTIPLICADOR|ACC:acumulador|Saidas[8]  ; datamemory:Data_Memory|altsyncram:altsyncram_component|altsyncram_28i1:auto_generated|ram_block1a18~porta_we_reg ; pll|altpll_component|auto_generated|pll1|clk[0] ; pll|altpll_component|auto_generated|pll1|clk[1] ; 3.692        ; 0.128      ; 4.939      ;
; -1.048 ; Multiplicador:MULTIPLICADOR|ACC:acumulador|Saidas[8]  ; datamemory:Data_Memory|altsyncram:altsyncram_component|altsyncram_28i1:auto_generated|ram_block1a27~porta_we_reg ; pll|altpll_component|auto_generated|pll1|clk[0] ; pll|altpll_component|auto_generated|pll1|clk[1] ; 3.692        ; 0.125      ; 4.893      ;
; -0.988 ; Multiplicador:MULTIPLICADOR|ACC:acumulador|Saidas[25] ; datamemory:Data_Memory|altsyncram:altsyncram_component|altsyncram_28i1:auto_generated|ram_block1a18~porta_we_reg ; pll|altpll_component|auto_generated|pll1|clk[0] ; pll|altpll_component|auto_generated|pll1|clk[1] ; 3.692        ; 0.124      ; 4.832      ;
; -0.977 ; Multiplicador:MULTIPLICADOR|ACC:acumulador|Saidas[7]  ; datamemory:Data_Memory|altsyncram:altsyncram_component|altsyncram_28i1:auto_generated|ram_block1a18~porta_we_reg ; pll|altpll_component|auto_generated|pll1|clk[0] ; pll|altpll_component|auto_generated|pll1|clk[1] ; 3.692        ; 0.128      ; 4.825      ;
; -0.945 ; Multiplicador:MULTIPLICADOR|ACC:acumulador|Saidas[25] ; datamemory:Data_Memory|altsyncram:altsyncram_component|altsyncram_28i1:auto_generated|ram_block1a27~porta_we_reg ; pll|altpll_component|auto_generated|pll1|clk[0] ; pll|altpll_component|auto_generated|pll1|clk[1] ; 3.692        ; 0.121      ; 4.786      ;
; -0.934 ; Multiplicador:MULTIPLICADOR|ACC:acumulador|Saidas[7]  ; datamemory:Data_Memory|altsyncram:altsyncram_component|altsyncram_28i1:auto_generated|ram_block1a27~porta_we_reg ; pll|altpll_component|auto_generated|pll1|clk[0] ; pll|altpll_component|auto_generated|pll1|clk[1] ; 3.692        ; 0.125      ; 4.779      ;
; -0.910 ; Multiplicador:MULTIPLICADOR|ACC:acumulador|Saidas[26] ; datamemory:Data_Memory|altsyncram:altsyncram_component|altsyncram_28i1:auto_generated|ram_block1a18~porta_we_reg ; pll|altpll_component|auto_generated|pll1|clk[0] ; pll|altpll_component|auto_generated|pll1|clk[1] ; 3.692        ; 0.124      ; 4.754      ;
; -0.881 ; Multiplicador:MULTIPLICADOR|ACC:acumulador|Saidas[26] ; datamemory:Data_Memory|altsyncram:altsyncram_component|altsyncram_28i1:auto_generated|ram_block1a27~porta_we_reg ; pll|altpll_component|auto_generated|pll1|clk[0] ; pll|altpll_component|auto_generated|pll1|clk[1] ; 3.692        ; 0.121      ; 4.722      ;
; -0.833 ; Multiplicador:MULTIPLICADOR|ACC:acumulador|Saidas[23] ; datamemory:Data_Memory|altsyncram:altsyncram_component|altsyncram_28i1:auto_generated|ram_block1a18~porta_we_reg ; pll|altpll_component|auto_generated|pll1|clk[0] ; pll|altpll_component|auto_generated|pll1|clk[1] ; 3.692        ; 0.122      ; 4.675      ;
; -0.829 ; Multiplicador:MULTIPLICADOR|ACC:acumulador|Saidas[8]  ; datamemory:Data_Memory|altsyncram:altsyncram_component|altsyncram_28i1:auto_generated|ram_block1a9~porta_we_reg  ; pll|altpll_component|auto_generated|pll1|clk[0] ; pll|altpll_component|auto_generated|pll1|clk[1] ; 3.692        ; 0.128      ; 4.677      ;
; -0.823 ; Multiplicador:MULTIPLICADOR|ACC:acumulador|Saidas[14] ; datamemory:Data_Memory|altsyncram:altsyncram_component|altsyncram_28i1:auto_generated|ram_block1a18~porta_we_reg ; pll|altpll_component|auto_generated|pll1|clk[0] ; pll|altpll_component|auto_generated|pll1|clk[1] ; 3.692        ; 0.126      ; 4.669      ;
; -0.806 ; Multiplicador:MULTIPLICADOR|ACC:acumulador|Saidas[9]  ; datamemory:Data_Memory|altsyncram:altsyncram_component|altsyncram_28i1:auto_generated|ram_block1a18~porta_we_reg ; pll|altpll_component|auto_generated|pll1|clk[0] ; pll|altpll_component|auto_generated|pll1|clk[1] ; 3.692        ; 0.128      ; 4.654      ;
; -0.794 ; Multiplicador:MULTIPLICADOR|ACC:acumulador|Saidas[14] ; datamemory:Data_Memory|altsyncram:altsyncram_component|altsyncram_28i1:auto_generated|ram_block1a27~porta_we_reg ; pll|altpll_component|auto_generated|pll1|clk[0] ; pll|altpll_component|auto_generated|pll1|clk[1] ; 3.692        ; 0.123      ; 4.637      ;
; -0.790 ; Multiplicador:MULTIPLICADOR|ACC:acumulador|Saidas[23] ; datamemory:Data_Memory|altsyncram:altsyncram_component|altsyncram_28i1:auto_generated|ram_block1a27~porta_we_reg ; pll|altpll_component|auto_generated|pll1|clk[0] ; pll|altpll_component|auto_generated|pll1|clk[1] ; 3.692        ; 0.119      ; 4.629      ;
; -0.787 ; Multiplicador:MULTIPLICADOR|ACC:acumulador|Saidas[29] ; datamemory:Data_Memory|altsyncram:altsyncram_component|altsyncram_28i1:auto_generated|ram_block1a18~porta_we_reg ; pll|altpll_component|auto_generated|pll1|clk[0] ; pll|altpll_component|auto_generated|pll1|clk[1] ; 3.692        ; 0.123      ; 4.630      ;
; -0.763 ; Multiplicador:MULTIPLICADOR|ACC:acumulador|Saidas[9]  ; datamemory:Data_Memory|altsyncram:altsyncram_component|altsyncram_28i1:auto_generated|ram_block1a27~porta_we_reg ; pll|altpll_component|auto_generated|pll1|clk[0] ; pll|altpll_component|auto_generated|pll1|clk[1] ; 3.692        ; 0.125      ; 4.608      ;
; -0.758 ; Multiplicador:MULTIPLICADOR|ACC:acumulador|Saidas[29] ; datamemory:Data_Memory|altsyncram:altsyncram_component|altsyncram_28i1:auto_generated|ram_block1a27~porta_we_reg ; pll|altpll_component|auto_generated|pll1|clk[0] ; pll|altpll_component|auto_generated|pll1|clk[1] ; 3.692        ; 0.120      ; 4.598      ;
; -0.727 ; Multiplicador:MULTIPLICADOR|ACC:acumulador|Saidas[8]  ; datamemory:Data_Memory|altsyncram:altsyncram_component|altsyncram_28i1:auto_generated|ram_block1a0~porta_we_reg  ; pll|altpll_component|auto_generated|pll1|clk[0] ; pll|altpll_component|auto_generated|pll1|clk[1] ; 3.692        ; 0.129      ; 4.576      ;
; -0.726 ; Multiplicador:MULTIPLICADOR|ACC:acumulador|Saidas[25] ; datamemory:Data_Memory|altsyncram:altsyncram_component|altsyncram_28i1:auto_generated|ram_block1a9~porta_we_reg  ; pll|altpll_component|auto_generated|pll1|clk[0] ; pll|altpll_component|auto_generated|pll1|clk[1] ; 3.692        ; 0.124      ; 4.570      ;
; -0.715 ; Multiplicador:MULTIPLICADOR|ACC:acumulador|Saidas[7]  ; datamemory:Data_Memory|altsyncram:altsyncram_component|altsyncram_28i1:auto_generated|ram_block1a9~porta_we_reg  ; pll|altpll_component|auto_generated|pll1|clk[0] ; pll|altpll_component|auto_generated|pll1|clk[1] ; 3.692        ; 0.128      ; 4.563      ;
; -0.702 ; Multiplicador:MULTIPLICADOR|ACC:acumulador|Saidas[27] ; datamemory:Data_Memory|altsyncram:altsyncram_component|altsyncram_28i1:auto_generated|ram_block1a18~porta_we_reg ; pll|altpll_component|auto_generated|pll1|clk[0] ; pll|altpll_component|auto_generated|pll1|clk[1] ; 3.692        ; 0.124      ; 4.546      ;
; -0.689 ; Multiplicador:MULTIPLICADOR|ACC:acumulador|Saidas[30] ; datamemory:Data_Memory|altsyncram:altsyncram_component|altsyncram_28i1:auto_generated|ram_block1a18~porta_we_reg ; pll|altpll_component|auto_generated|pll1|clk[0] ; pll|altpll_component|auto_generated|pll1|clk[1] ; 3.692        ; 0.124      ; 4.533      ;
; -0.683 ; Multiplicador:MULTIPLICADOR|ACC:acumulador|Saidas[24] ; datamemory:Data_Memory|altsyncram:altsyncram_component|altsyncram_28i1:auto_generated|ram_block1a18~porta_we_reg ; pll|altpll_component|auto_generated|pll1|clk[0] ; pll|altpll_component|auto_generated|pll1|clk[1] ; 3.692        ; 0.124      ; 4.527      ;
; -0.660 ; Multiplicador:MULTIPLICADOR|ACC:acumulador|Saidas[27] ; datamemory:Data_Memory|altsyncram:altsyncram_component|altsyncram_28i1:auto_generated|ram_block1a27~porta_we_reg ; pll|altpll_component|auto_generated|pll1|clk[0] ; pll|altpll_component|auto_generated|pll1|clk[1] ; 3.692        ; 0.121      ; 4.501      ;
; -0.653 ; Multiplicador:MULTIPLICADOR|ACC:acumulador|Saidas[26] ; datamemory:Data_Memory|altsyncram:altsyncram_component|altsyncram_28i1:auto_generated|ram_block1a9~porta_we_reg  ; pll|altpll_component|auto_generated|pll1|clk[0] ; pll|altpll_component|auto_generated|pll1|clk[1] ; 3.692        ; 0.124      ; 4.497      ;
; -0.646 ; Multiplicador:MULTIPLICADOR|ACC:acumulador|Saidas[30] ; datamemory:Data_Memory|altsyncram:altsyncram_component|altsyncram_28i1:auto_generated|ram_block1a27~porta_we_reg ; pll|altpll_component|auto_generated|pll1|clk[0] ; pll|altpll_component|auto_generated|pll1|clk[1] ; 3.692        ; 0.121      ; 4.487      ;
; -0.640 ; Multiplicador:MULTIPLICADOR|ACC:acumulador|Saidas[24] ; datamemory:Data_Memory|altsyncram:altsyncram_component|altsyncram_28i1:auto_generated|ram_block1a27~porta_we_reg ; pll|altpll_component|auto_generated|pll1|clk[0] ; pll|altpll_component|auto_generated|pll1|clk[1] ; 3.692        ; 0.121      ; 4.481      ;
; -0.625 ; Multiplicador:MULTIPLICADOR|ACC:acumulador|Saidas[20] ; datamemory:Data_Memory|altsyncram:altsyncram_component|altsyncram_28i1:auto_generated|ram_block1a18~porta_we_reg ; pll|altpll_component|auto_generated|pll1|clk[0] ; pll|altpll_component|auto_generated|pll1|clk[1] ; 3.692        ; 0.122      ; 4.467      ;
; -0.624 ; Multiplicador:MULTIPLICADOR|ACC:acumulador|Saidas[25] ; datamemory:Data_Memory|altsyncram:altsyncram_component|altsyncram_28i1:auto_generated|ram_block1a0~porta_we_reg  ; pll|altpll_component|auto_generated|pll1|clk[0] ; pll|altpll_component|auto_generated|pll1|clk[1] ; 3.692        ; 0.125      ; 4.469      ;
; -0.616 ; Multiplicador:MULTIPLICADOR|ACC:acumulador|Saidas[21] ; datamemory:Data_Memory|altsyncram:altsyncram_component|altsyncram_28i1:auto_generated|ram_block1a18~porta_we_reg ; pll|altpll_component|auto_generated|pll1|clk[0] ; pll|altpll_component|auto_generated|pll1|clk[1] ; 3.692        ; 0.122      ; 4.458      ;
; -0.613 ; Multiplicador:MULTIPLICADOR|ACC:acumulador|Saidas[7]  ; datamemory:Data_Memory|altsyncram:altsyncram_component|altsyncram_28i1:auto_generated|ram_block1a0~porta_we_reg  ; pll|altpll_component|auto_generated|pll1|clk[0] ; pll|altpll_component|auto_generated|pll1|clk[1] ; 3.692        ; 0.129      ; 4.462      ;
; -0.611 ; Multiplicador:MULTIPLICADOR|ACC:acumulador|Saidas[16] ; datamemory:Data_Memory|altsyncram:altsyncram_component|altsyncram_28i1:auto_generated|ram_block1a18~porta_we_reg ; pll|altpll_component|auto_generated|pll1|clk[0] ; pll|altpll_component|auto_generated|pll1|clk[1] ; 3.692        ; 0.121      ; 4.452      ;
; -0.610 ; Multiplicador:MULTIPLICADOR|ACC:acumulador|Saidas[22] ; datamemory:Data_Memory|altsyncram:altsyncram_component|altsyncram_28i1:auto_generated|ram_block1a18~porta_we_reg ; pll|altpll_component|auto_generated|pll1|clk[0] ; pll|altpll_component|auto_generated|pll1|clk[1] ; 3.692        ; 0.122      ; 4.452      ;
; -0.582 ; Multiplicador:MULTIPLICADOR|ACC:acumulador|Saidas[20] ; datamemory:Data_Memory|altsyncram:altsyncram_component|altsyncram_28i1:auto_generated|ram_block1a27~porta_we_reg ; pll|altpll_component|auto_generated|pll1|clk[0] ; pll|altpll_component|auto_generated|pll1|clk[1] ; 3.692        ; 0.119      ; 4.421      ;
; -0.577 ; Multiplicador:MULTIPLICADOR|ACC:acumulador|Saidas[22] ; datamemory:Data_Memory|altsyncram:altsyncram_component|altsyncram_28i1:auto_generated|ram_block1a27~porta_we_reg ; pll|altpll_component|auto_generated|pll1|clk[0] ; pll|altpll_component|auto_generated|pll1|clk[1] ; 3.692        ; 0.119      ; 4.416      ;
; -0.573 ; Multiplicador:MULTIPLICADOR|ACC:acumulador|Saidas[26] ; datamemory:Data_Memory|altsyncram:altsyncram_component|altsyncram_28i1:auto_generated|ram_block1a0~porta_we_reg  ; pll|altpll_component|auto_generated|pll1|clk[0] ; pll|altpll_component|auto_generated|pll1|clk[1] ; 3.692        ; 0.125      ; 4.418      ;
; -0.573 ; Multiplicador:MULTIPLICADOR|ACC:acumulador|Saidas[21] ; datamemory:Data_Memory|altsyncram:altsyncram_component|altsyncram_28i1:auto_generated|ram_block1a27~porta_we_reg ; pll|altpll_component|auto_generated|pll1|clk[0] ; pll|altpll_component|auto_generated|pll1|clk[1] ; 3.692        ; 0.119      ; 4.412      ;
; -0.571 ; Multiplicador:MULTIPLICADOR|ACC:acumulador|Saidas[23] ; datamemory:Data_Memory|altsyncram:altsyncram_component|altsyncram_28i1:auto_generated|ram_block1a9~porta_we_reg  ; pll|altpll_component|auto_generated|pll1|clk[0] ; pll|altpll_component|auto_generated|pll1|clk[1] ; 3.692        ; 0.122      ; 4.413      ;
; -0.568 ; Multiplicador:MULTIPLICADOR|ACC:acumulador|Saidas[16] ; datamemory:Data_Memory|altsyncram:altsyncram_component|altsyncram_28i1:auto_generated|ram_block1a27~porta_we_reg ; pll|altpll_component|auto_generated|pll1|clk[0] ; pll|altpll_component|auto_generated|pll1|clk[1] ; 3.692        ; 0.118      ; 4.406      ;
; -0.566 ; Multiplicador:MULTIPLICADOR|ACC:acumulador|Saidas[14] ; datamemory:Data_Memory|altsyncram:altsyncram_component|altsyncram_28i1:auto_generated|ram_block1a9~porta_we_reg  ; pll|altpll_component|auto_generated|pll1|clk[0] ; pll|altpll_component|auto_generated|pll1|clk[1] ; 3.692        ; 0.126      ; 4.412      ;
; -0.559 ; Multiplicador:MULTIPLICADOR|ACC:acumulador|Saidas[28] ; datamemory:Data_Memory|altsyncram:altsyncram_component|altsyncram_28i1:auto_generated|ram_block1a18~porta_we_reg ; pll|altpll_component|auto_generated|pll1|clk[0] ; pll|altpll_component|auto_generated|pll1|clk[1] ; 3.692        ; 0.124      ; 4.403      ;
; -0.546 ; Multiplicador:MULTIPLICADOR|ACC:acumulador|Saidas[31] ; datamemory:Data_Memory|altsyncram:altsyncram_component|altsyncram_28i1:auto_generated|ram_block1a18~porta_we_reg ; pll|altpll_component|auto_generated|pll1|clk[0] ; pll|altpll_component|auto_generated|pll1|clk[1] ; 3.692        ; 0.124      ; 4.390      ;
; -0.544 ; Multiplicador:MULTIPLICADOR|ACC:acumulador|Saidas[9]  ; datamemory:Data_Memory|altsyncram:altsyncram_component|altsyncram_28i1:auto_generated|ram_block1a9~porta_we_reg  ; pll|altpll_component|auto_generated|pll1|clk[0] ; pll|altpll_component|auto_generated|pll1|clk[1] ; 3.692        ; 0.128      ; 4.392      ;
; -0.531 ; Multiplicador:MULTIPLICADOR|ACC:acumulador|Saidas[15] ; datamemory:Data_Memory|altsyncram:altsyncram_component|altsyncram_28i1:auto_generated|ram_block1a18~porta_we_reg ; pll|altpll_component|auto_generated|pll1|clk[0] ; pll|altpll_component|auto_generated|pll1|clk[1] ; 3.692        ; 0.126      ; 4.377      ;
; -0.530 ; Multiplicador:MULTIPLICADOR|ACC:acumulador|Saidas[29] ; datamemory:Data_Memory|altsyncram:altsyncram_component|altsyncram_28i1:auto_generated|ram_block1a9~porta_we_reg  ; pll|altpll_component|auto_generated|pll1|clk[0] ; pll|altpll_component|auto_generated|pll1|clk[1] ; 3.692        ; 0.123      ; 4.373      ;
; -0.516 ; Multiplicador:MULTIPLICADOR|ACC:acumulador|Saidas[28] ; datamemory:Data_Memory|altsyncram:altsyncram_component|altsyncram_28i1:auto_generated|ram_block1a27~porta_we_reg ; pll|altpll_component|auto_generated|pll1|clk[0] ; pll|altpll_component|auto_generated|pll1|clk[1] ; 3.692        ; 0.121      ; 4.357      ;
; -0.503 ; Multiplicador:MULTIPLICADOR|ACC:acumulador|Saidas[31] ; datamemory:Data_Memory|altsyncram:altsyncram_component|altsyncram_28i1:auto_generated|ram_block1a27~porta_we_reg ; pll|altpll_component|auto_generated|pll1|clk[0] ; pll|altpll_component|auto_generated|pll1|clk[1] ; 3.692        ; 0.121      ; 4.344      ;
; -0.502 ; Multiplicador:MULTIPLICADOR|ACC:acumulador|Saidas[15] ; datamemory:Data_Memory|altsyncram:altsyncram_component|altsyncram_28i1:auto_generated|ram_block1a27~porta_we_reg ; pll|altpll_component|auto_generated|pll1|clk[0] ; pll|altpll_component|auto_generated|pll1|clk[1] ; 3.692        ; 0.123      ; 4.345      ;
; -0.491 ; Multiplicador:MULTIPLICADOR|ACC:acumulador|Saidas[19] ; datamemory:Data_Memory|altsyncram:altsyncram_component|altsyncram_28i1:auto_generated|ram_block1a18~porta_we_reg ; pll|altpll_component|auto_generated|pll1|clk[0] ; pll|altpll_component|auto_generated|pll1|clk[1] ; 3.692        ; 0.122      ; 4.333      ;
; -0.486 ; Multiplicador:MULTIPLICADOR|ACC:acumulador|Saidas[14] ; datamemory:Data_Memory|altsyncram:altsyncram_component|altsyncram_28i1:auto_generated|ram_block1a0~porta_we_reg  ; pll|altpll_component|auto_generated|pll1|clk[0] ; pll|altpll_component|auto_generated|pll1|clk[1] ; 3.692        ; 0.127      ; 4.333      ;
; -0.472 ; Multiplicador:MULTIPLICADOR|ACC:acumulador|Saidas[23] ; datamemory:Data_Memory|altsyncram:altsyncram_component|altsyncram_28i1:auto_generated|ram_block1a0~porta_we_reg  ; pll|altpll_component|auto_generated|pll1|clk[0] ; pll|altpll_component|auto_generated|pll1|clk[1] ; 3.692        ; 0.123      ; 4.315      ;
; -0.450 ; Multiplicador:MULTIPLICADOR|ACC:acumulador|Saidas[29] ; datamemory:Data_Memory|altsyncram:altsyncram_component|altsyncram_28i1:auto_generated|ram_block1a0~porta_we_reg  ; pll|altpll_component|auto_generated|pll1|clk[0] ; pll|altpll_component|auto_generated|pll1|clk[1] ; 3.692        ; 0.124      ; 4.294      ;
; -0.448 ; Multiplicador:MULTIPLICADOR|ACC:acumulador|Saidas[19] ; datamemory:Data_Memory|altsyncram:altsyncram_component|altsyncram_28i1:auto_generated|ram_block1a27~porta_we_reg ; pll|altpll_component|auto_generated|pll1|clk[0] ; pll|altpll_component|auto_generated|pll1|clk[1] ; 3.692        ; 0.119      ; 4.287      ;
; -0.442 ; Multiplicador:MULTIPLICADOR|ACC:acumulador|Saidas[9]  ; datamemory:Data_Memory|altsyncram:altsyncram_component|altsyncram_28i1:auto_generated|ram_block1a0~porta_we_reg  ; pll|altpll_component|auto_generated|pll1|clk[0] ; pll|altpll_component|auto_generated|pll1|clk[1] ; 3.692        ; 0.129      ; 4.291      ;
; -0.440 ; Multiplicador:MULTIPLICADOR|ACC:acumulador|Saidas[27] ; datamemory:Data_Memory|altsyncram:altsyncram_component|altsyncram_28i1:auto_generated|ram_block1a9~porta_we_reg  ; pll|altpll_component|auto_generated|pll1|clk[0] ; pll|altpll_component|auto_generated|pll1|clk[1] ; 3.692        ; 0.124      ; 4.284      ;
; -0.433 ; Multiplicador:MULTIPLICADOR|ACC:acumulador|Saidas[13] ; datamemory:Data_Memory|altsyncram:altsyncram_component|altsyncram_28i1:auto_generated|ram_block1a18~porta_we_reg ; pll|altpll_component|auto_generated|pll1|clk[0] ; pll|altpll_component|auto_generated|pll1|clk[1] ; 3.692        ; 0.128      ; 4.281      ;
; -0.427 ; Multiplicador:MULTIPLICADOR|ACC:acumulador|Saidas[30] ; datamemory:Data_Memory|altsyncram:altsyncram_component|altsyncram_28i1:auto_generated|ram_block1a9~porta_we_reg  ; pll|altpll_component|auto_generated|pll1|clk[0] ; pll|altpll_component|auto_generated|pll1|clk[1] ; 3.692        ; 0.124      ; 4.271      ;
; -0.421 ; Multiplicador:MULTIPLICADOR|ACC:acumulador|Saidas[24] ; datamemory:Data_Memory|altsyncram:altsyncram_component|altsyncram_28i1:auto_generated|ram_block1a9~porta_we_reg  ; pll|altpll_component|auto_generated|pll1|clk[0] ; pll|altpll_component|auto_generated|pll1|clk[1] ; 3.692        ; 0.124      ; 4.265      ;
; -0.400 ; Multiplicador:MULTIPLICADOR|ACC:acumulador|Saidas[17] ; datamemory:Data_Memory|altsyncram:altsyncram_component|altsyncram_28i1:auto_generated|ram_block1a18~porta_we_reg ; pll|altpll_component|auto_generated|pll1|clk[0] ; pll|altpll_component|auto_generated|pll1|clk[1] ; 3.692        ; 0.123      ; 4.243      ;
; -0.390 ; Multiplicador:MULTIPLICADOR|ACC:acumulador|Saidas[13] ; datamemory:Data_Memory|altsyncram:altsyncram_component|altsyncram_28i1:auto_generated|ram_block1a27~porta_we_reg ; pll|altpll_component|auto_generated|pll1|clk[0] ; pll|altpll_component|auto_generated|pll1|clk[1] ; 3.692        ; 0.125      ; 4.235      ;
; -0.380 ; Multiplicador:MULTIPLICADOR|ACC:acumulador|Saidas[18] ; datamemory:Data_Memory|altsyncram:altsyncram_component|altsyncram_28i1:auto_generated|ram_block1a18~porta_we_reg ; pll|altpll_component|auto_generated|pll1|clk[0] ; pll|altpll_component|auto_generated|pll1|clk[1] ; 3.692        ; 0.122      ; 4.222      ;
; -0.363 ; Multiplicador:MULTIPLICADOR|ACC:acumulador|Saidas[20] ; datamemory:Data_Memory|altsyncram:altsyncram_component|altsyncram_28i1:auto_generated|ram_block1a9~porta_we_reg  ; pll|altpll_component|auto_generated|pll1|clk[0] ; pll|altpll_component|auto_generated|pll1|clk[1] ; 3.692        ; 0.122      ; 4.205      ;
; -0.357 ; Multiplicador:MULTIPLICADOR|ACC:acumulador|Saidas[17] ; datamemory:Data_Memory|altsyncram:altsyncram_component|altsyncram_28i1:auto_generated|ram_block1a27~porta_we_reg ; pll|altpll_component|auto_generated|pll1|clk[0] ; pll|altpll_component|auto_generated|pll1|clk[1] ; 3.692        ; 0.120      ; 4.197      ;
; -0.354 ; Multiplicador:MULTIPLICADOR|ACC:acumulador|Saidas[21] ; datamemory:Data_Memory|altsyncram:altsyncram_component|altsyncram_28i1:auto_generated|ram_block1a9~porta_we_reg  ; pll|altpll_component|auto_generated|pll1|clk[0] ; pll|altpll_component|auto_generated|pll1|clk[1] ; 3.692        ; 0.122      ; 4.196      ;
; -0.352 ; Multiplicador:MULTIPLICADOR|ACC:acumulador|Saidas[27] ; datamemory:Data_Memory|altsyncram:altsyncram_component|altsyncram_28i1:auto_generated|ram_block1a0~porta_we_reg  ; pll|altpll_component|auto_generated|pll1|clk[0] ; pll|altpll_component|auto_generated|pll1|clk[1] ; 3.692        ; 0.125      ; 4.197      ;
; -0.349 ; Multiplicador:MULTIPLICADOR|ACC:acumulador|Saidas[22] ; datamemory:Data_Memory|altsyncram:altsyncram_component|altsyncram_28i1:auto_generated|ram_block1a9~porta_we_reg  ; pll|altpll_component|auto_generated|pll1|clk[0] ; pll|altpll_component|auto_generated|pll1|clk[1] ; 3.692        ; 0.122      ; 4.191      ;
; -0.349 ; Multiplicador:MULTIPLICADOR|ACC:acumulador|Saidas[16] ; datamemory:Data_Memory|altsyncram:altsyncram_component|altsyncram_28i1:auto_generated|ram_block1a9~porta_we_reg  ; pll|altpll_component|auto_generated|pll1|clk[0] ; pll|altpll_component|auto_generated|pll1|clk[1] ; 3.692        ; 0.121      ; 4.190      ;
; -0.337 ; Multiplicador:MULTIPLICADOR|ACC:acumulador|Saidas[18] ; datamemory:Data_Memory|altsyncram:altsyncram_component|altsyncram_28i1:auto_generated|ram_block1a27~porta_we_reg ; pll|altpll_component|auto_generated|pll1|clk[0] ; pll|altpll_component|auto_generated|pll1|clk[1] ; 3.692        ; 0.119      ; 4.176      ;
; -0.325 ; Multiplicador:MULTIPLICADOR|ACC:acumulador|Saidas[30] ; datamemory:Data_Memory|altsyncram:altsyncram_component|altsyncram_28i1:auto_generated|ram_block1a0~porta_we_reg  ; pll|altpll_component|auto_generated|pll1|clk[0] ; pll|altpll_component|auto_generated|pll1|clk[1] ; 3.692        ; 0.125      ; 4.170      ;
; -0.319 ; Multiplicador:MULTIPLICADOR|ACC:acumulador|Saidas[24] ; datamemory:Data_Memory|altsyncram:altsyncram_component|altsyncram_28i1:auto_generated|ram_block1a0~porta_we_reg  ; pll|altpll_component|auto_generated|pll1|clk[0] ; pll|altpll_component|auto_generated|pll1|clk[1] ; 3.692        ; 0.125      ; 4.164      ;
; -0.297 ; Multiplicador:MULTIPLICADOR|ACC:acumulador|Saidas[28] ; datamemory:Data_Memory|altsyncram:altsyncram_component|altsyncram_28i1:auto_generated|ram_block1a9~porta_we_reg  ; pll|altpll_component|auto_generated|pll1|clk[0] ; pll|altpll_component|auto_generated|pll1|clk[1] ; 3.692        ; 0.124      ; 4.141      ;
; -0.284 ; Multiplicador:MULTIPLICADOR|ACC:acumulador|Saidas[31] ; datamemory:Data_Memory|altsyncram:altsyncram_component|altsyncram_28i1:auto_generated|ram_block1a9~porta_we_reg  ; pll|altpll_component|auto_generated|pll1|clk[0] ; pll|altpll_component|auto_generated|pll1|clk[1] ; 3.692        ; 0.124      ; 4.128      ;
; -0.274 ; Multiplicador:MULTIPLICADOR|ACC:acumulador|Saidas[15] ; datamemory:Data_Memory|altsyncram:altsyncram_component|altsyncram_28i1:auto_generated|ram_block1a9~porta_we_reg  ; pll|altpll_component|auto_generated|pll1|clk[0] ; pll|altpll_component|auto_generated|pll1|clk[1] ; 3.692        ; 0.126      ; 4.120      ;
; -0.269 ; Multiplicador:MULTIPLICADOR|ACC:acumulador|Saidas[11] ; datamemory:Data_Memory|altsyncram:altsyncram_component|altsyncram_28i1:auto_generated|ram_block1a18~porta_we_reg ; pll|altpll_component|auto_generated|pll1|clk[0] ; pll|altpll_component|auto_generated|pll1|clk[1] ; 3.692        ; 0.126      ; 4.115      ;
; -0.269 ; Multiplicador:MULTIPLICADOR|ACC:acumulador|Saidas[22] ; datamemory:Data_Memory|altsyncram:altsyncram_component|altsyncram_28i1:auto_generated|ram_block1a0~porta_we_reg  ; pll|altpll_component|auto_generated|pll1|clk[0] ; pll|altpll_component|auto_generated|pll1|clk[1] ; 3.692        ; 0.123      ; 4.112      ;
; -0.261 ; Multiplicador:MULTIPLICADOR|ACC:acumulador|Saidas[20] ; datamemory:Data_Memory|altsyncram:altsyncram_component|altsyncram_28i1:auto_generated|ram_block1a0~porta_we_reg  ; pll|altpll_component|auto_generated|pll1|clk[0] ; pll|altpll_component|auto_generated|pll1|clk[1] ; 3.692        ; 0.123      ; 4.104      ;
; -0.255 ; Multiplicador:MULTIPLICADOR|ACC:acumulador|Saidas[10] ; datamemory:Data_Memory|altsyncram:altsyncram_component|altsyncram_28i1:auto_generated|ram_block1a18~porta_we_reg ; pll|altpll_component|auto_generated|pll1|clk[0] ; pll|altpll_component|auto_generated|pll1|clk[1] ; 3.692        ; 0.125      ; 4.100      ;
; -0.252 ; Multiplicador:MULTIPLICADOR|ACC:acumulador|Saidas[21] ; datamemory:Data_Memory|altsyncram:altsyncram_component|altsyncram_28i1:auto_generated|ram_block1a0~porta_we_reg  ; pll|altpll_component|auto_generated|pll1|clk[0] ; pll|altpll_component|auto_generated|pll1|clk[1] ; 3.692        ; 0.123      ; 4.095      ;
; -0.247 ; Multiplicador:MULTIPLICADOR|ACC:acumulador|Saidas[16] ; datamemory:Data_Memory|altsyncram:altsyncram_component|altsyncram_28i1:auto_generated|ram_block1a0~porta_we_reg  ; pll|altpll_component|auto_generated|pll1|clk[0] ; pll|altpll_component|auto_generated|pll1|clk[1] ; 3.692        ; 0.122      ; 4.089      ;
; -0.229 ; Multiplicador:MULTIPLICADOR|ACC:acumulador|Saidas[19] ; datamemory:Data_Memory|altsyncram:altsyncram_component|altsyncram_28i1:auto_generated|ram_block1a9~porta_we_reg  ; pll|altpll_component|auto_generated|pll1|clk[0] ; pll|altpll_component|auto_generated|pll1|clk[1] ; 3.692        ; 0.122      ; 4.071      ;
; -0.226 ; Multiplicador:MULTIPLICADOR|ACC:acumulador|Saidas[11] ; datamemory:Data_Memory|altsyncram:altsyncram_component|altsyncram_28i1:auto_generated|ram_block1a27~porta_we_reg ; pll|altpll_component|auto_generated|pll1|clk[0] ; pll|altpll_component|auto_generated|pll1|clk[1] ; 3.692        ; 0.123      ; 4.069      ;
; -0.212 ; Multiplicador:MULTIPLICADOR|ACC:acumulador|Saidas[10] ; datamemory:Data_Memory|altsyncram:altsyncram_component|altsyncram_28i1:auto_generated|ram_block1a27~porta_we_reg ; pll|altpll_component|auto_generated|pll1|clk[0] ; pll|altpll_component|auto_generated|pll1|clk[1] ; 3.692        ; 0.122      ; 4.054      ;
; -0.195 ; Multiplicador:MULTIPLICADOR|ACC:acumulador|Saidas[28] ; datamemory:Data_Memory|altsyncram:altsyncram_component|altsyncram_28i1:auto_generated|ram_block1a0~porta_we_reg  ; pll|altpll_component|auto_generated|pll1|clk[0] ; pll|altpll_component|auto_generated|pll1|clk[1] ; 3.692        ; 0.125      ; 4.040      ;
; -0.194 ; Multiplicador:MULTIPLICADOR|ACC:acumulador|Saidas[15] ; datamemory:Data_Memory|altsyncram:altsyncram_component|altsyncram_28i1:auto_generated|ram_block1a0~porta_we_reg  ; pll|altpll_component|auto_generated|pll1|clk[0] ; pll|altpll_component|auto_generated|pll1|clk[1] ; 3.692        ; 0.127      ; 4.041      ;
; -0.182 ; Multiplicador:MULTIPLICADOR|ACC:acumulador|Saidas[31] ; datamemory:Data_Memory|altsyncram:altsyncram_component|altsyncram_28i1:auto_generated|ram_block1a0~porta_we_reg  ; pll|altpll_component|auto_generated|pll1|clk[0] ; pll|altpll_component|auto_generated|pll1|clk[1] ; 3.692        ; 0.125      ; 4.027      ;
; -0.171 ; Multiplicador:MULTIPLICADOR|ACC:acumulador|Saidas[13] ; datamemory:Data_Memory|altsyncram:altsyncram_component|altsyncram_28i1:auto_generated|ram_block1a9~porta_we_reg  ; pll|altpll_component|auto_generated|pll1|clk[0] ; pll|altpll_component|auto_generated|pll1|clk[1] ; 3.692        ; 0.128      ; 4.019      ;
; -0.138 ; Multiplicador:MULTIPLICADOR|ACC:acumulador|Saidas[17] ; datamemory:Data_Memory|altsyncram:altsyncram_component|altsyncram_28i1:auto_generated|ram_block1a9~porta_we_reg  ; pll|altpll_component|auto_generated|pll1|clk[0] ; pll|altpll_component|auto_generated|pll1|clk[1] ; 3.692        ; 0.123      ; 3.981      ;
; -0.127 ; Multiplicador:MULTIPLICADOR|ACC:acumulador|Saidas[19] ; datamemory:Data_Memory|altsyncram:altsyncram_component|altsyncram_28i1:auto_generated|ram_block1a0~porta_we_reg  ; pll|altpll_component|auto_generated|pll1|clk[0] ; pll|altpll_component|auto_generated|pll1|clk[1] ; 3.692        ; 0.123      ; 3.970      ;
; -0.126 ; Multiplicador:MULTIPLICADOR|ACC:acumulador|Saidas[12] ; datamemory:Data_Memory|altsyncram:altsyncram_component|altsyncram_28i1:auto_generated|ram_block1a18~porta_we_reg ; pll|altpll_component|auto_generated|pll1|clk[0] ; pll|altpll_component|auto_generated|pll1|clk[1] ; 3.692        ; 0.126      ; 3.972      ;
; -0.118 ; Multiplicador:MULTIPLICADOR|ACC:acumulador|Saidas[18] ; datamemory:Data_Memory|altsyncram:altsyncram_component|altsyncram_28i1:auto_generated|ram_block1a9~porta_we_reg  ; pll|altpll_component|auto_generated|pll1|clk[0] ; pll|altpll_component|auto_generated|pll1|clk[1] ; 3.692        ; 0.122      ; 3.960      ;
; -0.083 ; Multiplicador:MULTIPLICADOR|ACC:acumulador|Saidas[12] ; datamemory:Data_Memory|altsyncram:altsyncram_component|altsyncram_28i1:auto_generated|ram_block1a27~porta_we_reg ; pll|altpll_component|auto_generated|pll1|clk[0] ; pll|altpll_component|auto_generated|pll1|clk[1] ; 3.692        ; 0.123      ; 3.926      ;
; -0.069 ; Multiplicador:MULTIPLICADOR|ACC:acumulador|Saidas[13] ; datamemory:Data_Memory|altsyncram:altsyncram_component|altsyncram_28i1:auto_generated|ram_block1a0~porta_we_reg  ; pll|altpll_component|auto_generated|pll1|clk[0] ; pll|altpll_component|auto_generated|pll1|clk[1] ; 3.692        ; 0.129      ; 3.918      ;
; -0.036 ; Multiplicador:MULTIPLICADOR|ACC:acumulador|Saidas[17] ; datamemory:Data_Memory|altsyncram:altsyncram_component|altsyncram_28i1:auto_generated|ram_block1a0~porta_we_reg  ; pll|altpll_component|auto_generated|pll1|clk[0] ; pll|altpll_component|auto_generated|pll1|clk[1] ; 3.692        ; 0.124      ; 3.880      ;
; -0.027 ; Multiplicador:MULTIPLICADOR|ACC:acumulador|Saidas[8]  ; register:CTRL3|out[25]                                                                                           ; pll|altpll_component|auto_generated|pll1|clk[0] ; pll|altpll_component|auto_generated|pll1|clk[1] ; 3.692        ; -0.175     ; 3.544      ;
; -0.016 ; Multiplicador:MULTIPLICADOR|ACC:acumulador|Saidas[18] ; datamemory:Data_Memory|altsyncram:altsyncram_component|altsyncram_28i1:auto_generated|ram_block1a0~porta_we_reg  ; pll|altpll_component|auto_generated|pll1|clk[0] ; pll|altpll_component|auto_generated|pll1|clk[1] ; 3.692        ; 0.123      ; 3.859      ;
; -0.007 ; Multiplicador:MULTIPLICADOR|ACC:acumulador|Saidas[11] ; datamemory:Data_Memory|altsyncram:altsyncram_component|altsyncram_28i1:auto_generated|ram_block1a9~porta_we_reg  ; pll|altpll_component|auto_generated|pll1|clk[0] ; pll|altpll_component|auto_generated|pll1|clk[1] ; 3.692        ; 0.126      ; 3.853      ;
; 0.007  ; Multiplicador:MULTIPLICADOR|ACC:acumulador|Saidas[10] ; datamemory:Data_Memory|altsyncram:altsyncram_component|altsyncram_28i1:auto_generated|ram_block1a9~porta_we_reg  ; pll|altpll_component|auto_generated|pll1|clk[0] ; pll|altpll_component|auto_generated|pll1|clk[1] ; 3.692        ; 0.125      ; 3.838      ;
; 0.012  ; Multiplicador:MULTIPLICADOR|ACC:acumulador|Saidas[26] ; register:CTRL3|out[25]                                                                                           ; pll|altpll_component|auto_generated|pll1|clk[0] ; pll|altpll_component|auto_generated|pll1|clk[1] ; 3.692        ; -0.179     ; 3.501      ;
; 0.050  ; Multiplicador:MULTIPLICADOR|ACC:acumulador|Saidas[25] ; register:CTRL3|out[25]                                                                                           ; pll|altpll_component|auto_generated|pll1|clk[0] ; pll|altpll_component|auto_generated|pll1|clk[1] ; 3.692        ; -0.179     ; 3.463      ;
; 0.087  ; Multiplicador:MULTIPLICADOR|ACC:acumulador|Saidas[7]  ; register:CTRL3|out[25]                                                                                           ; pll|altpll_component|auto_generated|pll1|clk[0] ; pll|altpll_component|auto_generated|pll1|clk[1] ; 3.692        ; -0.175     ; 3.430      ;
+--------+-------------------------------------------------------+------------------------------------------------------------------------------------------------------------------+-------------------------------------------------+-------------------------------------------------+--------------+------------+------------+


+--------------------------------------------------------------------------------------------------------------------------------------------------------------------------------------------------------------------------------------------------------------------+
; Slow 1200mV -40C Model Setup: 'pll|altpll_component|auto_generated|pll1|clk[0]'                                                                                                                                                                                    ;
+-------+-------------------------------------------------------+-------------------------------------------------------+-------------------------------------------------+-------------------------------------------------+--------------+------------+------------+
; Slack ; From Node                                             ; To Node                                               ; Launch Clock                                    ; Latch Clock                                     ; Relationship ; Clock Skew ; Data Delay ;
+-------+-------------------------------------------------------+-------------------------------------------------------+-------------------------------------------------+-------------------------------------------------+--------------+------------+------------+
; 0.430 ; registerfile:Register_File|outB[2]                    ; Multiplicador:MULTIPLICADOR|ACC:acumulador|Saidas[29] ; pll|altpll_component|auto_generated|pll1|clk[1] ; pll|altpll_component|auto_generated|pll1|clk[0] ; 3.676        ; -0.180     ; 3.066      ;
; 0.439 ; register:CTRL1|out[5]                                 ; Multiplicador:MULTIPLICADOR|ACC:acumulador|Saidas[29] ; pll|altpll_component|auto_generated|pll1|clk[1] ; pll|altpll_component|auto_generated|pll1|clk[0] ; 3.676        ; -0.170     ; 3.067      ;
; 0.439 ; register:CTRL1|out[5]                                 ; Multiplicador:MULTIPLICADOR|ACC:acumulador|Saidas[17] ; pll|altpll_component|auto_generated|pll1|clk[1] ; pll|altpll_component|auto_generated|pll1|clk[0] ; 3.676        ; -0.170     ; 3.067      ;
; 0.459 ; registerfile:Register_File|outB[1]                    ; Multiplicador:MULTIPLICADOR|ACC:acumulador|Saidas[29] ; pll|altpll_component|auto_generated|pll1|clk[1] ; pll|altpll_component|auto_generated|pll1|clk[0] ; 3.676        ; -0.182     ; 3.035      ;
; 0.471 ; register:CTRL1|out[5]                                 ; Multiplicador:MULTIPLICADOR|ACC:acumulador|Saidas[24] ; pll|altpll_component|auto_generated|pll1|clk[1] ; pll|altpll_component|auto_generated|pll1|clk[0] ; 3.676        ; -0.171     ; 3.034      ;
; 0.471 ; register:CTRL1|out[5]                                 ; Multiplicador:MULTIPLICADOR|ACC:acumulador|Saidas[27] ; pll|altpll_component|auto_generated|pll1|clk[1] ; pll|altpll_component|auto_generated|pll1|clk[0] ; 3.676        ; -0.171     ; 3.034      ;
; 0.471 ; register:CTRL1|out[5]                                 ; Multiplicador:MULTIPLICADOR|ACC:acumulador|Saidas[30] ; pll|altpll_component|auto_generated|pll1|clk[1] ; pll|altpll_component|auto_generated|pll1|clk[0] ; 3.676        ; -0.171     ; 3.034      ;
; 0.471 ; register:CTRL1|out[5]                                 ; Multiplicador:MULTIPLICADOR|ACC:acumulador|Saidas[31] ; pll|altpll_component|auto_generated|pll1|clk[1] ; pll|altpll_component|auto_generated|pll1|clk[0] ; 3.676        ; -0.171     ; 3.034      ;
; 0.471 ; register:CTRL1|out[5]                                 ; Multiplicador:MULTIPLICADOR|ACC:acumulador|Saidas[28] ; pll|altpll_component|auto_generated|pll1|clk[1] ; pll|altpll_component|auto_generated|pll1|clk[0] ; 3.676        ; -0.171     ; 3.034      ;
; 0.488 ; registerfile:Register_File|outB[2]                    ; Multiplicador:MULTIPLICADOR|ACC:acumulador|Saidas[31] ; pll|altpll_component|auto_generated|pll1|clk[1] ; pll|altpll_component|auto_generated|pll1|clk[0] ; 3.676        ; -0.181     ; 3.007      ;
; 0.490 ; registerfile:Register_File|outB[0]                    ; Multiplicador:MULTIPLICADOR|ACC:acumulador|Saidas[29] ; pll|altpll_component|auto_generated|pll1|clk[1] ; pll|altpll_component|auto_generated|pll1|clk[0] ; 3.676        ; -0.181     ; 3.005      ;
; 0.503 ; register:CTRL1|out[5]                                 ; Multiplicador:MULTIPLICADOR|ACC:acumulador|Saidas[26] ; pll|altpll_component|auto_generated|pll1|clk[1] ; pll|altpll_component|auto_generated|pll1|clk[0] ; 3.676        ; -0.172     ; 3.001      ;
; 0.503 ; register:CTRL1|out[5]                                 ; Multiplicador:MULTIPLICADOR|ACC:acumulador|Saidas[25] ; pll|altpll_component|auto_generated|pll1|clk[1] ; pll|altpll_component|auto_generated|pll1|clk[0] ; 3.676        ; -0.172     ; 3.001      ;
; 0.516 ; registerfile:Register_File|outB[4]                    ; Multiplicador:MULTIPLICADOR|ACC:acumulador|Saidas[29] ; pll|altpll_component|auto_generated|pll1|clk[1] ; pll|altpll_component|auto_generated|pll1|clk[0] ; 3.676        ; -0.182     ; 2.978      ;
; 0.517 ; registerfile:Register_File|outB[1]                    ; Multiplicador:MULTIPLICADOR|ACC:acumulador|Saidas[31] ; pll|altpll_component|auto_generated|pll1|clk[1] ; pll|altpll_component|auto_generated|pll1|clk[0] ; 3.676        ; -0.183     ; 2.976      ;
; 0.542 ; registerfile:Register_File|outB[3]                    ; Multiplicador:MULTIPLICADOR|ACC:acumulador|Saidas[29] ; pll|altpll_component|auto_generated|pll1|clk[1] ; pll|altpll_component|auto_generated|pll1|clk[0] ; 3.676        ; -0.182     ; 2.952      ;
; 0.548 ; registerfile:Register_File|outB[0]                    ; Multiplicador:MULTIPLICADOR|ACC:acumulador|Saidas[31] ; pll|altpll_component|auto_generated|pll1|clk[1] ; pll|altpll_component|auto_generated|pll1|clk[0] ; 3.676        ; -0.182     ; 2.946      ;
; 0.574 ; registerfile:Register_File|outB[4]                    ; Multiplicador:MULTIPLICADOR|ACC:acumulador|Saidas[31] ; pll|altpll_component|auto_generated|pll1|clk[1] ; pll|altpll_component|auto_generated|pll1|clk[0] ; 3.676        ; -0.183     ; 2.919      ;
; 0.575 ; Multiplicador:MULTIPLICADOR|CONTROL:controle|state.S0 ; Multiplicador:MULTIPLICADOR|ACC:acumulador|Saidas[29] ; pll|altpll_component|auto_generated|pll1|clk[0] ; pll|altpll_component|auto_generated|pll1|clk[0] ; 3.676        ; -0.069     ; 3.032      ;
; 0.575 ; Multiplicador:MULTIPLICADOR|CONTROL:controle|state.S0 ; Multiplicador:MULTIPLICADOR|ACC:acumulador|Saidas[17] ; pll|altpll_component|auto_generated|pll1|clk[0] ; pll|altpll_component|auto_generated|pll1|clk[0] ; 3.676        ; -0.069     ; 3.032      ;
; 0.593 ; Multiplicador:MULTIPLICADOR|ACC:acumulador|Saidas[17] ; Multiplicador:MULTIPLICADOR|ACC:acumulador|Saidas[29] ; pll|altpll_component|auto_generated|pll1|clk[0] ; pll|altpll_component|auto_generated|pll1|clk[0] ; 3.676        ; -0.079     ; 3.004      ;
; 0.593 ; registerfile:Register_File|outB[1]                    ; Multiplicador:MULTIPLICADOR|ACC:acumulador|Saidas[26] ; pll|altpll_component|auto_generated|pll1|clk[1] ; pll|altpll_component|auto_generated|pll1|clk[0] ; 3.676        ; -0.184     ; 2.899      ;
; 0.600 ; registerfile:Register_File|outB[3]                    ; Multiplicador:MULTIPLICADOR|ACC:acumulador|Saidas[31] ; pll|altpll_component|auto_generated|pll1|clk[1] ; pll|altpll_component|auto_generated|pll1|clk[0] ; 3.676        ; -0.183     ; 2.893      ;
; 0.607 ; Multiplicador:MULTIPLICADOR|CONTROL:controle|state.S0 ; Multiplicador:MULTIPLICADOR|ACC:acumulador|Saidas[27] ; pll|altpll_component|auto_generated|pll1|clk[0] ; pll|altpll_component|auto_generated|pll1|clk[0] ; 3.676        ; -0.070     ; 2.999      ;
; 0.607 ; Multiplicador:MULTIPLICADOR|CONTROL:controle|state.S0 ; Multiplicador:MULTIPLICADOR|ACC:acumulador|Saidas[30] ; pll|altpll_component|auto_generated|pll1|clk[0] ; pll|altpll_component|auto_generated|pll1|clk[0] ; 3.676        ; -0.070     ; 2.999      ;
; 0.607 ; Multiplicador:MULTIPLICADOR|CONTROL:controle|state.S0 ; Multiplicador:MULTIPLICADOR|ACC:acumulador|Saidas[31] ; pll|altpll_component|auto_generated|pll1|clk[0] ; pll|altpll_component|auto_generated|pll1|clk[0] ; 3.676        ; -0.070     ; 2.999      ;
; 0.607 ; Multiplicador:MULTIPLICADOR|CONTROL:controle|state.S0 ; Multiplicador:MULTIPLICADOR|ACC:acumulador|Saidas[28] ; pll|altpll_component|auto_generated|pll1|clk[0] ; pll|altpll_component|auto_generated|pll1|clk[0] ; 3.676        ; -0.070     ; 2.999      ;
; 0.607 ; Multiplicador:MULTIPLICADOR|CONTROL:controle|state.S0 ; Multiplicador:MULTIPLICADOR|ACC:acumulador|Saidas[24] ; pll|altpll_component|auto_generated|pll1|clk[0] ; pll|altpll_component|auto_generated|pll1|clk[0] ; 3.676        ; -0.070     ; 2.999      ;
; 0.630 ; registerfile:Register_File|outB[6]                    ; Multiplicador:MULTIPLICADOR|ACC:acumulador|Saidas[29] ; pll|altpll_component|auto_generated|pll1|clk[1] ; pll|altpll_component|auto_generated|pll1|clk[0] ; 3.676        ; -0.182     ; 2.864      ;
; 0.636 ; registerfile:Register_File|outB[1]                    ; Multiplicador:MULTIPLICADOR|ACC:acumulador|Saidas[28] ; pll|altpll_component|auto_generated|pll1|clk[1] ; pll|altpll_component|auto_generated|pll1|clk[0] ; 3.676        ; -0.183     ; 2.857      ;
; 0.639 ; Multiplicador:MULTIPLICADOR|CONTROL:controle|state.S0 ; Multiplicador:MULTIPLICADOR|ACC:acumulador|Saidas[26] ; pll|altpll_component|auto_generated|pll1|clk[0] ; pll|altpll_component|auto_generated|pll1|clk[0] ; 3.676        ; -0.071     ; 2.966      ;
; 0.639 ; Multiplicador:MULTIPLICADOR|CONTROL:controle|state.S0 ; Multiplicador:MULTIPLICADOR|ACC:acumulador|Saidas[25] ; pll|altpll_component|auto_generated|pll1|clk[0] ; pll|altpll_component|auto_generated|pll1|clk[0] ; 3.676        ; -0.071     ; 2.966      ;
; 0.649 ; registerfile:Register_File|outB[1]                    ; Multiplicador:MULTIPLICADOR|ACC:acumulador|Saidas[30] ; pll|altpll_component|auto_generated|pll1|clk[1] ; pll|altpll_component|auto_generated|pll1|clk[0] ; 3.676        ; -0.183     ; 2.844      ;
; 0.651 ; Multiplicador:MULTIPLICADOR|ACC:acumulador|Saidas[17] ; Multiplicador:MULTIPLICADOR|ACC:acumulador|Saidas[31] ; pll|altpll_component|auto_generated|pll1|clk[0] ; pll|altpll_component|auto_generated|pll1|clk[0] ; 3.676        ; -0.080     ; 2.945      ;
; 0.662 ; registerfile:Register_File|outB[12]                   ; Multiplicador:MULTIPLICADOR|ACC:acumulador|Saidas[29] ; pll|altpll_component|auto_generated|pll1|clk[1] ; pll|altpll_component|auto_generated|pll1|clk[0] ; 3.676        ; -0.177     ; 2.837      ;
; 0.673 ; registerfile:Register_File|outB[5]                    ; Multiplicador:MULTIPLICADOR|ACC:acumulador|Saidas[29] ; pll|altpll_component|auto_generated|pll1|clk[1] ; pll|altpll_component|auto_generated|pll1|clk[0] ; 3.676        ; -0.181     ; 2.822      ;
; 0.677 ; registerfile:Register_File|outB[3]                    ; Multiplicador:MULTIPLICADOR|ACC:acumulador|Saidas[26] ; pll|altpll_component|auto_generated|pll1|clk[1] ; pll|altpll_component|auto_generated|pll1|clk[0] ; 3.676        ; -0.184     ; 2.815      ;
; 0.688 ; registerfile:Register_File|outB[6]                    ; Multiplicador:MULTIPLICADOR|ACC:acumulador|Saidas[31] ; pll|altpll_component|auto_generated|pll1|clk[1] ; pll|altpll_component|auto_generated|pll1|clk[0] ; 3.676        ; -0.183     ; 2.805      ;
; 0.715 ; Multiplicador:MULTIPLICADOR|ACC:acumulador|Saidas[17] ; Multiplicador:MULTIPLICADOR|ACC:acumulador|Saidas[26] ; pll|altpll_component|auto_generated|pll1|clk[0] ; pll|altpll_component|auto_generated|pll1|clk[0] ; 3.676        ; -0.081     ; 2.880      ;
; 0.720 ; registerfile:Register_File|outB[12]                   ; Multiplicador:MULTIPLICADOR|ACC:acumulador|Saidas[31] ; pll|altpll_component|auto_generated|pll1|clk[1] ; pll|altpll_component|auto_generated|pll1|clk[0] ; 3.676        ; -0.178     ; 2.778      ;
; 0.720 ; registerfile:Register_File|outB[3]                    ; Multiplicador:MULTIPLICADOR|ACC:acumulador|Saidas[28] ; pll|altpll_component|auto_generated|pll1|clk[1] ; pll|altpll_component|auto_generated|pll1|clk[0] ; 3.676        ; -0.183     ; 2.773      ;
; 0.725 ; registerfile:Register_File|outB[2]                    ; Multiplicador:MULTIPLICADOR|ACC:acumulador|Saidas[26] ; pll|altpll_component|auto_generated|pll1|clk[1] ; pll|altpll_component|auto_generated|pll1|clk[0] ; 3.676        ; -0.182     ; 2.769      ;
; 0.731 ; registerfile:Register_File|outB[5]                    ; Multiplicador:MULTIPLICADOR|ACC:acumulador|Saidas[31] ; pll|altpll_component|auto_generated|pll1|clk[1] ; pll|altpll_component|auto_generated|pll1|clk[0] ; 3.676        ; -0.182     ; 2.763      ;
; 0.733 ; registerfile:Register_File|outB[3]                    ; Multiplicador:MULTIPLICADOR|ACC:acumulador|Saidas[30] ; pll|altpll_component|auto_generated|pll1|clk[1] ; pll|altpll_component|auto_generated|pll1|clk[0] ; 3.676        ; -0.183     ; 2.760      ;
; 0.735 ; register:CTRL1|out[5]                                 ; Multiplicador:MULTIPLICADOR|ACC:acumulador|Saidas[16] ; pll|altpll_component|auto_generated|pll1|clk[1] ; pll|altpll_component|auto_generated|pll1|clk[0] ; 3.676        ; -0.169     ; 2.772      ;
; 0.737 ; Multiplicador:MULTIPLICADOR|CONTROL:controle|state.S2 ; Multiplicador:MULTIPLICADOR|ACC:acumulador|Saidas[29] ; pll|altpll_component|auto_generated|pll1|clk[0] ; pll|altpll_component|auto_generated|pll1|clk[0] ; 3.676        ; -0.069     ; 2.870      ;
; 0.737 ; Multiplicador:MULTIPLICADOR|CONTROL:controle|state.S2 ; Multiplicador:MULTIPLICADOR|ACC:acumulador|Saidas[17] ; pll|altpll_component|auto_generated|pll1|clk[0] ; pll|altpll_component|auto_generated|pll1|clk[0] ; 3.676        ; -0.069     ; 2.870      ;
; 0.740 ; registerfile:Register_File|outB[2]                    ; Multiplicador:MULTIPLICADOR|ACC:acumulador|Saidas[28] ; pll|altpll_component|auto_generated|pll1|clk[1] ; pll|altpll_component|auto_generated|pll1|clk[0] ; 3.676        ; -0.181     ; 2.755      ;
; 0.758 ; Multiplicador:MULTIPLICADOR|ACC:acumulador|Saidas[17] ; Multiplicador:MULTIPLICADOR|ACC:acumulador|Saidas[28] ; pll|altpll_component|auto_generated|pll1|clk[0] ; pll|altpll_component|auto_generated|pll1|clk[0] ; 3.676        ; -0.080     ; 2.838      ;
; 0.758 ; Multiplicador:MULTIPLICADOR|ACC:acumulador|Saidas[16] ; Multiplicador:MULTIPLICADOR|ACC:acumulador|Saidas[29] ; pll|altpll_component|auto_generated|pll1|clk[0] ; pll|altpll_component|auto_generated|pll1|clk[0] ; 3.676        ; -0.081     ; 2.837      ;
; 0.759 ; registerfile:Register_File|outB[8]                    ; Multiplicador:MULTIPLICADOR|ACC:acumulador|Saidas[29] ; pll|altpll_component|auto_generated|pll1|clk[1] ; pll|altpll_component|auto_generated|pll1|clk[0] ; 3.676        ; -0.179     ; 2.738      ;
; 0.760 ; registerfile:Register_File|outB[2]                    ; Multiplicador:MULTIPLICADOR|ACC:acumulador|Saidas[25] ; pll|altpll_component|auto_generated|pll1|clk[1] ; pll|altpll_component|auto_generated|pll1|clk[0] ; 3.676        ; -0.182     ; 2.734      ;
; 0.768 ; register:CTRL1|out[5]                                 ; Multiplicador:MULTIPLICADOR|ACC:acumulador|Saidas[23] ; pll|altpll_component|auto_generated|pll1|clk[1] ; pll|altpll_component|auto_generated|pll1|clk[0] ; 3.676        ; -0.170     ; 2.738      ;
; 0.768 ; register:CTRL1|out[5]                                 ; Multiplicador:MULTIPLICADOR|ACC:acumulador|Saidas[22] ; pll|altpll_component|auto_generated|pll1|clk[1] ; pll|altpll_component|auto_generated|pll1|clk[0] ; 3.676        ; -0.170     ; 2.738      ;
; 0.768 ; register:CTRL1|out[5]                                 ; Multiplicador:MULTIPLICADOR|ACC:acumulador|Saidas[21] ; pll|altpll_component|auto_generated|pll1|clk[1] ; pll|altpll_component|auto_generated|pll1|clk[0] ; 3.676        ; -0.170     ; 2.738      ;
; 0.768 ; register:CTRL1|out[5]                                 ; Multiplicador:MULTIPLICADOR|ACC:acumulador|Saidas[19] ; pll|altpll_component|auto_generated|pll1|clk[1] ; pll|altpll_component|auto_generated|pll1|clk[0] ; 3.676        ; -0.170     ; 2.738      ;
; 0.768 ; register:CTRL1|out[5]                                 ; Multiplicador:MULTIPLICADOR|ACC:acumulador|Saidas[20] ; pll|altpll_component|auto_generated|pll1|clk[1] ; pll|altpll_component|auto_generated|pll1|clk[0] ; 3.676        ; -0.170     ; 2.738      ;
; 0.768 ; register:CTRL1|out[5]                                 ; Multiplicador:MULTIPLICADOR|ACC:acumulador|Saidas[18] ; pll|altpll_component|auto_generated|pll1|clk[1] ; pll|altpll_component|auto_generated|pll1|clk[0] ; 3.676        ; -0.170     ; 2.738      ;
; 0.769 ; Multiplicador:MULTIPLICADOR|CONTROL:controle|state.S2 ; Multiplicador:MULTIPLICADOR|ACC:acumulador|Saidas[27] ; pll|altpll_component|auto_generated|pll1|clk[0] ; pll|altpll_component|auto_generated|pll1|clk[0] ; 3.676        ; -0.070     ; 2.837      ;
; 0.769 ; Multiplicador:MULTIPLICADOR|CONTROL:controle|state.S2 ; Multiplicador:MULTIPLICADOR|ACC:acumulador|Saidas[30] ; pll|altpll_component|auto_generated|pll1|clk[0] ; pll|altpll_component|auto_generated|pll1|clk[0] ; 3.676        ; -0.070     ; 2.837      ;
; 0.769 ; Multiplicador:MULTIPLICADOR|CONTROL:controle|state.S2 ; Multiplicador:MULTIPLICADOR|ACC:acumulador|Saidas[31] ; pll|altpll_component|auto_generated|pll1|clk[0] ; pll|altpll_component|auto_generated|pll1|clk[0] ; 3.676        ; -0.070     ; 2.837      ;
; 0.769 ; Multiplicador:MULTIPLICADOR|CONTROL:controle|state.S2 ; Multiplicador:MULTIPLICADOR|ACC:acumulador|Saidas[28] ; pll|altpll_component|auto_generated|pll1|clk[0] ; pll|altpll_component|auto_generated|pll1|clk[0] ; 3.676        ; -0.070     ; 2.837      ;
; 0.769 ; Multiplicador:MULTIPLICADOR|CONTROL:controle|state.S2 ; Multiplicador:MULTIPLICADOR|ACC:acumulador|Saidas[24] ; pll|altpll_component|auto_generated|pll1|clk[0] ; pll|altpll_component|auto_generated|pll1|clk[0] ; 3.676        ; -0.070     ; 2.837      ;
; 0.771 ; Multiplicador:MULTIPLICADOR|ACC:acumulador|Saidas[17] ; Multiplicador:MULTIPLICADOR|ACC:acumulador|Saidas[30] ; pll|altpll_component|auto_generated|pll1|clk[0] ; pll|altpll_component|auto_generated|pll1|clk[0] ; 3.676        ; -0.080     ; 2.825      ;
; 0.775 ; registerfile:Register_File|outB[2]                    ; Multiplicador:MULTIPLICADOR|ACC:acumulador|Saidas[30] ; pll|altpll_component|auto_generated|pll1|clk[1] ; pll|altpll_component|auto_generated|pll1|clk[0] ; 3.676        ; -0.181     ; 2.720      ;
; 0.776 ; registerfile:Register_File|outB[0]                    ; Multiplicador:MULTIPLICADOR|ACC:acumulador|Saidas[26] ; pll|altpll_component|auto_generated|pll1|clk[1] ; pll|altpll_component|auto_generated|pll1|clk[0] ; 3.676        ; -0.183     ; 2.717      ;
; 0.780 ; Multiplicador:MULTIPLICADOR|ACC:acumulador|Saidas[0]  ; Multiplicador:MULTIPLICADOR|ACC:acumulador|Saidas[29] ; pll|altpll_component|auto_generated|pll1|clk[0] ; pll|altpll_component|auto_generated|pll1|clk[0] ; 3.676        ; -0.070     ; 2.826      ;
; 0.780 ; Multiplicador:MULTIPLICADOR|ACC:acumulador|Saidas[0]  ; Multiplicador:MULTIPLICADOR|ACC:acumulador|Saidas[17] ; pll|altpll_component|auto_generated|pll1|clk[0] ; pll|altpll_component|auto_generated|pll1|clk[0] ; 3.676        ; -0.070     ; 2.826      ;
; 0.789 ; registerfile:Register_File|outB[1]                    ; Multiplicador:MULTIPLICADOR|ACC:acumulador|Saidas[25] ; pll|altpll_component|auto_generated|pll1|clk[1] ; pll|altpll_component|auto_generated|pll1|clk[0] ; 3.676        ; -0.184     ; 2.703      ;
; 0.790 ; registerfile:Register_File|outB[11]                   ; Multiplicador:MULTIPLICADOR|ACC:acumulador|Saidas[29] ; pll|altpll_component|auto_generated|pll1|clk[1] ; pll|altpll_component|auto_generated|pll1|clk[0] ; 3.676        ; -0.178     ; 2.708      ;
; 0.796 ; registerfile:Register_File|outB[5]                    ; Multiplicador:MULTIPLICADOR|ACC:acumulador|Saidas[26] ; pll|altpll_component|auto_generated|pll1|clk[1] ; pll|altpll_component|auto_generated|pll1|clk[0] ; 3.676        ; -0.183     ; 2.697      ;
; 0.797 ; registerfile:Register_File|outB[7]                    ; Multiplicador:MULTIPLICADOR|ACC:acumulador|Saidas[29] ; pll|altpll_component|auto_generated|pll1|clk[1] ; pll|altpll_component|auto_generated|pll1|clk[0] ; 3.676        ; -0.182     ; 2.697      ;
; 0.800 ; registerfile:Register_File|outB[0]                    ; Multiplicador:MULTIPLICADOR|ACC:acumulador|Saidas[28] ; pll|altpll_component|auto_generated|pll1|clk[1] ; pll|altpll_component|auto_generated|pll1|clk[0] ; 3.676        ; -0.182     ; 2.694      ;
; 0.801 ; Multiplicador:MULTIPLICADOR|CONTROL:controle|state.S2 ; Multiplicador:MULTIPLICADOR|ACC:acumulador|Saidas[26] ; pll|altpll_component|auto_generated|pll1|clk[0] ; pll|altpll_component|auto_generated|pll1|clk[0] ; 3.676        ; -0.071     ; 2.804      ;
; 0.801 ; Multiplicador:MULTIPLICADOR|CONTROL:controle|state.S2 ; Multiplicador:MULTIPLICADOR|ACC:acumulador|Saidas[25] ; pll|altpll_component|auto_generated|pll1|clk[0] ; pll|altpll_component|auto_generated|pll1|clk[0] ; 3.676        ; -0.071     ; 2.804      ;
; 0.801 ; register:CTRL1|out[5]                                 ; Multiplicador:MULTIPLICADOR|ACC:acumulador|Saidas[10] ; pll|altpll_component|auto_generated|pll1|clk[1] ; pll|altpll_component|auto_generated|pll1|clk[0] ; 3.676        ; -0.173     ; 2.702      ;
; 0.807 ; registerfile:Register_File|outB[14]                   ; Multiplicador:MULTIPLICADOR|ACC:acumulador|Saidas[31] ; pll|altpll_component|auto_generated|pll1|clk[1] ; pll|altpll_component|auto_generated|pll1|clk[0] ; 3.676        ; -0.174     ; 2.695      ;
; 0.811 ; registerfile:Register_File|outB[4]                    ; Multiplicador:MULTIPLICADOR|ACC:acumulador|Saidas[26] ; pll|altpll_component|auto_generated|pll1|clk[1] ; pll|altpll_component|auto_generated|pll1|clk[0] ; 3.676        ; -0.184     ; 2.681      ;
; 0.812 ; Multiplicador:MULTIPLICADOR|ACC:acumulador|Saidas[0]  ; Multiplicador:MULTIPLICADOR|ACC:acumulador|Saidas[27] ; pll|altpll_component|auto_generated|pll1|clk[0] ; pll|altpll_component|auto_generated|pll1|clk[0] ; 3.676        ; -0.071     ; 2.793      ;
; 0.812 ; Multiplicador:MULTIPLICADOR|ACC:acumulador|Saidas[0]  ; Multiplicador:MULTIPLICADOR|ACC:acumulador|Saidas[30] ; pll|altpll_component|auto_generated|pll1|clk[0] ; pll|altpll_component|auto_generated|pll1|clk[0] ; 3.676        ; -0.071     ; 2.793      ;
; 0.812 ; Multiplicador:MULTIPLICADOR|ACC:acumulador|Saidas[0]  ; Multiplicador:MULTIPLICADOR|ACC:acumulador|Saidas[31] ; pll|altpll_component|auto_generated|pll1|clk[0] ; pll|altpll_component|auto_generated|pll1|clk[0] ; 3.676        ; -0.071     ; 2.793      ;
; 0.812 ; Multiplicador:MULTIPLICADOR|ACC:acumulador|Saidas[0]  ; Multiplicador:MULTIPLICADOR|ACC:acumulador|Saidas[28] ; pll|altpll_component|auto_generated|pll1|clk[0] ; pll|altpll_component|auto_generated|pll1|clk[0] ; 3.676        ; -0.071     ; 2.793      ;
; 0.812 ; Multiplicador:MULTIPLICADOR|ACC:acumulador|Saidas[0]  ; Multiplicador:MULTIPLICADOR|ACC:acumulador|Saidas[24] ; pll|altpll_component|auto_generated|pll1|clk[0] ; pll|altpll_component|auto_generated|pll1|clk[0] ; 3.676        ; -0.071     ; 2.793      ;
; 0.816 ; Multiplicador:MULTIPLICADOR|ACC:acumulador|Saidas[16] ; Multiplicador:MULTIPLICADOR|ACC:acumulador|Saidas[31] ; pll|altpll_component|auto_generated|pll1|clk[0] ; pll|altpll_component|auto_generated|pll1|clk[0] ; 3.676        ; -0.082     ; 2.778      ;
; 0.817 ; registerfile:Register_File|outB[8]                    ; Multiplicador:MULTIPLICADOR|ACC:acumulador|Saidas[31] ; pll|altpll_component|auto_generated|pll1|clk[1] ; pll|altpll_component|auto_generated|pll1|clk[0] ; 3.676        ; -0.180     ; 2.679      ;
; 0.820 ; registerfile:Register_File|outB[0]                    ; Multiplicador:MULTIPLICADOR|ACC:acumulador|Saidas[25] ; pll|altpll_component|auto_generated|pll1|clk[1] ; pll|altpll_component|auto_generated|pll1|clk[0] ; 3.676        ; -0.183     ; 2.673      ;
; 0.825 ; registerfile:Register_File|outB[2]                    ; Multiplicador:MULTIPLICADOR|ACC:acumulador|Saidas[27] ; pll|altpll_component|auto_generated|pll1|clk[1] ; pll|altpll_component|auto_generated|pll1|clk[0] ; 3.676        ; -0.181     ; 2.670      ;
; 0.826 ; registerfile:Register_File|outB[4]                    ; Multiplicador:MULTIPLICADOR|ACC:acumulador|Saidas[28] ; pll|altpll_component|auto_generated|pll1|clk[1] ; pll|altpll_component|auto_generated|pll1|clk[0] ; 3.676        ; -0.183     ; 2.667      ;
; 0.832 ; registerfile:Register_File|outB[0]                    ; Multiplicador:MULTIPLICADOR|ACC:acumulador|Saidas[30] ; pll|altpll_component|auto_generated|pll1|clk[1] ; pll|altpll_component|auto_generated|pll1|clk[0] ; 3.676        ; -0.182     ; 2.662      ;
; 0.834 ; registerfile:Register_File|outB[0]                    ; Multiplicador:MULTIPLICADOR|ACC:acumulador|Saidas[17] ; pll|altpll_component|auto_generated|pll1|clk[1] ; pll|altpll_component|auto_generated|pll1|clk[0] ; 3.676        ; -0.181     ; 2.661      ;
; 0.836 ; register:CTRL1|out[5]                                 ; Multiplicador:MULTIPLICADOR|ACC:acumulador|Saidas[15] ; pll|altpll_component|auto_generated|pll1|clk[1] ; pll|altpll_component|auto_generated|pll1|clk[0] ; 3.676        ; -0.174     ; 2.666      ;
; 0.836 ; register:CTRL1|out[5]                                 ; Multiplicador:MULTIPLICADOR|ACC:acumulador|Saidas[14] ; pll|altpll_component|auto_generated|pll1|clk[1] ; pll|altpll_component|auto_generated|pll1|clk[0] ; 3.676        ; -0.174     ; 2.666      ;
; 0.836 ; register:CTRL1|out[5]                                 ; Multiplicador:MULTIPLICADOR|ACC:acumulador|Saidas[12] ; pll|altpll_component|auto_generated|pll1|clk[1] ; pll|altpll_component|auto_generated|pll1|clk[0] ; 3.676        ; -0.174     ; 2.666      ;
; 0.836 ; register:CTRL1|out[5]                                 ; Multiplicador:MULTIPLICADOR|ACC:acumulador|Saidas[11] ; pll|altpll_component|auto_generated|pll1|clk[1] ; pll|altpll_component|auto_generated|pll1|clk[0] ; 3.676        ; -0.174     ; 2.666      ;
; 0.839 ; registerfile:Register_File|outB[5]                    ; Multiplicador:MULTIPLICADOR|ACC:acumulador|Saidas[28] ; pll|altpll_component|auto_generated|pll1|clk[1] ; pll|altpll_component|auto_generated|pll1|clk[0] ; 3.676        ; -0.182     ; 2.655      ;
; 0.844 ; Multiplicador:MULTIPLICADOR|ACC:acumulador|Saidas[0]  ; Multiplicador:MULTIPLICADOR|ACC:acumulador|Saidas[26] ; pll|altpll_component|auto_generated|pll1|clk[0] ; pll|altpll_component|auto_generated|pll1|clk[0] ; 3.676        ; -0.072     ; 2.760      ;
; 0.844 ; Multiplicador:MULTIPLICADOR|ACC:acumulador|Saidas[0]  ; Multiplicador:MULTIPLICADOR|ACC:acumulador|Saidas[25] ; pll|altpll_component|auto_generated|pll1|clk[0] ; pll|altpll_component|auto_generated|pll1|clk[0] ; 3.676        ; -0.072     ; 2.760      ;
; 0.846 ; registerfile:Register_File|outB[4]                    ; Multiplicador:MULTIPLICADOR|ACC:acumulador|Saidas[25] ; pll|altpll_component|auto_generated|pll1|clk[1] ; pll|altpll_component|auto_generated|pll1|clk[0] ; 3.676        ; -0.184     ; 2.646      ;
; 0.848 ; registerfile:Register_File|outB[11]                   ; Multiplicador:MULTIPLICADOR|ACC:acumulador|Saidas[31] ; pll|altpll_component|auto_generated|pll1|clk[1] ; pll|altpll_component|auto_generated|pll1|clk[0] ; 3.676        ; -0.179     ; 2.649      ;
; 0.852 ; registerfile:Register_File|outB[5]                    ; Multiplicador:MULTIPLICADOR|ACC:acumulador|Saidas[30] ; pll|altpll_component|auto_generated|pll1|clk[1] ; pll|altpll_component|auto_generated|pll1|clk[0] ; 3.676        ; -0.182     ; 2.642      ;
+-------+-------------------------------------------------------+-------------------------------------------------------+-------------------------------------------------+-------------------------------------------------+--------------+------------+------------+


+------------------------------------------------------------------------------------------------------------------------------------------------------------------------------------------------------------------------------------------------------------------------+
; Slow 1200mV -40C Model Hold: 'pll|altpll_component|auto_generated|pll1|clk[0]'                                                                                                                                                                                         ;
+-------+---------------------------------------------------------+---------------------------------------------------------+-------------------------------------------------+-------------------------------------------------+--------------+------------+------------+
; Slack ; From Node                                               ; To Node                                                 ; Launch Clock                                    ; Latch Clock                                     ; Relationship ; Clock Skew ; Data Delay ;
+-------+---------------------------------------------------------+---------------------------------------------------------+-------------------------------------------------+-------------------------------------------------+--------------+------------+------------+
; 0.312 ; Multiplicador:MULTIPLICADOR|ACC:acumulador|Saidas[32]   ; Multiplicador:MULTIPLICADOR|ACC:acumulador|Saidas[32]   ; pll|altpll_component|auto_generated|pll1|clk[0] ; pll|altpll_component|auto_generated|pll1|clk[0] ; 0.000        ; 0.094      ; 0.574      ;
; 0.326 ; Multiplicador:MULTIPLICADOR|Counter:Contador|K          ; Multiplicador:MULTIPLICADOR|Counter:Contador|K          ; pll|altpll_component|auto_generated|pll1|clk[0] ; pll|altpll_component|auto_generated|pll1|clk[0] ; 0.000        ; 0.080      ; 0.574      ;
; 0.326 ; Multiplicador:MULTIPLICADOR|Counter:Contador|aux_load   ; Multiplicador:MULTIPLICADOR|Counter:Contador|aux_load   ; pll|altpll_component|auto_generated|pll1|clk[0] ; pll|altpll_component|auto_generated|pll1|clk[0] ; 0.000        ; 0.080      ; 0.574      ;
; 0.327 ; Multiplicador:MULTIPLICADOR|CONTROL:controle|state.S0   ; Multiplicador:MULTIPLICADOR|CONTROL:controle|state.S0   ; pll|altpll_component|auto_generated|pll1|clk[0] ; pll|altpll_component|auto_generated|pll1|clk[0] ; 0.000        ; 0.079      ; 0.574      ;
; 0.359 ; Multiplicador:MULTIPLICADOR|CONTROL:controle|state.S3   ; Multiplicador:MULTIPLICADOR|CONTROL:controle|state.S0   ; pll|altpll_component|auto_generated|pll1|clk[0] ; pll|altpll_component|auto_generated|pll1|clk[0] ; 0.000        ; 0.079      ; 0.606      ;
; 0.369 ; Multiplicador:MULTIPLICADOR|Counter:Contador|counter[5] ; Multiplicador:MULTIPLICADOR|Counter:Contador|counter[5] ; pll|altpll_component|auto_generated|pll1|clk[0] ; pll|altpll_component|auto_generated|pll1|clk[0] ; 0.000        ; 0.080      ; 0.617      ;
; 0.379 ; Multiplicador:MULTIPLICADOR|ACC:acumulador|Saidas[6]    ; Multiplicador:MULTIPLICADOR|ACC:acumulador|Saidas[5]    ; pll|altpll_component|auto_generated|pll1|clk[0] ; pll|altpll_component|auto_generated|pll1|clk[0] ; 0.000        ; 0.080      ; 0.627      ;
; 0.395 ; Multiplicador:MULTIPLICADOR|Counter:Contador|counter[1] ; Multiplicador:MULTIPLICADOR|Counter:Contador|counter[0] ; pll|altpll_component|auto_generated|pll1|clk[0] ; pll|altpll_component|auto_generated|pll1|clk[0] ; 0.000        ; 0.080      ; 0.643      ;
; 0.508 ; Multiplicador:MULTIPLICADOR|ACC:acumulador|Saidas[15]   ; Multiplicador:MULTIPLICADOR|ACC:acumulador|Saidas[14]   ; pll|altpll_component|auto_generated|pll1|clk[0] ; pll|altpll_component|auto_generated|pll1|clk[0] ; 0.000        ; 0.080      ; 0.756      ;
; 0.513 ; Multiplicador:MULTIPLICADOR|ACC:acumulador|Saidas[31]   ; Multiplicador:MULTIPLICADOR|ACC:acumulador|Saidas[30]   ; pll|altpll_component|auto_generated|pll1|clk[0] ; pll|altpll_component|auto_generated|pll1|clk[0] ; 0.000        ; 0.079      ; 0.760      ;
; 0.514 ; Multiplicador:MULTIPLICADOR|ACC:acumulador|Saidas[8]    ; Multiplicador:MULTIPLICADOR|ACC:acumulador|Saidas[7]    ; pll|altpll_component|auto_generated|pll1|clk[0] ; pll|altpll_component|auto_generated|pll1|clk[0] ; 0.000        ; 0.080      ; 0.762      ;
; 0.515 ; Multiplicador:MULTIPLICADOR|Counter:Contador|K          ; Multiplicador:MULTIPLICADOR|CONTROL:controle|state.S3   ; pll|altpll_component|auto_generated|pll1|clk[0] ; pll|altpll_component|auto_generated|pll1|clk[0] ; 0.000        ; 0.081      ; 0.764      ;
; 0.518 ; Multiplicador:MULTIPLICADOR|Counter:Contador|K          ; Multiplicador:MULTIPLICADOR|CONTROL:controle|state.S1   ; pll|altpll_component|auto_generated|pll1|clk[0] ; pll|altpll_component|auto_generated|pll1|clk[0] ; 0.000        ; 0.081      ; 0.767      ;
; 0.523 ; Multiplicador:MULTIPLICADOR|CONTROL:controle|state.S2   ; Multiplicador:MULTIPLICADOR|CONTROL:controle|state.S3   ; pll|altpll_component|auto_generated|pll1|clk[0] ; pll|altpll_component|auto_generated|pll1|clk[0] ; 0.000        ; 0.079      ; 0.770      ;
; 0.524 ; Multiplicador:MULTIPLICADOR|ACC:acumulador|Saidas[23]   ; Multiplicador:MULTIPLICADOR|ACC:acumulador|Saidas[22]   ; pll|altpll_component|auto_generated|pll1|clk[0] ; pll|altpll_component|auto_generated|pll1|clk[0] ; 0.000        ; 0.080      ; 0.772      ;
; 0.525 ; Multiplicador:MULTIPLICADOR|CONTROL:controle|state.S2   ; Multiplicador:MULTIPLICADOR|CONTROL:controle|state.S1   ; pll|altpll_component|auto_generated|pll1|clk[0] ; pll|altpll_component|auto_generated|pll1|clk[0] ; 0.000        ; 0.079      ; 0.772      ;
; 0.553 ; Multiplicador:MULTIPLICADOR|CONTROL:controle|state.S1   ; Multiplicador:MULTIPLICADOR|CONTROL:controle|state.S2   ; pll|altpll_component|auto_generated|pll1|clk[0] ; pll|altpll_component|auto_generated|pll1|clk[0] ; 0.000        ; 0.079      ; 0.800      ;
; 0.570 ; Multiplicador:MULTIPLICADOR|ACC:acumulador|Saidas[12]   ; Multiplicador:MULTIPLICADOR|ACC:acumulador|Saidas[11]   ; pll|altpll_component|auto_generated|pll1|clk[0] ; pll|altpll_component|auto_generated|pll1|clk[0] ; 0.000        ; 0.080      ; 0.818      ;
; 0.571 ; Multiplicador:MULTIPLICADOR|ACC:acumulador|Saidas[5]    ; Multiplicador:MULTIPLICADOR|ACC:acumulador|Saidas[4]    ; pll|altpll_component|auto_generated|pll1|clk[0] ; pll|altpll_component|auto_generated|pll1|clk[0] ; 0.000        ; 0.080      ; 0.819      ;
; 0.596 ; Multiplicador:MULTIPLICADOR|ACC:acumulador|Saidas[26]   ; Multiplicador:MULTIPLICADOR|ACC:acumulador|Saidas[25]   ; pll|altpll_component|auto_generated|pll1|clk[0] ; pll|altpll_component|auto_generated|pll1|clk[0] ; 0.000        ; 0.080      ; 0.844      ;
; 0.604 ; Multiplicador:MULTIPLICADOR|ACC:acumulador|Saidas[20]   ; Multiplicador:MULTIPLICADOR|ACC:acumulador|Saidas[19]   ; pll|altpll_component|auto_generated|pll1|clk[0] ; pll|altpll_component|auto_generated|pll1|clk[0] ; 0.000        ; 0.080      ; 0.852      ;
; 0.604 ; Multiplicador:MULTIPLICADOR|Counter:Contador|aux_load   ; Multiplicador:MULTIPLICADOR|Counter:Contador|K          ; pll|altpll_component|auto_generated|pll1|clk[0] ; pll|altpll_component|auto_generated|pll1|clk[0] ; 0.000        ; 0.080      ; 0.852      ;
; 0.605 ; Multiplicador:MULTIPLICADOR|ACC:acumulador|Saidas[22]   ; Multiplicador:MULTIPLICADOR|ACC:acumulador|Saidas[21]   ; pll|altpll_component|auto_generated|pll1|clk[0] ; pll|altpll_component|auto_generated|pll1|clk[0] ; 0.000        ; 0.080      ; 0.853      ;
; 0.617 ; Multiplicador:MULTIPLICADOR|Counter:Contador|counter[1] ; Multiplicador:MULTIPLICADOR|Counter:Contador|aux_load   ; pll|altpll_component|auto_generated|pll1|clk[0] ; pll|altpll_component|auto_generated|pll1|clk[0] ; 0.000        ; 0.080      ; 0.865      ;
; 0.622 ; Multiplicador:MULTIPLICADOR|ACC:acumulador|Saidas[21]   ; Multiplicador:MULTIPLICADOR|ACC:acumulador|Saidas[20]   ; pll|altpll_component|auto_generated|pll1|clk[0] ; pll|altpll_component|auto_generated|pll1|clk[0] ; 0.000        ; 0.080      ; 0.870      ;
; 0.629 ; Multiplicador:MULTIPLICADOR|CONTROL:controle|state.S0   ; Multiplicador:MULTIPLICADOR|CONTROL:controle|state.S1   ; pll|altpll_component|auto_generated|pll1|clk[0] ; pll|altpll_component|auto_generated|pll1|clk[0] ; 0.000        ; 0.079      ; 0.876      ;
; 0.671 ; Multiplicador:MULTIPLICADOR|ACC:acumulador|Saidas[19]   ; Multiplicador:MULTIPLICADOR|ACC:acumulador|Saidas[18]   ; pll|altpll_component|auto_generated|pll1|clk[0] ; pll|altpll_component|auto_generated|pll1|clk[0] ; 0.000        ; 0.080      ; 0.919      ;
; 0.672 ; Multiplicador:MULTIPLICADOR|ACC:acumulador|Saidas[25]   ; Multiplicador:MULTIPLICADOR|ACC:acumulador|Saidas[24]   ; pll|altpll_component|auto_generated|pll1|clk[0] ; pll|altpll_component|auto_generated|pll1|clk[0] ; 0.000        ; 0.080      ; 0.920      ;
; 0.680 ; Multiplicador:MULTIPLICADOR|Counter:Contador|counter[5] ; Multiplicador:MULTIPLICADOR|Counter:Contador|aux_load   ; pll|altpll_component|auto_generated|pll1|clk[0] ; pll|altpll_component|auto_generated|pll1|clk[0] ; 0.000        ; 0.080      ; 0.928      ;
; 0.681 ; Multiplicador:MULTIPLICADOR|ACC:acumulador|Saidas[29]   ; Multiplicador:MULTIPLICADOR|ACC:acumulador|Saidas[28]   ; pll|altpll_component|auto_generated|pll1|clk[0] ; pll|altpll_component|auto_generated|pll1|clk[0] ; 0.000        ; 0.078      ; 0.927      ;
; 0.715 ; Multiplicador:MULTIPLICADOR|ACC:acumulador|Saidas[9]    ; Multiplicador:MULTIPLICADOR|ACC:acumulador|Saidas[8]    ; pll|altpll_component|auto_generated|pll1|clk[0] ; pll|altpll_component|auto_generated|pll1|clk[0] ; 0.000        ; 0.080      ; 0.963      ;
; 0.749 ; Multiplicador:MULTIPLICADOR|CONTROL:controle|state.S0   ; Multiplicador:MULTIPLICADOR|ACC:acumulador|Saidas[4]    ; pll|altpll_component|auto_generated|pll1|clk[0] ; pll|altpll_component|auto_generated|pll1|clk[0] ; 0.000        ; 0.085      ; 1.002      ;
; 0.761 ; register:CTRL1|out[5]                                   ; Multiplicador:MULTIPLICADOR|CONTROL:controle|state.S1   ; pll|altpll_component|auto_generated|pll1|clk[1] ; pll|altpll_component|auto_generated|pll1|clk[0] ; -0.016       ; 0.180      ; 1.113      ;
; 0.784 ; Multiplicador:MULTIPLICADOR|ACC:acumulador|Saidas[30]   ; Multiplicador:MULTIPLICADOR|ACC:acumulador|Saidas[29]   ; pll|altpll_component|auto_generated|pll1|clk[0] ; pll|altpll_component|auto_generated|pll1|clk[0] ; 0.000        ; 0.080      ; 1.032      ;
; 0.812 ; Multiplicador:MULTIPLICADOR|ACC:acumulador|Saidas[4]    ; Multiplicador:MULTIPLICADOR|ACC:acumulador|Saidas[3]    ; pll|altpll_component|auto_generated|pll1|clk[0] ; pll|altpll_component|auto_generated|pll1|clk[0] ; 0.000        ; 0.081      ; 1.061      ;
; 0.819 ; Multiplicador:MULTIPLICADOR|ACC:acumulador|Saidas[31]   ; Multiplicador:MULTIPLICADOR|ACC:acumulador|Saidas[32]   ; pll|altpll_component|auto_generated|pll1|clk[0] ; pll|altpll_component|auto_generated|pll1|clk[0] ; 0.000        ; 0.433      ; 1.420      ;
; 0.824 ; register:CTRL1|out[5]                                   ; Multiplicador:MULTIPLICADOR|CONTROL:controle|state.S0   ; pll|altpll_component|auto_generated|pll1|clk[1] ; pll|altpll_component|auto_generated|pll1|clk[0] ; -0.016       ; 0.180      ; 1.176      ;
; 0.830 ; Multiplicador:MULTIPLICADOR|ACC:acumulador|Saidas[30]   ; Multiplicador:MULTIPLICADOR|ACC:acumulador|Saidas[32]   ; pll|altpll_component|auto_generated|pll1|clk[0] ; pll|altpll_component|auto_generated|pll1|clk[0] ; 0.000        ; 0.433      ; 1.431      ;
; 0.831 ; Multiplicador:MULTIPLICADOR|Counter:Contador|counter[2] ; Multiplicador:MULTIPLICADOR|Counter:Contador|counter[4] ; pll|altpll_component|auto_generated|pll1|clk[0] ; pll|altpll_component|auto_generated|pll1|clk[0] ; 0.000        ; 0.080      ; 1.079      ;
; 0.831 ; Multiplicador:MULTIPLICADOR|Counter:Contador|counter[2] ; Multiplicador:MULTIPLICADOR|Counter:Contador|counter[2] ; pll|altpll_component|auto_generated|pll1|clk[0] ; pll|altpll_component|auto_generated|pll1|clk[0] ; 0.000        ; 0.080      ; 1.079      ;
; 0.845 ; Multiplicador:MULTIPLICADOR|ACC:acumulador|Saidas[32]   ; Multiplicador:MULTIPLICADOR|ACC:acumulador|Saidas[31]   ; pll|altpll_component|auto_generated|pll1|clk[0] ; pll|altpll_component|auto_generated|pll1|clk[0] ; 0.000        ; -0.260     ; 0.753      ;
; 0.849 ; Multiplicador:MULTIPLICADOR|ACC:acumulador|Saidas[28]   ; Multiplicador:MULTIPLICADOR|ACC:acumulador|Saidas[27]   ; pll|altpll_component|auto_generated|pll1|clk[0] ; pll|altpll_component|auto_generated|pll1|clk[0] ; 0.000        ; 0.079      ; 1.096      ;
; 0.853 ; Multiplicador:MULTIPLICADOR|CONTROL:controle|state.S0   ; Multiplicador:MULTIPLICADOR|ACC:acumulador|Saidas[2]    ; pll|altpll_component|auto_generated|pll1|clk[0] ; pll|altpll_component|auto_generated|pll1|clk[0] ; 0.000        ; 0.080      ; 1.101      ;
; 0.854 ; Multiplicador:MULTIPLICADOR|CONTROL:controle|state.S0   ; Multiplicador:MULTIPLICADOR|ACC:acumulador|Saidas[0]    ; pll|altpll_component|auto_generated|pll1|clk[0] ; pll|altpll_component|auto_generated|pll1|clk[0] ; 0.000        ; 0.080      ; 1.102      ;
; 0.856 ; Multiplicador:MULTIPLICADOR|Counter:Contador|counter[4] ; Multiplicador:MULTIPLICADOR|Counter:Contador|counter[5] ; pll|altpll_component|auto_generated|pll1|clk[0] ; pll|altpll_component|auto_generated|pll1|clk[0] ; 0.000        ; 0.080      ; 1.104      ;
; 0.875 ; register:CTRL1|out[5]                                   ; Multiplicador:MULTIPLICADOR|ACC:acumulador|Saidas[0]    ; pll|altpll_component|auto_generated|pll1|clk[1] ; pll|altpll_component|auto_generated|pll1|clk[0] ; -0.016       ; 0.181      ; 1.228      ;
; 0.876 ; Multiplicador:MULTIPLICADOR|Counter:Contador|counter[5] ; Multiplicador:MULTIPLICADOR|Counter:Contador|K          ; pll|altpll_component|auto_generated|pll1|clk[0] ; pll|altpll_component|auto_generated|pll1|clk[0] ; 0.000        ; 0.080      ; 1.124      ;
; 0.883 ; Multiplicador:MULTIPLICADOR|ACC:acumulador|Saidas[10]   ; Multiplicador:MULTIPLICADOR|ACC:acumulador|Saidas[9]    ; pll|altpll_component|auto_generated|pll1|clk[0] ; pll|altpll_component|auto_generated|pll1|clk[0] ; 0.000        ; 0.077      ; 1.128      ;
; 0.885 ; Multiplicador:MULTIPLICADOR|Counter:Contador|counter[4] ; Multiplicador:MULTIPLICADOR|Counter:Contador|counter[4] ; pll|altpll_component|auto_generated|pll1|clk[0] ; pll|altpll_component|auto_generated|pll1|clk[0] ; 0.000        ; 0.080      ; 1.133      ;
; 0.886 ; Multiplicador:MULTIPLICADOR|ACC:acumulador|Saidas[2]    ; Multiplicador:MULTIPLICADOR|ACC:acumulador|Saidas[1]    ; pll|altpll_component|auto_generated|pll1|clk[0] ; pll|altpll_component|auto_generated|pll1|clk[0] ; 0.000        ; 0.085      ; 1.139      ;
; 0.888 ; Multiplicador:MULTIPLICADOR|ACC:acumulador|Saidas[30]   ; Multiplicador:MULTIPLICADOR|ACC:acumulador|Saidas[30]   ; pll|altpll_component|auto_generated|pll1|clk[0] ; pll|altpll_component|auto_generated|pll1|clk[0] ; 0.000        ; 0.079      ; 1.135      ;
; 0.888 ; Multiplicador:MULTIPLICADOR|ACC:acumulador|Saidas[18]   ; Multiplicador:MULTIPLICADOR|ACC:acumulador|Saidas[18]   ; pll|altpll_component|auto_generated|pll1|clk[0] ; pll|altpll_component|auto_generated|pll1|clk[0] ; 0.000        ; 0.080      ; 1.136      ;
; 0.891 ; Multiplicador:MULTIPLICADOR|ACC:acumulador|Saidas[24]   ; Multiplicador:MULTIPLICADOR|ACC:acumulador|Saidas[24]   ; pll|altpll_component|auto_generated|pll1|clk[0] ; pll|altpll_component|auto_generated|pll1|clk[0] ; 0.000        ; 0.079      ; 1.138      ;
; 0.891 ; register:CTRL1|out[5]                                   ; Multiplicador:MULTIPLICADOR|ACC:acumulador|Saidas[3]    ; pll|altpll_component|auto_generated|pll1|clk[1] ; pll|altpll_component|auto_generated|pll1|clk[0] ; -0.016       ; 0.187      ; 1.250      ;
; 0.892 ; Multiplicador:MULTIPLICADOR|Counter:Contador|counter[5] ; Multiplicador:MULTIPLICADOR|Counter:Contador|counter[0] ; pll|altpll_component|auto_generated|pll1|clk[0] ; pll|altpll_component|auto_generated|pll1|clk[0] ; 0.000        ; 0.080      ; 1.140      ;
; 0.896 ; Multiplicador:MULTIPLICADOR|ACC:acumulador|Saidas[22]   ; Multiplicador:MULTIPLICADOR|ACC:acumulador|Saidas[22]   ; pll|altpll_component|auto_generated|pll1|clk[0] ; pll|altpll_component|auto_generated|pll1|clk[0] ; 0.000        ; 0.080      ; 1.144      ;
; 0.908 ; Multiplicador:MULTIPLICADOR|ACC:acumulador|Saidas[27]   ; Multiplicador:MULTIPLICADOR|ACC:acumulador|Saidas[27]   ; pll|altpll_component|auto_generated|pll1|clk[0] ; pll|altpll_component|auto_generated|pll1|clk[0] ; 0.000        ; 0.079      ; 1.155      ;
; 0.920 ; Multiplicador:MULTIPLICADOR|ACC:acumulador|Saidas[3]    ; Multiplicador:MULTIPLICADOR|ACC:acumulador|Saidas[2]    ; pll|altpll_component|auto_generated|pll1|clk[0] ; pll|altpll_component|auto_generated|pll1|clk[0] ; 0.000        ; 0.074      ; 1.162      ;
; 0.929 ; Multiplicador:MULTIPLICADOR|ACC:acumulador|Saidas[1]    ; Multiplicador:MULTIPLICADOR|ACC:acumulador|Saidas[0]    ; pll|altpll_component|auto_generated|pll1|clk[0] ; pll|altpll_component|auto_generated|pll1|clk[0] ; 0.000        ; 0.074      ; 1.171      ;
; 0.933 ; Multiplicador:MULTIPLICADOR|Counter:Contador|counter[2] ; Multiplicador:MULTIPLICADOR|Counter:Contador|counter[3] ; pll|altpll_component|auto_generated|pll1|clk[0] ; pll|altpll_component|auto_generated|pll1|clk[0] ; 0.000        ; 0.080      ; 1.181      ;
; 0.933 ; Multiplicador:MULTIPLICADOR|Counter:Contador|counter[2] ; Multiplicador:MULTIPLICADOR|Counter:Contador|counter[1] ; pll|altpll_component|auto_generated|pll1|clk[0] ; pll|altpll_component|auto_generated|pll1|clk[0] ; 0.000        ; 0.080      ; 1.181      ;
; 0.935 ; Multiplicador:MULTIPLICADOR|Counter:Contador|counter[2] ; Multiplicador:MULTIPLICADOR|Counter:Contador|K          ; pll|altpll_component|auto_generated|pll1|clk[0] ; pll|altpll_component|auto_generated|pll1|clk[0] ; 0.000        ; 0.080      ; 1.183      ;
; 0.943 ; Multiplicador:MULTIPLICADOR|Counter:Contador|counter[3] ; Multiplicador:MULTIPLICADOR|Counter:Contador|counter[5] ; pll|altpll_component|auto_generated|pll1|clk[0] ; pll|altpll_component|auto_generated|pll1|clk[0] ; 0.000        ; 0.080      ; 1.191      ;
; 0.956 ; Multiplicador:MULTIPLICADOR|Counter:Contador|counter[4] ; Multiplicador:MULTIPLICADOR|Counter:Contador|aux_load   ; pll|altpll_component|auto_generated|pll1|clk[0] ; pll|altpll_component|auto_generated|pll1|clk[0] ; 0.000        ; 0.080      ; 1.204      ;
; 0.958 ; Multiplicador:MULTIPLICADOR|Counter:Contador|counter[3] ; Multiplicador:MULTIPLICADOR|Counter:Contador|aux_load   ; pll|altpll_component|auto_generated|pll1|clk[0] ; pll|altpll_component|auto_generated|pll1|clk[0] ; 0.000        ; 0.080      ; 1.206      ;
; 0.960 ; Multiplicador:MULTIPLICADOR|CONTROL:controle|state.S0   ; Multiplicador:MULTIPLICADOR|ACC:acumulador|Saidas[5]    ; pll|altpll_component|auto_generated|pll1|clk[0] ; pll|altpll_component|auto_generated|pll1|clk[0] ; 0.000        ; 0.085      ; 1.213      ;
; 0.966 ; Multiplicador:MULTIPLICADOR|ACC:acumulador|Saidas[24]   ; Multiplicador:MULTIPLICADOR|ACC:acumulador|Saidas[23]   ; pll|altpll_component|auto_generated|pll1|clk[0] ; pll|altpll_component|auto_generated|pll1|clk[0] ; 0.000        ; 0.081      ; 1.215      ;
; 0.968 ; Multiplicador:MULTIPLICADOR|Counter:Contador|counter[2] ; Multiplicador:MULTIPLICADOR|Counter:Contador|counter[5] ; pll|altpll_component|auto_generated|pll1|clk[0] ; pll|altpll_component|auto_generated|pll1|clk[0] ; 0.000        ; 0.080      ; 1.216      ;
; 0.976 ; Multiplicador:MULTIPLICADOR|ACC:acumulador|Saidas[7]    ; Multiplicador:MULTIPLICADOR|ACC:acumulador|Saidas[6]    ; pll|altpll_component|auto_generated|pll1|clk[0] ; pll|altpll_component|auto_generated|pll1|clk[0] ; 0.000        ; 0.081      ; 1.225      ;
; 0.979 ; Multiplicador:MULTIPLICADOR|CONTROL:controle|state.S0   ; Multiplicador:MULTIPLICADOR|ACC:acumulador|Saidas[6]    ; pll|altpll_component|auto_generated|pll1|clk[0] ; pll|altpll_component|auto_generated|pll1|clk[0] ; 0.000        ; 0.085      ; 1.232      ;
; 0.980 ; Multiplicador:MULTIPLICADOR|ACC:acumulador|Saidas[27]   ; Multiplicador:MULTIPLICADOR|ACC:acumulador|Saidas[26]   ; pll|altpll_component|auto_generated|pll1|clk[0] ; pll|altpll_component|auto_generated|pll1|clk[0] ; 0.000        ; 0.079      ; 1.227      ;
; 0.981 ; Multiplicador:MULTIPLICADOR|ACC:acumulador|Saidas[17]   ; Multiplicador:MULTIPLICADOR|ACC:acumulador|Saidas[16]   ; pll|altpll_component|auto_generated|pll1|clk[0] ; pll|altpll_component|auto_generated|pll1|clk[0] ; 0.000        ; 0.081      ; 1.230      ;
; 0.997 ; register:CTRL1|out[5]                                   ; Multiplicador:MULTIPLICADOR|ACC:acumulador|Saidas[4]    ; pll|altpll_component|auto_generated|pll1|clk[1] ; pll|altpll_component|auto_generated|pll1|clk[0] ; -0.016       ; 0.186      ; 1.355      ;
; 1.000 ; register:CTRL1|out[5]                                   ; Multiplicador:MULTIPLICADOR|ACC:acumulador|Saidas[6]    ; pll|altpll_component|auto_generated|pll1|clk[1] ; pll|altpll_component|auto_generated|pll1|clk[0] ; -0.016       ; 0.186      ; 1.358      ;
; 1.001 ; register:CTRL1|out[5]                                   ; Multiplicador:MULTIPLICADOR|ACC:acumulador|Saidas[5]    ; pll|altpll_component|auto_generated|pll1|clk[1] ; pll|altpll_component|auto_generated|pll1|clk[0] ; -0.016       ; 0.186      ; 1.359      ;
; 1.003 ; Multiplicador:MULTIPLICADOR|Counter:Contador|counter[3] ; Multiplicador:MULTIPLICADOR|Counter:Contador|counter[3] ; pll|altpll_component|auto_generated|pll1|clk[0] ; pll|altpll_component|auto_generated|pll1|clk[0] ; 0.000        ; 0.080      ; 1.251      ;
; 1.011 ; Multiplicador:MULTIPLICADOR|ACC:acumulador|Saidas[19]   ; Multiplicador:MULTIPLICADOR|ACC:acumulador|Saidas[19]   ; pll|altpll_component|auto_generated|pll1|clk[0] ; pll|altpll_component|auto_generated|pll1|clk[0] ; 0.000        ; 0.080      ; 1.259      ;
; 1.013 ; Multiplicador:MULTIPLICADOR|ACC:acumulador|Saidas[31]   ; Multiplicador:MULTIPLICADOR|ACC:acumulador|Saidas[31]   ; pll|altpll_component|auto_generated|pll1|clk[0] ; pll|altpll_component|auto_generated|pll1|clk[0] ; 0.000        ; 0.079      ; 1.260      ;
; 1.016 ; Multiplicador:MULTIPLICADOR|ACC:acumulador|Saidas[21]   ; Multiplicador:MULTIPLICADOR|ACC:acumulador|Saidas[21]   ; pll|altpll_component|auto_generated|pll1|clk[0] ; pll|altpll_component|auto_generated|pll1|clk[0] ; 0.000        ; 0.080      ; 1.264      ;
; 1.020 ; Multiplicador:MULTIPLICADOR|Counter:Contador|aux_load   ; Multiplicador:MULTIPLICADOR|Counter:Contador|counter[0] ; pll|altpll_component|auto_generated|pll1|clk[0] ; pll|altpll_component|auto_generated|pll1|clk[0] ; 0.000        ; 0.080      ; 1.268      ;
; 1.028 ; Multiplicador:MULTIPLICADOR|Counter:Contador|counter[1] ; Multiplicador:MULTIPLICADOR|Counter:Contador|counter[1] ; pll|altpll_component|auto_generated|pll1|clk[0] ; pll|altpll_component|auto_generated|pll1|clk[0] ; 0.000        ; 0.080      ; 1.276      ;
; 1.030 ; Multiplicador:MULTIPLICADOR|Counter:Contador|counter[4] ; Multiplicador:MULTIPLICADOR|Counter:Contador|counter[2] ; pll|altpll_component|auto_generated|pll1|clk[0] ; pll|altpll_component|auto_generated|pll1|clk[0] ; 0.000        ; 0.080      ; 1.278      ;
; 1.030 ; registerfile:Register_File|outA[1]                      ; Multiplicador:MULTIPLICADOR|ACC:acumulador|Saidas[1]    ; pll|altpll_component|auto_generated|pll1|clk[1] ; pll|altpll_component|auto_generated|pll1|clk[0] ; -0.016       ; 0.176      ; 1.378      ;
; 1.043 ; Multiplicador:MULTIPLICADOR|ACC:acumulador|Saidas[27]   ; Multiplicador:MULTIPLICADOR|ACC:acumulador|Saidas[32]   ; pll|altpll_component|auto_generated|pll1|clk[0] ; pll|altpll_component|auto_generated|pll1|clk[0] ; 0.000        ; 0.433      ; 1.644      ;
; 1.050 ; Multiplicador:MULTIPLICADOR|Counter:Contador|counter[5] ; Multiplicador:MULTIPLICADOR|Counter:Contador|counter[4] ; pll|altpll_component|auto_generated|pll1|clk[0] ; pll|altpll_component|auto_generated|pll1|clk[0] ; 0.000        ; 0.080      ; 1.298      ;
; 1.050 ; Multiplicador:MULTIPLICADOR|Counter:Contador|counter[5] ; Multiplicador:MULTIPLICADOR|Counter:Contador|counter[2] ; pll|altpll_component|auto_generated|pll1|clk[0] ; pll|altpll_component|auto_generated|pll1|clk[0] ; 0.000        ; 0.080      ; 1.298      ;
; 1.069 ; Multiplicador:MULTIPLICADOR|Counter:Contador|aux_load   ; Multiplicador:MULTIPLICADOR|Counter:Contador|counter[5] ; pll|altpll_component|auto_generated|pll1|clk[0] ; pll|altpll_component|auto_generated|pll1|clk[0] ; 0.000        ; 0.080      ; 1.317      ;
; 1.073 ; Multiplicador:MULTIPLICADOR|Counter:Contador|counter[0] ; Multiplicador:MULTIPLICADOR|Counter:Contador|counter[5] ; pll|altpll_component|auto_generated|pll1|clk[0] ; pll|altpll_component|auto_generated|pll1|clk[0] ; 0.000        ; 0.080      ; 1.321      ;
; 1.074 ; Multiplicador:MULTIPLICADOR|Counter:Contador|counter[1] ; Multiplicador:MULTIPLICADOR|Counter:Contador|counter[5] ; pll|altpll_component|auto_generated|pll1|clk[0] ; pll|altpll_component|auto_generated|pll1|clk[0] ; 0.000        ; 0.080      ; 1.322      ;
; 1.076 ; Multiplicador:MULTIPLICADOR|CONTROL:controle|state.S0   ; Multiplicador:MULTIPLICADOR|ACC:acumulador|Saidas[9]    ; pll|altpll_component|auto_generated|pll1|clk[0] ; pll|altpll_component|auto_generated|pll1|clk[0] ; 0.000        ; 0.084      ; 1.328      ;
; 1.077 ; Multiplicador:MULTIPLICADOR|CONTROL:controle|state.S0   ; Multiplicador:MULTIPLICADOR|ACC:acumulador|Saidas[13]   ; pll|altpll_component|auto_generated|pll1|clk[0] ; pll|altpll_component|auto_generated|pll1|clk[0] ; 0.000        ; 0.084      ; 1.329      ;
; 1.079 ; Multiplicador:MULTIPLICADOR|CONTROL:controle|state.S0   ; Multiplicador:MULTIPLICADOR|ACC:acumulador|Saidas[7]    ; pll|altpll_component|auto_generated|pll1|clk[0] ; pll|altpll_component|auto_generated|pll1|clk[0] ; 0.000        ; 0.084      ; 1.331      ;
; 1.081 ; Multiplicador:MULTIPLICADOR|CONTROL:controle|state.S0   ; Multiplicador:MULTIPLICADOR|ACC:acumulador|Saidas[8]    ; pll|altpll_component|auto_generated|pll1|clk[0] ; pll|altpll_component|auto_generated|pll1|clk[0] ; 0.000        ; 0.084      ; 1.333      ;
; 1.082 ; registerfile:Register_File|outA[3]                      ; Multiplicador:MULTIPLICADOR|ACC:acumulador|Saidas[3]    ; pll|altpll_component|auto_generated|pll1|clk[1] ; pll|altpll_component|auto_generated|pll1|clk[0] ; -0.016       ; 0.179      ; 1.433      ;
; 1.083 ; register:CTRL1|out[5]                                   ; Multiplicador:MULTIPLICADOR|ACC:acumulador|Saidas[2]    ; pll|altpll_component|auto_generated|pll1|clk[1] ; pll|altpll_component|auto_generated|pll1|clk[0] ; -0.016       ; 0.181      ; 1.436      ;
; 1.087 ; Multiplicador:MULTIPLICADOR|CONTROL:controle|state.S0   ; Multiplicador:MULTIPLICADOR|ACC:acumulador|Saidas[1]    ; pll|altpll_component|auto_generated|pll1|clk[0] ; pll|altpll_component|auto_generated|pll1|clk[0] ; 0.000        ; 0.086      ; 1.341      ;
; 1.097 ; registerfile:Register_File|outA[8]                      ; Multiplicador:MULTIPLICADOR|ACC:acumulador|Saidas[8]    ; pll|altpll_component|auto_generated|pll1|clk[1] ; pll|altpll_component|auto_generated|pll1|clk[0] ; -0.016       ; 0.184      ; 1.453      ;
; 1.100 ; register:CTRL1|out[5]                                   ; Multiplicador:MULTIPLICADOR|ACC:acumulador|Saidas[1]    ; pll|altpll_component|auto_generated|pll1|clk[1] ; pll|altpll_component|auto_generated|pll1|clk[0] ; -0.016       ; 0.187      ; 1.459      ;
; 1.129 ; registerfile:Register_File|outB[8]                      ; Multiplicador:MULTIPLICADOR|ACC:acumulador|Saidas[24]   ; pll|altpll_component|auto_generated|pll1|clk[1] ; pll|altpll_component|auto_generated|pll1|clk[0] ; -0.016       ; 0.181      ; 1.482      ;
; 1.129 ; registerfile:Register_File|outA[12]                     ; Multiplicador:MULTIPLICADOR|ACC:acumulador|Saidas[12]   ; pll|altpll_component|auto_generated|pll1|clk[1] ; pll|altpll_component|auto_generated|pll1|clk[0] ; -0.016       ; 0.184      ; 1.485      ;
+-------+---------------------------------------------------------+---------------------------------------------------------+-------------------------------------------------+-------------------------------------------------+--------------+------------+------------+


+----------------------------------------------------------------------------------------------------------------------------------------------------------------------------------------------------------------------------------------------------------------------------------------------------------------------------------------+
; Slow 1200mV -40C Model Hold: 'pll|altpll_component|auto_generated|pll1|clk[1]'                                                                                                                                                                                                                                                         ;
+-------+-------------------------------------------------------+---------------------------------------------------------------------------------------------------------------------------+-------------------------------------------------+-------------------------------------------------+--------------+------------+------------+
; Slack ; From Node                                             ; To Node                                                                                                                   ; Launch Clock                                    ; Latch Clock                                     ; Relationship ; Clock Skew ; Data Delay ;
+-------+-------------------------------------------------------+---------------------------------------------------------------------------------------------------------------------------+-------------------------------------------------+-------------------------------------------------+--------------+------------+------------+
; 0.508 ; register:CTRL1|out[10]                                ; register:CTRL3|out[10]                                                                                                    ; pll|altpll_component|auto_generated|pll1|clk[1] ; pll|altpll_component|auto_generated|pll1|clk[1] ; 0.000        ; 0.080      ; 0.756      ;
; 0.531 ; register:CTRL1|out[13]                                ; register:CTRL3|out[13]                                                                                                    ; pll|altpll_component|auto_generated|pll1|clk[1] ; pll|altpll_component|auto_generated|pll1|clk[1] ; 0.000        ; 0.080      ; 0.779      ;
; 0.571 ; registerfile:Register_File|outB[6]                    ; datamemory:Data_Memory|altsyncram:altsyncram_component|altsyncram_28i1:auto_generated|ram_block1a0~porta_datain_reg0      ; pll|altpll_component|auto_generated|pll1|clk[1] ; pll|altpll_component|auto_generated|pll1|clk[1] ; 0.000        ; 0.393      ; 1.159      ;
; 0.586 ; pc:PC|addr[0]                                         ; InstMem:Intruction_Memory|altsyncram:altsyncram_component|altsyncram_sra1:auto_generated|ram_block1a1~porta_address_reg0  ; pll|altpll_component|auto_generated|pll1|clk[1] ; pll|altpll_component|auto_generated|pll1|clk[1] ; 0.000        ; 0.382      ; 1.163      ;
; 0.591 ; registerfile:Register_File|outB[0]                    ; datamemory:Data_Memory|altsyncram:altsyncram_component|altsyncram_28i1:auto_generated|ram_block1a0~porta_datain_reg0      ; pll|altpll_component|auto_generated|pll1|clk[1] ; pll|altpll_component|auto_generated|pll1|clk[1] ; 0.000        ; 0.394      ; 1.180      ;
; 0.594 ; registerfile:Register_File|outB[7]                    ; datamemory:Data_Memory|altsyncram:altsyncram_component|altsyncram_28i1:auto_generated|ram_block1a0~porta_datain_reg0      ; pll|altpll_component|auto_generated|pll1|clk[1] ; pll|altpll_component|auto_generated|pll1|clk[1] ; 0.000        ; 0.393      ; 1.182      ;
; 0.600 ; registerfile:Register_File|outB[9]                    ; datamemory:Data_Memory|altsyncram:altsyncram_component|altsyncram_28i1:auto_generated|ram_block1a9~porta_datain_reg0      ; pll|altpll_component|auto_generated|pll1|clk[1] ; pll|altpll_component|auto_generated|pll1|clk[1] ; 0.000        ; 0.393      ; 1.188      ;
; 0.602 ; registerfile:Register_File|outB[1]                    ; datamemory:Data_Memory|altsyncram:altsyncram_component|altsyncram_28i1:auto_generated|ram_block1a0~porta_datain_reg0      ; pll|altpll_component|auto_generated|pll1|clk[1] ; pll|altpll_component|auto_generated|pll1|clk[1] ; 0.000        ; 0.393      ; 1.190      ;
; 0.607 ; registerfile:Register_File|outB[4]                    ; datamemory:Data_Memory|altsyncram:altsyncram_component|altsyncram_28i1:auto_generated|ram_block1a0~porta_datain_reg0      ; pll|altpll_component|auto_generated|pll1|clk[1] ; pll|altpll_component|auto_generated|pll1|clk[1] ; 0.000        ; 0.393      ; 1.195      ;
; 0.678 ; register:CTRL1|out[14]                                ; register:CTRL3|out[14]                                                                                                    ; pll|altpll_component|auto_generated|pll1|clk[1] ; pll|altpll_component|auto_generated|pll1|clk[1] ; 0.000        ; 0.086      ; 0.932      ;
; 0.700 ; Multiplicador:MULTIPLICADOR|ACC:acumulador|Saidas[28] ; register:D|out[28]                                                                                                        ; pll|altpll_component|auto_generated|pll1|clk[0] ; pll|altpll_component|auto_generated|pll1|clk[1] ; 0.016        ; 0.181      ; 1.085      ;
; 0.712 ; Multiplicador:MULTIPLICADOR|ACC:acumulador|Saidas[27] ; register:D|out[27]                                                                                                        ; pll|altpll_component|auto_generated|pll1|clk[0] ; pll|altpll_component|auto_generated|pll1|clk[1] ; 0.016        ; 0.181      ; 1.097      ;
; 0.714 ; register:CTRL1|out[12]                                ; register:CTRL3|out[12]                                                                                                    ; pll|altpll_component|auto_generated|pll1|clk[1] ; pll|altpll_component|auto_generated|pll1|clk[1] ; 0.000        ; 0.085      ; 0.967      ;
; 0.767 ; Multiplicador:MULTIPLICADOR|ACC:acumulador|Saidas[29] ; register:D|out[29]                                                                                                        ; pll|altpll_component|auto_generated|pll1|clk[0] ; pll|altpll_component|auto_generated|pll1|clk[1] ; 0.016        ; 0.180      ; 1.151      ;
; 0.770 ; Multiplicador:MULTIPLICADOR|ACC:acumulador|Saidas[15] ; register:D|out[15]                                                                                                        ; pll|altpll_component|auto_generated|pll1|clk[0] ; pll|altpll_component|auto_generated|pll1|clk[1] ; 0.016        ; 0.181      ; 1.155      ;
; 0.772 ; registerfile:Register_File|outB[5]                    ; datamemory:Data_Memory|altsyncram:altsyncram_component|altsyncram_28i1:auto_generated|ram_block1a0~porta_datain_reg0      ; pll|altpll_component|auto_generated|pll1|clk[1] ; pll|altpll_component|auto_generated|pll1|clk[1] ; 0.000        ; 0.394      ; 1.361      ;
; 0.776 ; Multiplicador:MULTIPLICADOR|ACC:acumulador|Saidas[14] ; register:D|out[14]                                                                                                        ; pll|altpll_component|auto_generated|pll1|clk[0] ; pll|altpll_component|auto_generated|pll1|clk[1] ; 0.016        ; 0.181      ; 1.161      ;
; 0.776 ; register:CTRL1|out[2]                                 ; register:CTRL3|out[2]                                                                                                     ; pll|altpll_component|auto_generated|pll1|clk[1] ; pll|altpll_component|auto_generated|pll1|clk[1] ; 0.000        ; 0.085      ; 1.029      ;
; 0.780 ; pc:PC|addr[1]                                         ; InstMem:Intruction_Memory|altsyncram:altsyncram_component|altsyncram_sra1:auto_generated|ram_block1a0~porta_address_reg0  ; pll|altpll_component|auto_generated|pll1|clk[1] ; pll|altpll_component|auto_generated|pll1|clk[1] ; 0.000        ; 0.386      ; 1.361      ;
; 0.786 ; registerfile:Register_File|outB[11]                   ; datamemory:Data_Memory|altsyncram:altsyncram_component|altsyncram_28i1:auto_generated|ram_block1a9~porta_datain_reg0      ; pll|altpll_component|auto_generated|pll1|clk[1] ; pll|altpll_component|auto_generated|pll1|clk[1] ; 0.000        ; 0.396      ; 1.377      ;
; 0.789 ; Multiplicador:MULTIPLICADOR|ACC:acumulador|Saidas[26] ; register:D|out[26]                                                                                                        ; pll|altpll_component|auto_generated|pll1|clk[0] ; pll|altpll_component|auto_generated|pll1|clk[1] ; 0.016        ; 0.181      ; 1.174      ;
; 0.790 ; Multiplicador:MULTIPLICADOR|ACC:acumulador|Saidas[9]  ; register:D|out[9]                                                                                                         ; pll|altpll_component|auto_generated|pll1|clk[0] ; pll|altpll_component|auto_generated|pll1|clk[1] ; 0.016        ; 0.181      ; 1.175      ;
; 0.794 ; Multiplicador:MULTIPLICADOR|ACC:acumulador|Saidas[8]  ; register:D|out[8]                                                                                                         ; pll|altpll_component|auto_generated|pll1|clk[0] ; pll|altpll_component|auto_generated|pll1|clk[1] ; 0.016        ; 0.181      ; 1.179      ;
; 0.797 ; registerfile:Register_File|outB[3]                    ; datamemory:Data_Memory|altsyncram:altsyncram_component|altsyncram_28i1:auto_generated|ram_block1a0~porta_datain_reg0      ; pll|altpll_component|auto_generated|pll1|clk[1] ; pll|altpll_component|auto_generated|pll1|clk[1] ; 0.000        ; 0.393      ; 1.385      ;
; 0.805 ; pc:PC|addr[1]                                         ; InstMem:Intruction_Memory|altsyncram:altsyncram_component|altsyncram_sra1:auto_generated|ram_block1a21~porta_address_reg0 ; pll|altpll_component|auto_generated|pll1|clk[1] ; pll|altpll_component|auto_generated|pll1|clk[1] ; 0.000        ; 0.376      ; 1.376      ;
; 0.806 ; Multiplicador:MULTIPLICADOR|ACC:acumulador|Saidas[7]  ; register:D|out[7]                                                                                                         ; pll|altpll_component|auto_generated|pll1|clk[0] ; pll|altpll_component|auto_generated|pll1|clk[1] ; 0.016        ; 0.181      ; 1.191      ;
; 0.809 ; pc:PC|addr[1]                                         ; InstMem:Intruction_Memory|altsyncram:altsyncram_component|altsyncram_sra1:auto_generated|ram_block1a7~porta_address_reg0  ; pll|altpll_component|auto_generated|pll1|clk[1] ; pll|altpll_component|auto_generated|pll1|clk[1] ; 0.000        ; 0.389      ; 1.393      ;
; 0.816 ; pc:PC|addr[1]                                         ; InstMem:Intruction_Memory|altsyncram:altsyncram_component|altsyncram_sra1:auto_generated|ram_block1a1~porta_address_reg0  ; pll|altpll_component|auto_generated|pll1|clk[1] ; pll|altpll_component|auto_generated|pll1|clk[1] ; 0.000        ; 0.382      ; 1.393      ;
; 0.823 ; registerfile:Register_File|outB[26]                   ; datamemory:Data_Memory|altsyncram:altsyncram_component|altsyncram_28i1:auto_generated|ram_block1a18~porta_datain_reg0     ; pll|altpll_component|auto_generated|pll1|clk[1] ; pll|altpll_component|auto_generated|pll1|clk[1] ; 0.000        ; 0.396      ; 1.414      ;
; 0.844 ; registerfile:Register_File|outB[14]                   ; datamemory:Data_Memory|altsyncram:altsyncram_component|altsyncram_28i1:auto_generated|ram_block1a9~porta_datain_reg0      ; pll|altpll_component|auto_generated|pll1|clk[1] ; pll|altpll_component|auto_generated|pll1|clk[1] ; 0.000        ; 0.400      ; 1.439      ;
; 0.845 ; register:CTRL1|out[11]                                ; register:CTRL3|out[11]                                                                                                    ; pll|altpll_component|auto_generated|pll1|clk[1] ; pll|altpll_component|auto_generated|pll1|clk[1] ; 0.000        ; 0.085      ; 1.098      ;
; 0.848 ; pc:PC|addr[0]                                         ; InstMem:Intruction_Memory|altsyncram:altsyncram_component|altsyncram_sra1:auto_generated|ram_block1a0~porta_address_reg0  ; pll|altpll_component|auto_generated|pll1|clk[1] ; pll|altpll_component|auto_generated|pll1|clk[1] ; 0.000        ; 0.386      ; 1.429      ;
; 0.861 ; registerfile:Register_File|outB[15]                   ; datamemory:Data_Memory|altsyncram:altsyncram_component|altsyncram_28i1:auto_generated|ram_block1a9~porta_datain_reg0      ; pll|altpll_component|auto_generated|pll1|clk[1] ; pll|altpll_component|auto_generated|pll1|clk[1] ; 0.000        ; 0.392      ; 1.448      ;
; 0.878 ; registerfile:Register_File|outB[12]                   ; datamemory:Data_Memory|altsyncram:altsyncram_component|altsyncram_28i1:auto_generated|ram_block1a9~porta_datain_reg0      ; pll|altpll_component|auto_generated|pll1|clk[1] ; pll|altpll_component|auto_generated|pll1|clk[1] ; 0.000        ; 0.397      ; 1.470      ;
; 0.885 ; registerfile:Register_File|outB[16]                   ; datamemory:Data_Memory|altsyncram:altsyncram_component|altsyncram_28i1:auto_generated|ram_block1a9~porta_datain_reg0      ; pll|altpll_component|auto_generated|pll1|clk[1] ; pll|altpll_component|auto_generated|pll1|clk[1] ; 0.000        ; 0.390      ; 1.470      ;
; 0.896 ; pc:PC|addr[3]                                         ; InstMem:Intruction_Memory|altsyncram:altsyncram_component|altsyncram_sra1:auto_generated|ram_block1a0~porta_address_reg0  ; pll|altpll_component|auto_generated|pll1|clk[1] ; pll|altpll_component|auto_generated|pll1|clk[1] ; 0.000        ; 0.398      ; 1.489      ;
; 0.899 ; registerfile:Register_File|register~340               ; registerfile:Register_File|outA[20]                                                                                       ; pll|altpll_component|auto_generated|pll1|clk[1] ; pll|altpll_component|auto_generated|pll1|clk[1] ; 0.000        ; 0.079      ; 1.146      ;
; 0.901 ; register:CTRL1|out[9]                                 ; register:CTRL3|out[9]                                                                                                     ; pll|altpll_component|auto_generated|pll1|clk[1] ; pll|altpll_component|auto_generated|pll1|clk[1] ; 0.000        ; 0.080      ; 1.149      ;
; 0.927 ; pc:PC|addr[3]                                         ; InstMem:Intruction_Memory|altsyncram:altsyncram_component|altsyncram_sra1:auto_generated|ram_block1a21~porta_address_reg0 ; pll|altpll_component|auto_generated|pll1|clk[1] ; pll|altpll_component|auto_generated|pll1|clk[1] ; 0.000        ; 0.388      ; 1.510      ;
; 0.959 ; Multiplicador:MULTIPLICADOR|ACC:acumulador|Saidas[30] ; register:D|out[30]                                                                                                        ; pll|altpll_component|auto_generated|pll1|clk[0] ; pll|altpll_component|auto_generated|pll1|clk[1] ; 0.016        ; 0.181      ; 1.344      ;
; 0.973 ; Multiplicador:MULTIPLICADOR|ACC:acumulador|Saidas[25] ; register:D|out[25]                                                                                                        ; pll|altpll_component|auto_generated|pll1|clk[0] ; pll|altpll_component|auto_generated|pll1|clk[1] ; 0.016        ; 0.181      ; 1.358      ;
; 0.975 ; Multiplicador:MULTIPLICADOR|ACC:acumulador|Saidas[31] ; register:D|out[31]                                                                                                        ; pll|altpll_component|auto_generated|pll1|clk[0] ; pll|altpll_component|auto_generated|pll1|clk[1] ; 0.016        ; 0.181      ; 1.360      ;
; 1.027 ; Multiplicador:MULTIPLICADOR|ACC:acumulador|Saidas[22] ; register:D|out[22]                                                                                                        ; pll|altpll_component|auto_generated|pll1|clk[0] ; pll|altpll_component|auto_generated|pll1|clk[1] ; 0.016        ; 0.179      ; 1.410      ;
; 1.035 ; registerfile:Register_File|register~334               ; registerfile:Register_File|outA[14]                                                                                       ; pll|altpll_component|auto_generated|pll1|clk[1] ; pll|altpll_component|auto_generated|pll1|clk[1] ; 0.000        ; 0.080      ; 1.283      ;
; 1.035 ; registerfile:Register_File|outB[13]                   ; datamemory:Data_Memory|altsyncram:altsyncram_component|altsyncram_28i1:auto_generated|ram_block1a9~porta_datain_reg0      ; pll|altpll_component|auto_generated|pll1|clk[1] ; pll|altpll_component|auto_generated|pll1|clk[1] ; 0.000        ; 0.397      ; 1.627      ;
; 1.036 ; registerfile:Register_File|register~996               ; registerfile:Register_File|outA[4]                                                                                        ; pll|altpll_component|auto_generated|pll1|clk[1] ; pll|altpll_component|auto_generated|pll1|clk[1] ; 0.000        ; 0.080      ; 1.284      ;
; 1.037 ; Multiplicador:MULTIPLICADOR|ACC:acumulador|Saidas[12] ; register:D|out[12]                                                                                                        ; pll|altpll_component|auto_generated|pll1|clk[0] ; pll|altpll_component|auto_generated|pll1|clk[1] ; 0.016        ; 0.181      ; 1.422      ;
; 1.039 ; registerfile:Register_File|register~864               ; registerfile:Register_File|outA[0]                                                                                        ; pll|altpll_component|auto_generated|pll1|clk[1] ; pll|altpll_component|auto_generated|pll1|clk[1] ; 0.000        ; 0.080      ; 1.287      ;
; 1.043 ; Multiplicador:MULTIPLICADOR|ACC:acumulador|Saidas[6]  ; register:D|out[6]                                                                                                         ; pll|altpll_component|auto_generated|pll1|clk[0] ; pll|altpll_component|auto_generated|pll1|clk[1] ; 0.016        ; 0.181      ; 1.428      ;
; 1.052 ; Multiplicador:MULTIPLICADOR|ACC:acumulador|Saidas[5]  ; register:D|out[5]                                                                                                         ; pll|altpll_component|auto_generated|pll1|clk[0] ; pll|altpll_component|auto_generated|pll1|clk[1] ; 0.016        ; 0.181      ; 1.437      ;
; 1.054 ; Multiplicador:MULTIPLICADOR|ACC:acumulador|Saidas[21] ; register:D|out[21]                                                                                                        ; pll|altpll_component|auto_generated|pll1|clk[0] ; pll|altpll_component|auto_generated|pll1|clk[1] ; 0.016        ; 0.181      ; 1.439      ;
; 1.054 ; Multiplicador:MULTIPLICADOR|ACC:acumulador|Saidas[1]  ; register:D|out[1]                                                                                                         ; pll|altpll_component|auto_generated|pll1|clk[0] ; pll|altpll_component|auto_generated|pll1|clk[1] ; 0.016        ; 0.181      ; 1.439      ;
; 1.060 ; registerfile:Register_File|outB[18]                   ; datamemory:Data_Memory|altsyncram:altsyncram_component|altsyncram_28i1:auto_generated|ram_block1a18~porta_datain_reg0     ; pll|altpll_component|auto_generated|pll1|clk[1] ; pll|altpll_component|auto_generated|pll1|clk[1] ; 0.000        ; 0.403      ; 1.658      ;
; 1.066 ; Multiplicador:MULTIPLICADOR|ACC:acumulador|Saidas[20] ; register:D|out[20]                                                                                                        ; pll|altpll_component|auto_generated|pll1|clk[0] ; pll|altpll_component|auto_generated|pll1|clk[1] ; 0.016        ; 0.181      ; 1.451      ;
; 1.098 ; Multiplicador:MULTIPLICADOR|ACC:acumulador|Saidas[18] ; register:D|out[18]                                                                                                        ; pll|altpll_component|auto_generated|pll1|clk[0] ; pll|altpll_component|auto_generated|pll1|clk[1] ; 0.016        ; 0.181      ; 1.483      ;
; 1.101 ; Multiplicador:MULTIPLICADOR|ACC:acumulador|Saidas[23] ; register:D|out[23]                                                                                                        ; pll|altpll_component|auto_generated|pll1|clk[0] ; pll|altpll_component|auto_generated|pll1|clk[1] ; 0.016        ; 0.179      ; 1.484      ;
; 1.106 ; pc:PC|addr[0]                                         ; InstMem:Intruction_Memory|altsyncram:altsyncram_component|altsyncram_sra1:auto_generated|ram_block1a7~porta_address_reg0  ; pll|altpll_component|auto_generated|pll1|clk[1] ; pll|altpll_component|auto_generated|pll1|clk[1] ; 0.000        ; 0.389      ; 1.690      ;
; 1.106 ; register:D|out[0]                                     ; registerfile:Register_File|register~992                                                                                   ; pll|altpll_component|auto_generated|pll1|clk[1] ; pll|altpll_component|auto_generated|pll1|clk[1] ; 0.000        ; 0.080      ; 1.354      ;
; 1.115 ; registerfile:Register_File|register~1016              ; registerfile:Register_File|outA[24]                                                                                       ; pll|altpll_component|auto_generated|pll1|clk[1] ; pll|altpll_component|auto_generated|pll1|clk[1] ; 0.000        ; 0.080      ; 1.363      ;
; 1.138 ; registerfile:Register_File|outB[21]                   ; datamemory:Data_Memory|altsyncram:altsyncram_component|altsyncram_28i1:auto_generated|ram_block1a18~porta_datain_reg0     ; pll|altpll_component|auto_generated|pll1|clk[1] ; pll|altpll_component|auto_generated|pll1|clk[1] ; 0.000        ; 0.401      ; 1.734      ;
; 1.150 ; pc:PC|addr[3]                                         ; InstMem:Intruction_Memory|altsyncram:altsyncram_component|altsyncram_sra1:auto_generated|ram_block1a1~porta_address_reg0  ; pll|altpll_component|auto_generated|pll1|clk[1] ; pll|altpll_component|auto_generated|pll1|clk[1] ; 0.000        ; 0.394      ; 1.739      ;
; 1.161 ; pc:PC|addr[3]                                         ; InstMem:Intruction_Memory|altsyncram:altsyncram_component|altsyncram_sra1:auto_generated|ram_block1a7~porta_address_reg0  ; pll|altpll_component|auto_generated|pll1|clk[1] ; pll|altpll_component|auto_generated|pll1|clk[1] ; 0.000        ; 0.401      ; 1.757      ;
; 1.173 ; register:D|out[16]                                    ; registerfile:Register_File|register~496                                                                                   ; pll|altpll_component|auto_generated|pll1|clk[1] ; pll|altpll_component|auto_generated|pll1|clk[1] ; 0.000        ; 0.075      ; 1.416      ;
; 1.195 ; registerfile:Register_File|outB[28]                   ; datamemory:Data_Memory|altsyncram:altsyncram_component|altsyncram_28i1:auto_generated|ram_block1a27~porta_datain_reg0     ; pll|altpll_component|auto_generated|pll1|clk[1] ; pll|altpll_component|auto_generated|pll1|clk[1] ; 0.000        ; 0.398      ; 1.788      ;
; 1.205 ; registerfile:Register_File|register~366               ; registerfile:Register_File|outA[14]                                                                                       ; pll|altpll_component|auto_generated|pll1|clk[1] ; pll|altpll_component|auto_generated|pll1|clk[1] ; 0.000        ; 0.083      ; 1.456      ;
; 1.229 ; registerfile:Register_File|register~322               ; registerfile:Register_File|outA[2]                                                                                        ; pll|altpll_component|auto_generated|pll1|clk[1] ; pll|altpll_component|auto_generated|pll1|clk[1] ; 0.000        ; 0.080      ; 1.477      ;
; 1.233 ; registerfile:Register_File|register~697               ; registerfile:Register_File|outA[25]                                                                                       ; pll|altpll_component|auto_generated|pll1|clk[1] ; pll|altpll_component|auto_generated|pll1|clk[1] ; 0.000        ; 0.080      ; 1.481      ;
; 1.239 ; registerfile:Register_File|register~332               ; registerfile:Register_File|outA[12]                                                                                       ; pll|altpll_component|auto_generated|pll1|clk[1] ; pll|altpll_component|auto_generated|pll1|clk[1] ; 0.000        ; 0.079      ; 1.486      ;
; 1.261 ; registerfile:Register_File|register~199               ; registerfile:Register_File|outA[7]                                                                                        ; pll|altpll_component|auto_generated|pll1|clk[1] ; pll|altpll_component|auto_generated|pll1|clk[1] ; 0.000        ; 0.081      ; 1.510      ;
; 1.261 ; registerfile:Register_File|register~336               ; registerfile:Register_File|outA[16]                                                                                       ; pll|altpll_component|auto_generated|pll1|clk[1] ; pll|altpll_component|auto_generated|pll1|clk[1] ; 0.000        ; 0.080      ; 1.509      ;
; 1.287 ; pc:PC|addr[2]                                         ; InstMem:Intruction_Memory|altsyncram:altsyncram_component|altsyncram_sra1:auto_generated|ram_block1a21~porta_address_reg0 ; pll|altpll_component|auto_generated|pll1|clk[1] ; pll|altpll_component|auto_generated|pll1|clk[1] ; 0.000        ; 0.388      ; 1.870      ;
; 1.315 ; registerfile:Register_File|outB[2]                    ; datamemory:Data_Memory|altsyncram:altsyncram_component|altsyncram_28i1:auto_generated|ram_block1a0~porta_datain_reg0      ; pll|altpll_component|auto_generated|pll1|clk[1] ; pll|altpll_component|auto_generated|pll1|clk[1] ; 0.000        ; 0.395      ; 1.905      ;
; 1.319 ; Multiplicador:MULTIPLICADOR|ACC:acumulador|Saidas[10] ; register:D|out[10]                                                                                                        ; pll|altpll_component|auto_generated|pll1|clk[0] ; pll|altpll_component|auto_generated|pll1|clk[1] ; 0.016        ; 0.181      ; 1.704      ;
; 1.321 ; register:D|out[12]                                    ; registerfile:Register_File|register~492                                                                                   ; pll|altpll_component|auto_generated|pll1|clk[1] ; pll|altpll_component|auto_generated|pll1|clk[1] ; 0.000        ; 0.079      ; 1.568      ;
; 1.322 ; Multiplicador:MULTIPLICADOR|ACC:acumulador|Saidas[5]  ; datamemory:Data_Memory|altsyncram:altsyncram_component|altsyncram_28i1:auto_generated|ram_block1a0~porta_address_reg0     ; pll|altpll_component|auto_generated|pll1|clk[0] ; pll|altpll_component|auto_generated|pll1|clk[1] ; 0.016        ; 0.495      ; 2.048      ;
; 1.322 ; registerfile:Register_File|register~205               ; registerfile:Register_File|outA[13]                                                                                       ; pll|altpll_component|auto_generated|pll1|clk[1] ; pll|altpll_component|auto_generated|pll1|clk[1] ; 0.000        ; 0.074      ; 1.564      ;
; 1.322 ; register:D|out[20]                                    ; registerfile:Register_File|register~500                                                                                   ; pll|altpll_component|auto_generated|pll1|clk[1] ; pll|altpll_component|auto_generated|pll1|clk[1] ; 0.000        ; 0.075      ; 1.565      ;
; 1.328 ; pc:PC|addr[0]                                         ; InstMem:Intruction_Memory|altsyncram:altsyncram_component|altsyncram_sra1:auto_generated|ram_block1a21~porta_address_reg0 ; pll|altpll_component|auto_generated|pll1|clk[1] ; pll|altpll_component|auto_generated|pll1|clk[1] ; 0.000        ; 0.376      ; 1.899      ;
; 1.334 ; Multiplicador:MULTIPLICADOR|ACC:acumulador|Saidas[4]  ; datamemory:Data_Memory|altsyncram:altsyncram_component|altsyncram_28i1:auto_generated|ram_block1a0~porta_address_reg0     ; pll|altpll_component|auto_generated|pll1|clk[0] ; pll|altpll_component|auto_generated|pll1|clk[1] ; 0.016        ; 0.495      ; 2.060      ;
; 1.337 ; Multiplicador:MULTIPLICADOR|ACC:acumulador|Saidas[11] ; register:D|out[11]                                                                                                        ; pll|altpll_component|auto_generated|pll1|clk[0] ; pll|altpll_component|auto_generated|pll1|clk[1] ; 0.016        ; 0.181      ; 1.722      ;
; 1.344 ; registerfile:Register_File|register~994               ; registerfile:Register_File|outA[2]                                                                                        ; pll|altpll_component|auto_generated|pll1|clk[1] ; pll|altpll_component|auto_generated|pll1|clk[1] ; 0.000        ; 0.080      ; 1.592      ;
; 1.346 ; register:D|out[14]                                    ; registerfile:Register_File|register~494                                                                                   ; pll|altpll_component|auto_generated|pll1|clk[1] ; pll|altpll_component|auto_generated|pll1|clk[1] ; 0.000        ; 0.079      ; 1.593      ;
; 1.356 ; registerfile:Register_File|register~372               ; registerfile:Register_File|outA[20]                                                                                       ; pll|altpll_component|auto_generated|pll1|clk[1] ; pll|altpll_component|auto_generated|pll1|clk[1] ; 0.000        ; 0.083      ; 1.607      ;
; 1.371 ; registerfile:Register_File|register~1020              ; registerfile:Register_File|outA[28]                                                                                       ; pll|altpll_component|auto_generated|pll1|clk[1] ; pll|altpll_component|auto_generated|pll1|clk[1] ; 0.000        ; 0.080      ; 1.619      ;
; 1.401 ; registerfile:Register_File|register~221               ; registerfile:Register_File|outA[29]                                                                                       ; pll|altpll_component|auto_generated|pll1|clk[1] ; pll|altpll_component|auto_generated|pll1|clk[1] ; 0.000        ; 0.070      ; 1.639      ;
; 1.416 ; registerfile:Register_File|register~436               ; registerfile:Register_File|outA[20]                                                                                       ; pll|altpll_component|auto_generated|pll1|clk[1] ; pll|altpll_component|auto_generated|pll1|clk[1] ; 0.000        ; 0.083      ; 1.667      ;
; 1.422 ; registerfile:Register_File|register~753               ; registerfile:Register_File|outB[17]                                                                                       ; pll|altpll_component|auto_generated|pll1|clk[1] ; pll|altpll_component|auto_generated|pll1|clk[1] ; 0.000        ; 0.080      ; 1.670      ;
; 1.426 ; registerfile:Register_File|register~892               ; registerfile:Register_File|outB[28]                                                                                       ; pll|altpll_component|auto_generated|pll1|clk[1] ; pll|altpll_component|auto_generated|pll1|clk[1] ; 0.000        ; 0.074      ; 1.668      ;
; 1.429 ; registerfile:Register_File|register~699               ; registerfile:Register_File|outA[27]                                                                                       ; pll|altpll_component|auto_generated|pll1|clk[1] ; pll|altpll_component|auto_generated|pll1|clk[1] ; 0.000        ; 0.075      ; 1.672      ;
; 1.440 ; registerfile:Register_File|register~109               ; registerfile:Register_File|outA[13]                                                                                       ; pll|altpll_component|auto_generated|pll1|clk[1] ; pll|altpll_component|auto_generated|pll1|clk[1] ; 0.000        ; 0.080      ; 1.688      ;
; 1.443 ; Multiplicador:MULTIPLICADOR|ACC:acumulador|Saidas[8]  ; datamemory:Data_Memory|altsyncram:altsyncram_component|altsyncram_28i1:auto_generated|ram_block1a9~porta_address_reg0     ; pll|altpll_component|auto_generated|pll1|clk[0] ; pll|altpll_component|auto_generated|pll1|clk[1] ; 0.016        ; 0.495      ; 2.169      ;
; 1.448 ; registerfile:Register_File|register~418               ; registerfile:Register_File|outA[2]                                                                                        ; pll|altpll_component|auto_generated|pll1|clk[1] ; pll|altpll_component|auto_generated|pll1|clk[1] ; 0.000        ; 0.078      ; 1.694      ;
; 1.452 ; Multiplicador:MULTIPLICADOR|ACC:acumulador|Saidas[19] ; register:D|out[19]                                                                                                        ; pll|altpll_component|auto_generated|pll1|clk[0] ; pll|altpll_component|auto_generated|pll1|clk[1] ; 0.016        ; 0.182      ; 1.838      ;
; 1.455 ; pc:PC|addr[4]                                         ; InstMem:Intruction_Memory|altsyncram:altsyncram_component|altsyncram_sra1:auto_generated|ram_block1a7~porta_address_reg0  ; pll|altpll_component|auto_generated|pll1|clk[1] ; pll|altpll_component|auto_generated|pll1|clk[1] ; 0.000        ; 0.389      ; 2.039      ;
; 1.456 ; registerfile:Register_File|register~459               ; registerfile:Register_File|outA[11]                                                                                       ; pll|altpll_component|auto_generated|pll1|clk[1] ; pll|altpll_component|auto_generated|pll1|clk[1] ; 0.000        ; 0.081      ; 1.705      ;
; 1.459 ; Multiplicador:MULTIPLICADOR|ACC:acumulador|Saidas[1]  ; datamemory:Data_Memory|altsyncram:altsyncram_component|altsyncram_28i1:auto_generated|ram_block1a0~porta_address_reg0     ; pll|altpll_component|auto_generated|pll1|clk[0] ; pll|altpll_component|auto_generated|pll1|clk[1] ; 0.016        ; 0.494      ; 2.184      ;
; 1.466 ; Multiplicador:MULTIPLICADOR|ACC:acumulador|Saidas[17] ; register:D|out[17]                                                                                                        ; pll|altpll_component|auto_generated|pll1|clk[0] ; pll|altpll_component|auto_generated|pll1|clk[1] ; 0.016        ; 0.181      ; 1.851      ;
; 1.479 ; registerfile:Register_File|register~693               ; registerfile:Register_File|outA[21]                                                                                       ; pll|altpll_component|auto_generated|pll1|clk[1] ; pll|altpll_component|auto_generated|pll1|clk[1] ; 0.000        ; 0.082      ; 1.729      ;
; 1.482 ; pc:PC|addr[4]                                         ; InstMem:Intruction_Memory|altsyncram:altsyncram_component|altsyncram_sra1:auto_generated|ram_block1a0~porta_address_reg0  ; pll|altpll_component|auto_generated|pll1|clk[1] ; pll|altpll_component|auto_generated|pll1|clk[1] ; 0.000        ; 0.386      ; 2.063      ;
; 1.488 ; register:CTRL1|out[1]                                 ; pc:PC|resetControl                                                                                                        ; pll|altpll_component|auto_generated|pll1|clk[1] ; pll|altpll_component|auto_generated|pll1|clk[1] ; 0.000        ; 0.065      ; 1.721      ;
+-------+-------------------------------------------------------+---------------------------------------------------------------------------------------------------------------------------+-------------------------------------------------+-------------------------------------------------+--------------+------------+------------+


+----------------------------------------------------------------------------------------------------------------------------------------------------------------------------------------------------------------------------------------------------------------------+
; Slow 1200mV -40C Model Recovery: 'pll|altpll_component|auto_generated|pll1|clk[0]'                                                                                                                                                                                   ;
+-------+-------------------------------------------------------+---------------------------------------------------------+-------------------------------------------------+-------------------------------------------------+--------------+------------+------------+
; Slack ; From Node                                             ; To Node                                                 ; Launch Clock                                    ; Latch Clock                                     ; Relationship ; Clock Skew ; Data Delay ;
+-------+-------------------------------------------------------+---------------------------------------------------------+-------------------------------------------------+-------------------------------------------------+--------------+------------+------------+
; 1.481 ; register:CTRL1|out[5]                                 ; Multiplicador:MULTIPLICADOR|Counter:Contador|counter[3] ; pll|altpll_component|auto_generated|pll1|clk[1] ; pll|altpll_component|auto_generated|pll1|clk[0] ; 3.676        ; -0.182     ; 2.013      ;
; 1.481 ; register:CTRL1|out[5]                                 ; Multiplicador:MULTIPLICADOR|Counter:Contador|counter[4] ; pll|altpll_component|auto_generated|pll1|clk[1] ; pll|altpll_component|auto_generated|pll1|clk[0] ; 3.676        ; -0.182     ; 2.013      ;
; 1.481 ; register:CTRL1|out[5]                                 ; Multiplicador:MULTIPLICADOR|Counter:Contador|counter[5] ; pll|altpll_component|auto_generated|pll1|clk[1] ; pll|altpll_component|auto_generated|pll1|clk[0] ; 3.676        ; -0.182     ; 2.013      ;
; 1.481 ; register:CTRL1|out[5]                                 ; Multiplicador:MULTIPLICADOR|Counter:Contador|aux_load   ; pll|altpll_component|auto_generated|pll1|clk[1] ; pll|altpll_component|auto_generated|pll1|clk[0] ; 3.676        ; -0.182     ; 2.013      ;
; 1.481 ; register:CTRL1|out[5]                                 ; Multiplicador:MULTIPLICADOR|Counter:Contador|counter[1] ; pll|altpll_component|auto_generated|pll1|clk[1] ; pll|altpll_component|auto_generated|pll1|clk[0] ; 3.676        ; -0.182     ; 2.013      ;
; 1.481 ; register:CTRL1|out[5]                                 ; Multiplicador:MULTIPLICADOR|Counter:Contador|counter[0] ; pll|altpll_component|auto_generated|pll1|clk[1] ; pll|altpll_component|auto_generated|pll1|clk[0] ; 3.676        ; -0.182     ; 2.013      ;
; 1.481 ; register:CTRL1|out[5]                                 ; Multiplicador:MULTIPLICADOR|Counter:Contador|counter[2] ; pll|altpll_component|auto_generated|pll1|clk[1] ; pll|altpll_component|auto_generated|pll1|clk[0] ; 3.676        ; -0.182     ; 2.013      ;
; 1.481 ; register:CTRL1|out[5]                                 ; Multiplicador:MULTIPLICADOR|Counter:Contador|K          ; pll|altpll_component|auto_generated|pll1|clk[1] ; pll|altpll_component|auto_generated|pll1|clk[0] ; 3.676        ; -0.182     ; 2.013      ;
; 1.616 ; Multiplicador:MULTIPLICADOR|CONTROL:controle|state.S0 ; Multiplicador:MULTIPLICADOR|Counter:Contador|K          ; pll|altpll_component|auto_generated|pll1|clk[0] ; pll|altpll_component|auto_generated|pll1|clk[0] ; 3.676        ; -0.081     ; 1.979      ;
; 1.616 ; Multiplicador:MULTIPLICADOR|CONTROL:controle|state.S0 ; Multiplicador:MULTIPLICADOR|Counter:Contador|aux_load   ; pll|altpll_component|auto_generated|pll1|clk[0] ; pll|altpll_component|auto_generated|pll1|clk[0] ; 3.676        ; -0.081     ; 1.979      ;
; 1.616 ; Multiplicador:MULTIPLICADOR|CONTROL:controle|state.S0 ; Multiplicador:MULTIPLICADOR|Counter:Contador|counter[0] ; pll|altpll_component|auto_generated|pll1|clk[0] ; pll|altpll_component|auto_generated|pll1|clk[0] ; 3.676        ; -0.081     ; 1.979      ;
; 1.616 ; Multiplicador:MULTIPLICADOR|CONTROL:controle|state.S0 ; Multiplicador:MULTIPLICADOR|Counter:Contador|counter[5] ; pll|altpll_component|auto_generated|pll1|clk[0] ; pll|altpll_component|auto_generated|pll1|clk[0] ; 3.676        ; -0.081     ; 1.979      ;
; 1.616 ; Multiplicador:MULTIPLICADOR|CONTROL:controle|state.S0 ; Multiplicador:MULTIPLICADOR|Counter:Contador|counter[4] ; pll|altpll_component|auto_generated|pll1|clk[0] ; pll|altpll_component|auto_generated|pll1|clk[0] ; 3.676        ; -0.081     ; 1.979      ;
; 1.616 ; Multiplicador:MULTIPLICADOR|CONTROL:controle|state.S0 ; Multiplicador:MULTIPLICADOR|Counter:Contador|counter[3] ; pll|altpll_component|auto_generated|pll1|clk[0] ; pll|altpll_component|auto_generated|pll1|clk[0] ; 3.676        ; -0.081     ; 1.979      ;
; 1.616 ; Multiplicador:MULTIPLICADOR|CONTROL:controle|state.S0 ; Multiplicador:MULTIPLICADOR|Counter:Contador|counter[2] ; pll|altpll_component|auto_generated|pll1|clk[0] ; pll|altpll_component|auto_generated|pll1|clk[0] ; 3.676        ; -0.081     ; 1.979      ;
; 1.616 ; Multiplicador:MULTIPLICADOR|CONTROL:controle|state.S0 ; Multiplicador:MULTIPLICADOR|Counter:Contador|counter[1] ; pll|altpll_component|auto_generated|pll1|clk[0] ; pll|altpll_component|auto_generated|pll1|clk[0] ; 3.676        ; -0.081     ; 1.979      ;
+-------+-------------------------------------------------------+---------------------------------------------------------+-------------------------------------------------+-------------------------------------------------+--------------+------------+------------+


+----------------------------------------------------------------------------------------------------------------------------------------------------------------------------------------------------+
; Slow 1200mV -40C Model Recovery: 'pll|altpll_component|auto_generated|pll1|clk[1]'                                                                                                                 ;
+---------+--------------------+------------------------+-------------------------------------------------+-------------------------------------------------+--------------+------------+------------+
; Slack   ; From Node          ; To Node                ; Launch Clock                                    ; Latch Clock                                     ; Relationship ; Clock Skew ; Data Delay ;
+---------+--------------------+------------------------+-------------------------------------------------+-------------------------------------------------+--------------+------------+------------+
; 122.120 ; pc:PC|resetControl ; register:IMM|out[18]   ; pll|altpll_component|auto_generated|pll1|clk[1] ; pll|altpll_component|auto_generated|pll1|clk[1] ; 125.000      ; -0.080     ; 2.800      ;
; 122.120 ; pc:PC|resetControl ; register:IMM|out[25]   ; pll|altpll_component|auto_generated|pll1|clk[1] ; pll|altpll_component|auto_generated|pll1|clk[1] ; 125.000      ; -0.080     ; 2.800      ;
; 122.120 ; pc:PC|resetControl ; register:IMM|out[23]   ; pll|altpll_component|auto_generated|pll1|clk[1] ; pll|altpll_component|auto_generated|pll1|clk[1] ; 125.000      ; -0.080     ; 2.800      ;
; 122.120 ; pc:PC|resetControl ; register:IMM|out[22]   ; pll|altpll_component|auto_generated|pll1|clk[1] ; pll|altpll_component|auto_generated|pll1|clk[1] ; 125.000      ; -0.080     ; 2.800      ;
; 122.120 ; pc:PC|resetControl ; register:IMM|out[20]   ; pll|altpll_component|auto_generated|pll1|clk[1] ; pll|altpll_component|auto_generated|pll1|clk[1] ; 125.000      ; -0.080     ; 2.800      ;
; 122.120 ; pc:PC|resetControl ; register:IMM|out[26]   ; pll|altpll_component|auto_generated|pll1|clk[1] ; pll|altpll_component|auto_generated|pll1|clk[1] ; 125.000      ; -0.080     ; 2.800      ;
; 122.120 ; pc:PC|resetControl ; register:IMM|out[27]   ; pll|altpll_component|auto_generated|pll1|clk[1] ; pll|altpll_component|auto_generated|pll1|clk[1] ; 125.000      ; -0.080     ; 2.800      ;
; 122.120 ; pc:PC|resetControl ; register:IMM|out[28]   ; pll|altpll_component|auto_generated|pll1|clk[1] ; pll|altpll_component|auto_generated|pll1|clk[1] ; 125.000      ; -0.080     ; 2.800      ;
; 122.120 ; pc:PC|resetControl ; register:IMM|out[29]   ; pll|altpll_component|auto_generated|pll1|clk[1] ; pll|altpll_component|auto_generated|pll1|clk[1] ; 125.000      ; -0.080     ; 2.800      ;
; 122.403 ; pc:PC|resetControl ; register:IMM|out[21]   ; pll|altpll_component|auto_generated|pll1|clk[1] ; pll|altpll_component|auto_generated|pll1|clk[1] ; 125.000      ; -0.063     ; 2.534      ;
; 122.403 ; pc:PC|resetControl ; register:IMM|out[19]   ; pll|altpll_component|auto_generated|pll1|clk[1] ; pll|altpll_component|auto_generated|pll1|clk[1] ; 125.000      ; -0.063     ; 2.534      ;
; 122.439 ; pc:PC|resetControl ; register:IMM|out[24]   ; pll|altpll_component|auto_generated|pll1|clk[1] ; pll|altpll_component|auto_generated|pll1|clk[1] ; 125.000      ; -0.081     ; 2.480      ;
; 122.448 ; pc:PC|resetControl ; register:CTRL1|out[5]  ; pll|altpll_component|auto_generated|pll1|clk[1] ; pll|altpll_component|auto_generated|pll1|clk[1] ; 125.000      ; -0.053     ; 2.499      ;
; 122.448 ; pc:PC|resetControl ; register:CTRL1|out[4]  ; pll|altpll_component|auto_generated|pll1|clk[1] ; pll|altpll_component|auto_generated|pll1|clk[1] ; 125.000      ; -0.053     ; 2.499      ;
; 122.621 ; pc:PC|resetControl ; register:CTRL1|out[9]  ; pll|altpll_component|auto_generated|pll1|clk[1] ; pll|altpll_component|auto_generated|pll1|clk[1] ; 125.000      ; -0.063     ; 2.316      ;
; 122.621 ; pc:PC|resetControl ; register:CTRL1|out[2]  ; pll|altpll_component|auto_generated|pll1|clk[1] ; pll|altpll_component|auto_generated|pll1|clk[1] ; 125.000      ; -0.063     ; 2.316      ;
; 122.621 ; pc:PC|resetControl ; register:CTRL1|out[6]  ; pll|altpll_component|auto_generated|pll1|clk[1] ; pll|altpll_component|auto_generated|pll1|clk[1] ; 125.000      ; -0.063     ; 2.316      ;
; 122.621 ; pc:PC|resetControl ; register:CTRL1|out[7]  ; pll|altpll_component|auto_generated|pll1|clk[1] ; pll|altpll_component|auto_generated|pll1|clk[1] ; 125.000      ; -0.063     ; 2.316      ;
; 122.727 ; pc:PC|resetControl ; register:CTRL1|out[14] ; pll|altpll_component|auto_generated|pll1|clk[1] ; pll|altpll_component|auto_generated|pll1|clk[1] ; 125.000      ; -0.059     ; 2.214      ;
; 122.727 ; pc:PC|resetControl ; register:IMM|out[2]    ; pll|altpll_component|auto_generated|pll1|clk[1] ; pll|altpll_component|auto_generated|pll1|clk[1] ; 125.000      ; -0.059     ; 2.214      ;
; 122.727 ; pc:PC|resetControl ; register:IMM|out[5]    ; pll|altpll_component|auto_generated|pll1|clk[1] ; pll|altpll_component|auto_generated|pll1|clk[1] ; 125.000      ; -0.059     ; 2.214      ;
; 122.727 ; pc:PC|resetControl ; register:IMM|out[3]    ; pll|altpll_component|auto_generated|pll1|clk[1] ; pll|altpll_component|auto_generated|pll1|clk[1] ; 125.000      ; -0.059     ; 2.214      ;
; 122.734 ; pc:PC|resetControl ; register:IMM|out[15]   ; pll|altpll_component|auto_generated|pll1|clk[1] ; pll|altpll_component|auto_generated|pll1|clk[1] ; 125.000      ; -0.066     ; 2.200      ;
; 122.734 ; pc:PC|resetControl ; register:IMM|out[30]   ; pll|altpll_component|auto_generated|pll1|clk[1] ; pll|altpll_component|auto_generated|pll1|clk[1] ; 125.000      ; -0.066     ; 2.200      ;
; 122.734 ; pc:PC|resetControl ; register:IMM|out[31]   ; pll|altpll_component|auto_generated|pll1|clk[1] ; pll|altpll_component|auto_generated|pll1|clk[1] ; 125.000      ; -0.066     ; 2.200      ;
; 122.734 ; pc:PC|resetControl ; register:IMM|out[9]    ; pll|altpll_component|auto_generated|pll1|clk[1] ; pll|altpll_component|auto_generated|pll1|clk[1] ; 125.000      ; -0.066     ; 2.200      ;
; 122.766 ; pc:PC|resetControl ; register:IMM|out[6]    ; pll|altpll_component|auto_generated|pll1|clk[1] ; pll|altpll_component|auto_generated|pll1|clk[1] ; 125.000      ; -0.064     ; 2.170      ;
; 122.766 ; pc:PC|resetControl ; register:IMM|out[17]   ; pll|altpll_component|auto_generated|pll1|clk[1] ; pll|altpll_component|auto_generated|pll1|clk[1] ; 125.000      ; -0.064     ; 2.170      ;
; 122.766 ; pc:PC|resetControl ; register:IMM|out[16]   ; pll|altpll_component|auto_generated|pll1|clk[1] ; pll|altpll_component|auto_generated|pll1|clk[1] ; 125.000      ; -0.064     ; 2.170      ;
; 122.772 ; pc:PC|resetControl ; register:IMM|out[7]    ; pll|altpll_component|auto_generated|pll1|clk[1] ; pll|altpll_component|auto_generated|pll1|clk[1] ; 125.000      ; -0.067     ; 2.161      ;
; 122.772 ; pc:PC|resetControl ; register:IMM|out[10]   ; pll|altpll_component|auto_generated|pll1|clk[1] ; pll|altpll_component|auto_generated|pll1|clk[1] ; 125.000      ; -0.067     ; 2.161      ;
; 122.947 ; pc:PC|resetControl ; register:CTRL1|out[1]  ; pll|altpll_component|auto_generated|pll1|clk[1] ; pll|altpll_component|auto_generated|pll1|clk[1] ; 125.000      ; -0.065     ; 1.988      ;
; 122.947 ; pc:PC|resetControl ; register:CTRL1|out[8]  ; pll|altpll_component|auto_generated|pll1|clk[1] ; pll|altpll_component|auto_generated|pll1|clk[1] ; 125.000      ; -0.065     ; 1.988      ;
; 122.947 ; pc:PC|resetControl ; register:CTRL1|out[3]  ; pll|altpll_component|auto_generated|pll1|clk[1] ; pll|altpll_component|auto_generated|pll1|clk[1] ; 125.000      ; -0.065     ; 1.988      ;
; 122.961 ; pc:PC|resetControl ; register:IMM|out[8]    ; pll|altpll_component|auto_generated|pll1|clk[1] ; pll|altpll_component|auto_generated|pll1|clk[1] ; 125.000      ; -0.070     ; 1.969      ;
; 123.093 ; pc:PC|resetControl ; register:CTRL1|out[13] ; pll|altpll_component|auto_generated|pll1|clk[1] ; pll|altpll_component|auto_generated|pll1|clk[1] ; 125.000      ; -0.073     ; 1.834      ;
; 123.093 ; pc:PC|resetControl ; register:CTRL1|out[12] ; pll|altpll_component|auto_generated|pll1|clk[1] ; pll|altpll_component|auto_generated|pll1|clk[1] ; 125.000      ; -0.073     ; 1.834      ;
; 123.093 ; pc:PC|resetControl ; register:CTRL1|out[11] ; pll|altpll_component|auto_generated|pll1|clk[1] ; pll|altpll_component|auto_generated|pll1|clk[1] ; 125.000      ; -0.073     ; 1.834      ;
; 123.093 ; pc:PC|resetControl ; register:CTRL1|out[10] ; pll|altpll_component|auto_generated|pll1|clk[1] ; pll|altpll_component|auto_generated|pll1|clk[1] ; 125.000      ; -0.073     ; 1.834      ;
; 123.093 ; pc:PC|resetControl ; register:IMM|out[14]   ; pll|altpll_component|auto_generated|pll1|clk[1] ; pll|altpll_component|auto_generated|pll1|clk[1] ; 125.000      ; -0.073     ; 1.834      ;
; 123.093 ; pc:PC|resetControl ; register:IMM|out[13]   ; pll|altpll_component|auto_generated|pll1|clk[1] ; pll|altpll_component|auto_generated|pll1|clk[1] ; 125.000      ; -0.073     ; 1.834      ;
; 123.093 ; pc:PC|resetControl ; register:IMM|out[12]   ; pll|altpll_component|auto_generated|pll1|clk[1] ; pll|altpll_component|auto_generated|pll1|clk[1] ; 125.000      ; -0.073     ; 1.834      ;
; 123.093 ; pc:PC|resetControl ; register:IMM|out[11]   ; pll|altpll_component|auto_generated|pll1|clk[1] ; pll|altpll_component|auto_generated|pll1|clk[1] ; 125.000      ; -0.073     ; 1.834      ;
; 123.316 ; pc:PC|resetControl ; register:IMM|out[0]    ; pll|altpll_component|auto_generated|pll1|clk[1] ; pll|altpll_component|auto_generated|pll1|clk[1] ; 125.000      ; -0.078     ; 1.606      ;
; 123.316 ; pc:PC|resetControl ; register:IMM|out[1]    ; pll|altpll_component|auto_generated|pll1|clk[1] ; pll|altpll_component|auto_generated|pll1|clk[1] ; 125.000      ; -0.078     ; 1.606      ;
; 123.316 ; pc:PC|resetControl ; register:IMM|out[4]    ; pll|altpll_component|auto_generated|pll1|clk[1] ; pll|altpll_component|auto_generated|pll1|clk[1] ; 125.000      ; -0.078     ; 1.606      ;
+---------+--------------------+------------------------+-------------------------------------------------+-------------------------------------------------+--------------+------------+------------+


+--------------------------------------------------------------------------------------------------------------------------------------------------------------------------------------------------+
; Slow 1200mV -40C Model Removal: 'pll|altpll_component|auto_generated|pll1|clk[1]'                                                                                                                ;
+-------+--------------------+------------------------+-------------------------------------------------+-------------------------------------------------+--------------+------------+------------+
; Slack ; From Node          ; To Node                ; Launch Clock                                    ; Latch Clock                                     ; Relationship ; Clock Skew ; Data Delay ;
+-------+--------------------+------------------------+-------------------------------------------------+-------------------------------------------------+--------------+------------+------------+
; 1.287 ; pc:PC|resetControl ; register:IMM|out[0]    ; pll|altpll_component|auto_generated|pll1|clk[1] ; pll|altpll_component|auto_generated|pll1|clk[1] ; 0.000        ; 0.078      ; 1.533      ;
; 1.287 ; pc:PC|resetControl ; register:IMM|out[1]    ; pll|altpll_component|auto_generated|pll1|clk[1] ; pll|altpll_component|auto_generated|pll1|clk[1] ; 0.000        ; 0.078      ; 1.533      ;
; 1.287 ; pc:PC|resetControl ; register:IMM|out[4]    ; pll|altpll_component|auto_generated|pll1|clk[1] ; pll|altpll_component|auto_generated|pll1|clk[1] ; 0.000        ; 0.078      ; 1.533      ;
; 1.478 ; pc:PC|resetControl ; register:CTRL1|out[13] ; pll|altpll_component|auto_generated|pll1|clk[1] ; pll|altpll_component|auto_generated|pll1|clk[1] ; 0.000        ; 0.083      ; 1.729      ;
; 1.478 ; pc:PC|resetControl ; register:CTRL1|out[12] ; pll|altpll_component|auto_generated|pll1|clk[1] ; pll|altpll_component|auto_generated|pll1|clk[1] ; 0.000        ; 0.083      ; 1.729      ;
; 1.478 ; pc:PC|resetControl ; register:CTRL1|out[11] ; pll|altpll_component|auto_generated|pll1|clk[1] ; pll|altpll_component|auto_generated|pll1|clk[1] ; 0.000        ; 0.083      ; 1.729      ;
; 1.478 ; pc:PC|resetControl ; register:CTRL1|out[10] ; pll|altpll_component|auto_generated|pll1|clk[1] ; pll|altpll_component|auto_generated|pll1|clk[1] ; 0.000        ; 0.083      ; 1.729      ;
; 1.478 ; pc:PC|resetControl ; register:IMM|out[14]   ; pll|altpll_component|auto_generated|pll1|clk[1] ; pll|altpll_component|auto_generated|pll1|clk[1] ; 0.000        ; 0.083      ; 1.729      ;
; 1.478 ; pc:PC|resetControl ; register:IMM|out[13]   ; pll|altpll_component|auto_generated|pll1|clk[1] ; pll|altpll_component|auto_generated|pll1|clk[1] ; 0.000        ; 0.083      ; 1.729      ;
; 1.478 ; pc:PC|resetControl ; register:IMM|out[12]   ; pll|altpll_component|auto_generated|pll1|clk[1] ; pll|altpll_component|auto_generated|pll1|clk[1] ; 0.000        ; 0.083      ; 1.729      ;
; 1.478 ; pc:PC|resetControl ; register:IMM|out[11]   ; pll|altpll_component|auto_generated|pll1|clk[1] ; pll|altpll_component|auto_generated|pll1|clk[1] ; 0.000        ; 0.083      ; 1.729      ;
; 1.628 ; pc:PC|resetControl ; register:IMM|out[8]    ; pll|altpll_component|auto_generated|pll1|clk[1] ; pll|altpll_component|auto_generated|pll1|clk[1] ; 0.000        ; 0.086      ; 1.882      ;
; 1.640 ; pc:PC|resetControl ; register:CTRL1|out[1]  ; pll|altpll_component|auto_generated|pll1|clk[1] ; pll|altpll_component|auto_generated|pll1|clk[1] ; 0.000        ; 0.092      ; 1.900      ;
; 1.640 ; pc:PC|resetControl ; register:CTRL1|out[8]  ; pll|altpll_component|auto_generated|pll1|clk[1] ; pll|altpll_component|auto_generated|pll1|clk[1] ; 0.000        ; 0.092      ; 1.900      ;
; 1.640 ; pc:PC|resetControl ; register:CTRL1|out[3]  ; pll|altpll_component|auto_generated|pll1|clk[1] ; pll|altpll_component|auto_generated|pll1|clk[1] ; 0.000        ; 0.092      ; 1.900      ;
; 1.778 ; pc:PC|resetControl ; register:IMM|out[7]    ; pll|altpll_component|auto_generated|pll1|clk[1] ; pll|altpll_component|auto_generated|pll1|clk[1] ; 0.000        ; 0.089      ; 2.035      ;
; 1.778 ; pc:PC|resetControl ; register:IMM|out[10]   ; pll|altpll_component|auto_generated|pll1|clk[1] ; pll|altpll_component|auto_generated|pll1|clk[1] ; 0.000        ; 0.089      ; 2.035      ;
; 1.781 ; pc:PC|resetControl ; register:IMM|out[6]    ; pll|altpll_component|auto_generated|pll1|clk[1] ; pll|altpll_component|auto_generated|pll1|clk[1] ; 0.000        ; 0.092      ; 2.041      ;
; 1.781 ; pc:PC|resetControl ; register:IMM|out[17]   ; pll|altpll_component|auto_generated|pll1|clk[1] ; pll|altpll_component|auto_generated|pll1|clk[1] ; 0.000        ; 0.092      ; 2.041      ;
; 1.781 ; pc:PC|resetControl ; register:IMM|out[16]   ; pll|altpll_component|auto_generated|pll1|clk[1] ; pll|altpll_component|auto_generated|pll1|clk[1] ; 0.000        ; 0.092      ; 2.041      ;
; 1.806 ; pc:PC|resetControl ; register:IMM|out[15]   ; pll|altpll_component|auto_generated|pll1|clk[1] ; pll|altpll_component|auto_generated|pll1|clk[1] ; 0.000        ; 0.091      ; 2.065      ;
; 1.806 ; pc:PC|resetControl ; register:IMM|out[30]   ; pll|altpll_component|auto_generated|pll1|clk[1] ; pll|altpll_component|auto_generated|pll1|clk[1] ; 0.000        ; 0.091      ; 2.065      ;
; 1.806 ; pc:PC|resetControl ; register:IMM|out[31]   ; pll|altpll_component|auto_generated|pll1|clk[1] ; pll|altpll_component|auto_generated|pll1|clk[1] ; 0.000        ; 0.091      ; 2.065      ;
; 1.806 ; pc:PC|resetControl ; register:IMM|out[9]    ; pll|altpll_component|auto_generated|pll1|clk[1] ; pll|altpll_component|auto_generated|pll1|clk[1] ; 0.000        ; 0.091      ; 2.065      ;
; 1.822 ; pc:PC|resetControl ; register:CTRL1|out[14] ; pll|altpll_component|auto_generated|pll1|clk[1] ; pll|altpll_component|auto_generated|pll1|clk[1] ; 0.000        ; 0.098      ; 2.088      ;
; 1.822 ; pc:PC|resetControl ; register:IMM|out[2]    ; pll|altpll_component|auto_generated|pll1|clk[1] ; pll|altpll_component|auto_generated|pll1|clk[1] ; 0.000        ; 0.098      ; 2.088      ;
; 1.822 ; pc:PC|resetControl ; register:IMM|out[5]    ; pll|altpll_component|auto_generated|pll1|clk[1] ; pll|altpll_component|auto_generated|pll1|clk[1] ; 0.000        ; 0.098      ; 2.088      ;
; 1.822 ; pc:PC|resetControl ; register:IMM|out[3]    ; pll|altpll_component|auto_generated|pll1|clk[1] ; pll|altpll_component|auto_generated|pll1|clk[1] ; 0.000        ; 0.098      ; 2.088      ;
; 1.918 ; pc:PC|resetControl ; register:CTRL1|out[9]  ; pll|altpll_component|auto_generated|pll1|clk[1] ; pll|altpll_component|auto_generated|pll1|clk[1] ; 0.000        ; 0.093      ; 2.179      ;
; 1.918 ; pc:PC|resetControl ; register:CTRL1|out[2]  ; pll|altpll_component|auto_generated|pll1|clk[1] ; pll|altpll_component|auto_generated|pll1|clk[1] ; 0.000        ; 0.093      ; 2.179      ;
; 1.918 ; pc:PC|resetControl ; register:CTRL1|out[6]  ; pll|altpll_component|auto_generated|pll1|clk[1] ; pll|altpll_component|auto_generated|pll1|clk[1] ; 0.000        ; 0.093      ; 2.179      ;
; 1.918 ; pc:PC|resetControl ; register:CTRL1|out[7]  ; pll|altpll_component|auto_generated|pll1|clk[1] ; pll|altpll_component|auto_generated|pll1|clk[1] ; 0.000        ; 0.093      ; 2.179      ;
; 2.060 ; pc:PC|resetControl ; register:CTRL1|out[5]  ; pll|altpll_component|auto_generated|pll1|clk[1] ; pll|altpll_component|auto_generated|pll1|clk[1] ; 0.000        ; 0.104      ; 2.332      ;
; 2.060 ; pc:PC|resetControl ; register:CTRL1|out[4]  ; pll|altpll_component|auto_generated|pll1|clk[1] ; pll|altpll_component|auto_generated|pll1|clk[1] ; 0.000        ; 0.104      ; 2.332      ;
; 2.064 ; pc:PC|resetControl ; register:IMM|out[24]   ; pll|altpll_component|auto_generated|pll1|clk[1] ; pll|altpll_component|auto_generated|pll1|clk[1] ; 0.000        ; 0.075      ; 2.307      ;
; 2.112 ; pc:PC|resetControl ; register:IMM|out[21]   ; pll|altpll_component|auto_generated|pll1|clk[1] ; pll|altpll_component|auto_generated|pll1|clk[1] ; 0.000        ; 0.093      ; 2.373      ;
; 2.112 ; pc:PC|resetControl ; register:IMM|out[19]   ; pll|altpll_component|auto_generated|pll1|clk[1] ; pll|altpll_component|auto_generated|pll1|clk[1] ; 0.000        ; 0.093      ; 2.373      ;
; 2.361 ; pc:PC|resetControl ; register:IMM|out[18]   ; pll|altpll_component|auto_generated|pll1|clk[1] ; pll|altpll_component|auto_generated|pll1|clk[1] ; 0.000        ; 0.077      ; 2.606      ;
; 2.361 ; pc:PC|resetControl ; register:IMM|out[25]   ; pll|altpll_component|auto_generated|pll1|clk[1] ; pll|altpll_component|auto_generated|pll1|clk[1] ; 0.000        ; 0.077      ; 2.606      ;
; 2.361 ; pc:PC|resetControl ; register:IMM|out[23]   ; pll|altpll_component|auto_generated|pll1|clk[1] ; pll|altpll_component|auto_generated|pll1|clk[1] ; 0.000        ; 0.077      ; 2.606      ;
; 2.361 ; pc:PC|resetControl ; register:IMM|out[22]   ; pll|altpll_component|auto_generated|pll1|clk[1] ; pll|altpll_component|auto_generated|pll1|clk[1] ; 0.000        ; 0.077      ; 2.606      ;
; 2.361 ; pc:PC|resetControl ; register:IMM|out[20]   ; pll|altpll_component|auto_generated|pll1|clk[1] ; pll|altpll_component|auto_generated|pll1|clk[1] ; 0.000        ; 0.077      ; 2.606      ;
; 2.361 ; pc:PC|resetControl ; register:IMM|out[26]   ; pll|altpll_component|auto_generated|pll1|clk[1] ; pll|altpll_component|auto_generated|pll1|clk[1] ; 0.000        ; 0.077      ; 2.606      ;
; 2.361 ; pc:PC|resetControl ; register:IMM|out[27]   ; pll|altpll_component|auto_generated|pll1|clk[1] ; pll|altpll_component|auto_generated|pll1|clk[1] ; 0.000        ; 0.077      ; 2.606      ;
; 2.361 ; pc:PC|resetControl ; register:IMM|out[28]   ; pll|altpll_component|auto_generated|pll1|clk[1] ; pll|altpll_component|auto_generated|pll1|clk[1] ; 0.000        ; 0.077      ; 2.606      ;
; 2.361 ; pc:PC|resetControl ; register:IMM|out[29]   ; pll|altpll_component|auto_generated|pll1|clk[1] ; pll|altpll_component|auto_generated|pll1|clk[1] ; 0.000        ; 0.077      ; 2.606      ;
+-------+--------------------+------------------------+-------------------------------------------------+-------------------------------------------------+--------------+------------+------------+


+----------------------------------------------------------------------------------------------------------------------------------------------------------------------------------------------------------------------------------------------------------------------+
; Slow 1200mV -40C Model Removal: 'pll|altpll_component|auto_generated|pll1|clk[0]'                                                                                                                                                                                    ;
+-------+-------------------------------------------------------+---------------------------------------------------------+-------------------------------------------------+-------------------------------------------------+--------------+------------+------------+
; Slack ; From Node                                             ; To Node                                                 ; Launch Clock                                    ; Latch Clock                                     ; Relationship ; Clock Skew ; Data Delay ;
+-------+-------------------------------------------------------+---------------------------------------------------------+-------------------------------------------------+-------------------------------------------------+--------------+------------+------------+
; 1.514 ; register:CTRL1|out[5]                                 ; Multiplicador:MULTIPLICADOR|Counter:Contador|counter[3] ; pll|altpll_component|auto_generated|pll1|clk[1] ; pll|altpll_component|auto_generated|pll1|clk[0] ; -0.016       ; 0.179      ; 1.865      ;
; 1.514 ; register:CTRL1|out[5]                                 ; Multiplicador:MULTIPLICADOR|Counter:Contador|counter[4] ; pll|altpll_component|auto_generated|pll1|clk[1] ; pll|altpll_component|auto_generated|pll1|clk[0] ; -0.016       ; 0.179      ; 1.865      ;
; 1.514 ; register:CTRL1|out[5]                                 ; Multiplicador:MULTIPLICADOR|Counter:Contador|counter[5] ; pll|altpll_component|auto_generated|pll1|clk[1] ; pll|altpll_component|auto_generated|pll1|clk[0] ; -0.016       ; 0.179      ; 1.865      ;
; 1.514 ; register:CTRL1|out[5]                                 ; Multiplicador:MULTIPLICADOR|Counter:Contador|aux_load   ; pll|altpll_component|auto_generated|pll1|clk[1] ; pll|altpll_component|auto_generated|pll1|clk[0] ; -0.016       ; 0.179      ; 1.865      ;
; 1.514 ; register:CTRL1|out[5]                                 ; Multiplicador:MULTIPLICADOR|Counter:Contador|counter[1] ; pll|altpll_component|auto_generated|pll1|clk[1] ; pll|altpll_component|auto_generated|pll1|clk[0] ; -0.016       ; 0.179      ; 1.865      ;
; 1.514 ; register:CTRL1|out[5]                                 ; Multiplicador:MULTIPLICADOR|Counter:Contador|counter[0] ; pll|altpll_component|auto_generated|pll1|clk[1] ; pll|altpll_component|auto_generated|pll1|clk[0] ; -0.016       ; 0.179      ; 1.865      ;
; 1.514 ; register:CTRL1|out[5]                                 ; Multiplicador:MULTIPLICADOR|Counter:Contador|counter[2] ; pll|altpll_component|auto_generated|pll1|clk[1] ; pll|altpll_component|auto_generated|pll1|clk[0] ; -0.016       ; 0.179      ; 1.865      ;
; 1.514 ; register:CTRL1|out[5]                                 ; Multiplicador:MULTIPLICADOR|Counter:Contador|K          ; pll|altpll_component|auto_generated|pll1|clk[1] ; pll|altpll_component|auto_generated|pll1|clk[0] ; -0.016       ; 0.179      ; 1.865      ;
; 1.571 ; Multiplicador:MULTIPLICADOR|CONTROL:controle|state.S0 ; Multiplicador:MULTIPLICADOR|Counter:Contador|K          ; pll|altpll_component|auto_generated|pll1|clk[0] ; pll|altpll_component|auto_generated|pll1|clk[0] ; 0.000        ; 0.078      ; 1.817      ;
; 1.571 ; Multiplicador:MULTIPLICADOR|CONTROL:controle|state.S0 ; Multiplicador:MULTIPLICADOR|Counter:Contador|aux_load   ; pll|altpll_component|auto_generated|pll1|clk[0] ; pll|altpll_component|auto_generated|pll1|clk[0] ; 0.000        ; 0.078      ; 1.817      ;
; 1.571 ; Multiplicador:MULTIPLICADOR|CONTROL:controle|state.S0 ; Multiplicador:MULTIPLICADOR|Counter:Contador|counter[0] ; pll|altpll_component|auto_generated|pll1|clk[0] ; pll|altpll_component|auto_generated|pll1|clk[0] ; 0.000        ; 0.078      ; 1.817      ;
; 1.571 ; Multiplicador:MULTIPLICADOR|CONTROL:controle|state.S0 ; Multiplicador:MULTIPLICADOR|Counter:Contador|counter[5] ; pll|altpll_component|auto_generated|pll1|clk[0] ; pll|altpll_component|auto_generated|pll1|clk[0] ; 0.000        ; 0.078      ; 1.817      ;
; 1.571 ; Multiplicador:MULTIPLICADOR|CONTROL:controle|state.S0 ; Multiplicador:MULTIPLICADOR|Counter:Contador|counter[4] ; pll|altpll_component|auto_generated|pll1|clk[0] ; pll|altpll_component|auto_generated|pll1|clk[0] ; 0.000        ; 0.078      ; 1.817      ;
; 1.571 ; Multiplicador:MULTIPLICADOR|CONTROL:controle|state.S0 ; Multiplicador:MULTIPLICADOR|Counter:Contador|counter[3] ; pll|altpll_component|auto_generated|pll1|clk[0] ; pll|altpll_component|auto_generated|pll1|clk[0] ; 0.000        ; 0.078      ; 1.817      ;
; 1.571 ; Multiplicador:MULTIPLICADOR|CONTROL:controle|state.S0 ; Multiplicador:MULTIPLICADOR|Counter:Contador|counter[2] ; pll|altpll_component|auto_generated|pll1|clk[0] ; pll|altpll_component|auto_generated|pll1|clk[0] ; 0.000        ; 0.078      ; 1.817      ;
; 1.571 ; Multiplicador:MULTIPLICADOR|CONTROL:controle|state.S0 ; Multiplicador:MULTIPLICADOR|Counter:Contador|counter[1] ; pll|altpll_component|auto_generated|pll1|clk[0] ; pll|altpll_component|auto_generated|pll1|clk[0] ; 0.000        ; 0.078      ; 1.817      ;
+-------+-------------------------------------------------------+---------------------------------------------------------+-------------------------------------------------+-------------------------------------------------+--------------+------------+------------+


------------------------------------------------
; Slow 1200mV -40C Model Metastability Summary ;
------------------------------------------------
No synchronizer chains to report.


+-------------------------------------------------------------------------+
; Fast 1200mV -40C Model Setup Summary                                    ;
+-------------------------------------------------+-------+---------------+
; Clock                                           ; Slack ; End Point TNS ;
+-------------------------------------------------+-------+---------------+
; pll|altpll_component|auto_generated|pll1|clk[1] ; 1.145 ; 0.000         ;
; pll|altpll_component|auto_generated|pll1|clk[0] ; 1.914 ; 0.000         ;
+-------------------------------------------------+-------+---------------+


+-------------------------------------------------------------------------+
; Fast 1200mV -40C Model Hold Summary                                     ;
+-------------------------------------------------+-------+---------------+
; Clock                                           ; Slack ; End Point TNS ;
+-------------------------------------------------+-------+---------------+
; pll|altpll_component|auto_generated|pll1|clk[0] ; 0.160 ; 0.000         ;
; pll|altpll_component|auto_generated|pll1|clk[1] ; 0.236 ; 0.000         ;
+-------------------------------------------------+-------+---------------+


+---------------------------------------------------------------------------+
; Fast 1200mV -40C Model Recovery Summary                                   ;
+-------------------------------------------------+---------+---------------+
; Clock                                           ; Slack   ; End Point TNS ;
+-------------------------------------------------+---------+---------------+
; pll|altpll_component|auto_generated|pll1|clk[0] ; 2.474   ; 0.000         ;
; pll|altpll_component|auto_generated|pll1|clk[1] ; 123.338 ; 0.000         ;
+-------------------------------------------------+---------+---------------+


+-------------------------------------------------------------------------+
; Fast 1200mV -40C Model Removal Summary                                  ;
+-------------------------------------------------+-------+---------------+
; Clock                                           ; Slack ; End Point TNS ;
+-------------------------------------------------+-------+---------------+
; pll|altpll_component|auto_generated|pll1|clk[1] ; 0.658 ; 0.000         ;
; pll|altpll_component|auto_generated|pll1|clk[0] ; 0.779 ; 0.000         ;
+-------------------------------------------------+-------+---------------+


+--------------------------------------------------------------------------+
; Fast 1200mV -40C Model Minimum Pulse Width Summary                       ;
+-------------------------------------------------+--------+---------------+
; Clock                                           ; Slack  ; End Point TNS ;
+-------------------------------------------------+--------+---------------+
; pll|altpll_component|auto_generated|pll1|clk[0] ; 1.573  ; 0.000         ;
; CLK                                             ; 9.626  ; 0.000         ;
; pll|altpll_component|auto_generated|pll1|clk[1] ; 62.233 ; 0.000         ;
+-------------------------------------------------+--------+---------------+


+-------------------------------------------------------------------------------------------------------------------------------------------------------------------------------------------------------------------------------------------------------------------------------------------------------------------------------+
; Fast 1200mV -40C Model Setup: 'pll|altpll_component|auto_generated|pll1|clk[1]'                                                                                                                                                                                                                                               ;
+-------+-------------------------------------------------------+------------------------------------------------------------------------------------------------------------------+-------------------------------------------------+-------------------------------------------------+--------------+------------+------------+
; Slack ; From Node                                             ; To Node                                                                                                          ; Launch Clock                                    ; Latch Clock                                     ; Relationship ; Clock Skew ; Data Delay ;
+-------+-------------------------------------------------------+------------------------------------------------------------------------------------------------------------------+-------------------------------------------------+-------------------------------------------------+--------------+------------+------------+
; 1.145 ; Multiplicador:MULTIPLICADOR|ACC:acumulador|Saidas[8]  ; datamemory:Data_Memory|altsyncram:altsyncram_component|altsyncram_28i1:auto_generated|ram_block1a18~porta_we_reg ; pll|altpll_component|auto_generated|pll1|clk[0] ; pll|altpll_component|auto_generated|pll1|clk[1] ; 3.692        ; 0.066      ; 2.621      ;
; 1.154 ; Multiplicador:MULTIPLICADOR|ACC:acumulador|Saidas[8]  ; datamemory:Data_Memory|altsyncram:altsyncram_component|altsyncram_28i1:auto_generated|ram_block1a27~porta_we_reg ; pll|altpll_component|auto_generated|pll1|clk[0] ; pll|altpll_component|auto_generated|pll1|clk[1] ; 3.692        ; 0.064      ; 2.610      ;
; 1.181 ; Multiplicador:MULTIPLICADOR|ACC:acumulador|Saidas[25] ; datamemory:Data_Memory|altsyncram:altsyncram_component|altsyncram_28i1:auto_generated|ram_block1a18~porta_we_reg ; pll|altpll_component|auto_generated|pll1|clk[0] ; pll|altpll_component|auto_generated|pll1|clk[1] ; 3.692        ; 0.062      ; 2.581      ;
; 1.190 ; Multiplicador:MULTIPLICADOR|ACC:acumulador|Saidas[25] ; datamemory:Data_Memory|altsyncram:altsyncram_component|altsyncram_28i1:auto_generated|ram_block1a27~porta_we_reg ; pll|altpll_component|auto_generated|pll1|clk[0] ; pll|altpll_component|auto_generated|pll1|clk[1] ; 3.692        ; 0.060      ; 2.570      ;
; 1.240 ; Multiplicador:MULTIPLICADOR|ACC:acumulador|Saidas[23] ; datamemory:Data_Memory|altsyncram:altsyncram_component|altsyncram_28i1:auto_generated|ram_block1a18~porta_we_reg ; pll|altpll_component|auto_generated|pll1|clk[0] ; pll|altpll_component|auto_generated|pll1|clk[1] ; 3.692        ; 0.060      ; 2.520      ;
; 1.243 ; Multiplicador:MULTIPLICADOR|ACC:acumulador|Saidas[7]  ; datamemory:Data_Memory|altsyncram:altsyncram_component|altsyncram_28i1:auto_generated|ram_block1a18~porta_we_reg ; pll|altpll_component|auto_generated|pll1|clk[0] ; pll|altpll_component|auto_generated|pll1|clk[1] ; 3.692        ; 0.066      ; 2.523      ;
; 1.249 ; Multiplicador:MULTIPLICADOR|ACC:acumulador|Saidas[23] ; datamemory:Data_Memory|altsyncram:altsyncram_component|altsyncram_28i1:auto_generated|ram_block1a27~porta_we_reg ; pll|altpll_component|auto_generated|pll1|clk[0] ; pll|altpll_component|auto_generated|pll1|clk[1] ; 3.692        ; 0.058      ; 2.509      ;
; 1.252 ; Multiplicador:MULTIPLICADOR|ACC:acumulador|Saidas[7]  ; datamemory:Data_Memory|altsyncram:altsyncram_component|altsyncram_28i1:auto_generated|ram_block1a27~porta_we_reg ; pll|altpll_component|auto_generated|pll1|clk[0] ; pll|altpll_component|auto_generated|pll1|clk[1] ; 3.692        ; 0.064      ; 2.512      ;
; 1.262 ; Multiplicador:MULTIPLICADOR|ACC:acumulador|Saidas[26] ; datamemory:Data_Memory|altsyncram:altsyncram_component|altsyncram_28i1:auto_generated|ram_block1a18~porta_we_reg ; pll|altpll_component|auto_generated|pll1|clk[0] ; pll|altpll_component|auto_generated|pll1|clk[1] ; 3.692        ; 0.062      ; 2.500      ;
; 1.268 ; Multiplicador:MULTIPLICADOR|ACC:acumulador|Saidas[14] ; datamemory:Data_Memory|altsyncram:altsyncram_component|altsyncram_28i1:auto_generated|ram_block1a18~porta_we_reg ; pll|altpll_component|auto_generated|pll1|clk[0] ; pll|altpll_component|auto_generated|pll1|clk[1] ; 3.692        ; 0.064      ; 2.496      ;
; 1.271 ; Multiplicador:MULTIPLICADOR|ACC:acumulador|Saidas[26] ; datamemory:Data_Memory|altsyncram:altsyncram_component|altsyncram_28i1:auto_generated|ram_block1a27~porta_we_reg ; pll|altpll_component|auto_generated|pll1|clk[0] ; pll|altpll_component|auto_generated|pll1|clk[1] ; 3.692        ; 0.060      ; 2.489      ;
; 1.277 ; Multiplicador:MULTIPLICADOR|ACC:acumulador|Saidas[14] ; datamemory:Data_Memory|altsyncram:altsyncram_component|altsyncram_28i1:auto_generated|ram_block1a27~porta_we_reg ; pll|altpll_component|auto_generated|pll1|clk[0] ; pll|altpll_component|auto_generated|pll1|clk[1] ; 3.692        ; 0.062      ; 2.485      ;
; 1.285 ; Multiplicador:MULTIPLICADOR|ACC:acumulador|Saidas[8]  ; datamemory:Data_Memory|altsyncram:altsyncram_component|altsyncram_28i1:auto_generated|ram_block1a9~porta_we_reg  ; pll|altpll_component|auto_generated|pll1|clk[0] ; pll|altpll_component|auto_generated|pll1|clk[1] ; 3.692        ; 0.067      ; 2.482      ;
; 1.291 ; Multiplicador:MULTIPLICADOR|ACC:acumulador|Saidas[29] ; datamemory:Data_Memory|altsyncram:altsyncram_component|altsyncram_28i1:auto_generated|ram_block1a18~porta_we_reg ; pll|altpll_component|auto_generated|pll1|clk[0] ; pll|altpll_component|auto_generated|pll1|clk[1] ; 3.692        ; 0.060      ; 2.469      ;
; 1.300 ; Multiplicador:MULTIPLICADOR|ACC:acumulador|Saidas[29] ; datamemory:Data_Memory|altsyncram:altsyncram_component|altsyncram_28i1:auto_generated|ram_block1a27~porta_we_reg ; pll|altpll_component|auto_generated|pll1|clk[0] ; pll|altpll_component|auto_generated|pll1|clk[1] ; 3.692        ; 0.058      ; 2.458      ;
; 1.321 ; Multiplicador:MULTIPLICADOR|ACC:acumulador|Saidas[25] ; datamemory:Data_Memory|altsyncram:altsyncram_component|altsyncram_28i1:auto_generated|ram_block1a9~porta_we_reg  ; pll|altpll_component|auto_generated|pll1|clk[0] ; pll|altpll_component|auto_generated|pll1|clk[1] ; 3.692        ; 0.063      ; 2.442      ;
; 1.325 ; Multiplicador:MULTIPLICADOR|ACC:acumulador|Saidas[9]  ; datamemory:Data_Memory|altsyncram:altsyncram_component|altsyncram_28i1:auto_generated|ram_block1a18~porta_we_reg ; pll|altpll_component|auto_generated|pll1|clk[0] ; pll|altpll_component|auto_generated|pll1|clk[1] ; 3.692        ; 0.066      ; 2.441      ;
; 1.331 ; Multiplicador:MULTIPLICADOR|ACC:acumulador|Saidas[8]  ; datamemory:Data_Memory|altsyncram:altsyncram_component|altsyncram_28i1:auto_generated|ram_block1a0~porta_we_reg  ; pll|altpll_component|auto_generated|pll1|clk[0] ; pll|altpll_component|auto_generated|pll1|clk[1] ; 3.692        ; 0.068      ; 2.437      ;
; 1.334 ; Multiplicador:MULTIPLICADOR|ACC:acumulador|Saidas[9]  ; datamemory:Data_Memory|altsyncram:altsyncram_component|altsyncram_28i1:auto_generated|ram_block1a27~porta_we_reg ; pll|altpll_component|auto_generated|pll1|clk[0] ; pll|altpll_component|auto_generated|pll1|clk[1] ; 3.692        ; 0.064      ; 2.430      ;
; 1.336 ; Multiplicador:MULTIPLICADOR|ACC:acumulador|Saidas[27] ; datamemory:Data_Memory|altsyncram:altsyncram_component|altsyncram_28i1:auto_generated|ram_block1a18~porta_we_reg ; pll|altpll_component|auto_generated|pll1|clk[0] ; pll|altpll_component|auto_generated|pll1|clk[1] ; 3.692        ; 0.061      ; 2.425      ;
; 1.337 ; Multiplicador:MULTIPLICADOR|ACC:acumulador|Saidas[24] ; datamemory:Data_Memory|altsyncram:altsyncram_component|altsyncram_28i1:auto_generated|ram_block1a18~porta_we_reg ; pll|altpll_component|auto_generated|pll1|clk[0] ; pll|altpll_component|auto_generated|pll1|clk[1] ; 3.692        ; 0.061      ; 2.424      ;
; 1.345 ; Multiplicador:MULTIPLICADOR|ACC:acumulador|Saidas[27] ; datamemory:Data_Memory|altsyncram:altsyncram_component|altsyncram_28i1:auto_generated|ram_block1a27~porta_we_reg ; pll|altpll_component|auto_generated|pll1|clk[0] ; pll|altpll_component|auto_generated|pll1|clk[1] ; 3.692        ; 0.059      ; 2.414      ;
; 1.346 ; Multiplicador:MULTIPLICADOR|ACC:acumulador|Saidas[24] ; datamemory:Data_Memory|altsyncram:altsyncram_component|altsyncram_28i1:auto_generated|ram_block1a27~porta_we_reg ; pll|altpll_component|auto_generated|pll1|clk[0] ; pll|altpll_component|auto_generated|pll1|clk[1] ; 3.692        ; 0.059      ; 2.413      ;
; 1.355 ; Multiplicador:MULTIPLICADOR|ACC:acumulador|Saidas[30] ; datamemory:Data_Memory|altsyncram:altsyncram_component|altsyncram_28i1:auto_generated|ram_block1a18~porta_we_reg ; pll|altpll_component|auto_generated|pll1|clk[0] ; pll|altpll_component|auto_generated|pll1|clk[1] ; 3.692        ; 0.061      ; 2.406      ;
; 1.358 ; Multiplicador:MULTIPLICADOR|ACC:acumulador|Saidas[20] ; datamemory:Data_Memory|altsyncram:altsyncram_component|altsyncram_28i1:auto_generated|ram_block1a18~porta_we_reg ; pll|altpll_component|auto_generated|pll1|clk[0] ; pll|altpll_component|auto_generated|pll1|clk[1] ; 3.692        ; 0.060      ; 2.402      ;
; 1.361 ; Multiplicador:MULTIPLICADOR|ACC:acumulador|Saidas[22] ; datamemory:Data_Memory|altsyncram:altsyncram_component|altsyncram_28i1:auto_generated|ram_block1a18~porta_we_reg ; pll|altpll_component|auto_generated|pll1|clk[0] ; pll|altpll_component|auto_generated|pll1|clk[1] ; 3.692        ; 0.060      ; 2.399      ;
; 1.362 ; Multiplicador:MULTIPLICADOR|ACC:acumulador|Saidas[21] ; datamemory:Data_Memory|altsyncram:altsyncram_component|altsyncram_28i1:auto_generated|ram_block1a18~porta_we_reg ; pll|altpll_component|auto_generated|pll1|clk[0] ; pll|altpll_component|auto_generated|pll1|clk[1] ; 3.692        ; 0.060      ; 2.398      ;
; 1.364 ; Multiplicador:MULTIPLICADOR|ACC:acumulador|Saidas[30] ; datamemory:Data_Memory|altsyncram:altsyncram_component|altsyncram_28i1:auto_generated|ram_block1a27~porta_we_reg ; pll|altpll_component|auto_generated|pll1|clk[0] ; pll|altpll_component|auto_generated|pll1|clk[1] ; 3.692        ; 0.059      ; 2.395      ;
; 1.367 ; Multiplicador:MULTIPLICADOR|ACC:acumulador|Saidas[20] ; datamemory:Data_Memory|altsyncram:altsyncram_component|altsyncram_28i1:auto_generated|ram_block1a27~porta_we_reg ; pll|altpll_component|auto_generated|pll1|clk[0] ; pll|altpll_component|auto_generated|pll1|clk[1] ; 3.692        ; 0.058      ; 2.391      ;
; 1.367 ; Multiplicador:MULTIPLICADOR|ACC:acumulador|Saidas[25] ; datamemory:Data_Memory|altsyncram:altsyncram_component|altsyncram_28i1:auto_generated|ram_block1a0~porta_we_reg  ; pll|altpll_component|auto_generated|pll1|clk[0] ; pll|altpll_component|auto_generated|pll1|clk[1] ; 3.692        ; 0.064      ; 2.397      ;
; 1.370 ; Multiplicador:MULTIPLICADOR|ACC:acumulador|Saidas[22] ; datamemory:Data_Memory|altsyncram:altsyncram_component|altsyncram_28i1:auto_generated|ram_block1a27~porta_we_reg ; pll|altpll_component|auto_generated|pll1|clk[0] ; pll|altpll_component|auto_generated|pll1|clk[1] ; 3.692        ; 0.058      ; 2.388      ;
; 1.371 ; Multiplicador:MULTIPLICADOR|ACC:acumulador|Saidas[21] ; datamemory:Data_Memory|altsyncram:altsyncram_component|altsyncram_28i1:auto_generated|ram_block1a27~porta_we_reg ; pll|altpll_component|auto_generated|pll1|clk[0] ; pll|altpll_component|auto_generated|pll1|clk[1] ; 3.692        ; 0.058      ; 2.387      ;
; 1.380 ; Multiplicador:MULTIPLICADOR|ACC:acumulador|Saidas[23] ; datamemory:Data_Memory|altsyncram:altsyncram_component|altsyncram_28i1:auto_generated|ram_block1a9~porta_we_reg  ; pll|altpll_component|auto_generated|pll1|clk[0] ; pll|altpll_component|auto_generated|pll1|clk[1] ; 3.692        ; 0.061      ; 2.381      ;
; 1.383 ; Multiplicador:MULTIPLICADOR|ACC:acumulador|Saidas[7]  ; datamemory:Data_Memory|altsyncram:altsyncram_component|altsyncram_28i1:auto_generated|ram_block1a9~porta_we_reg  ; pll|altpll_component|auto_generated|pll1|clk[0] ; pll|altpll_component|auto_generated|pll1|clk[1] ; 3.692        ; 0.067      ; 2.384      ;
; 1.397 ; Multiplicador:MULTIPLICADOR|ACC:acumulador|Saidas[16] ; datamemory:Data_Memory|altsyncram:altsyncram_component|altsyncram_28i1:auto_generated|ram_block1a18~porta_we_reg ; pll|altpll_component|auto_generated|pll1|clk[0] ; pll|altpll_component|auto_generated|pll1|clk[1] ; 3.692        ; 0.059      ; 2.362      ;
; 1.402 ; Multiplicador:MULTIPLICADOR|ACC:acumulador|Saidas[26] ; datamemory:Data_Memory|altsyncram:altsyncram_component|altsyncram_28i1:auto_generated|ram_block1a9~porta_we_reg  ; pll|altpll_component|auto_generated|pll1|clk[0] ; pll|altpll_component|auto_generated|pll1|clk[1] ; 3.692        ; 0.063      ; 2.361      ;
; 1.406 ; Multiplicador:MULTIPLICADOR|ACC:acumulador|Saidas[16] ; datamemory:Data_Memory|altsyncram:altsyncram_component|altsyncram_28i1:auto_generated|ram_block1a27~porta_we_reg ; pll|altpll_component|auto_generated|pll1|clk[0] ; pll|altpll_component|auto_generated|pll1|clk[1] ; 3.692        ; 0.057      ; 2.351      ;
; 1.408 ; Multiplicador:MULTIPLICADOR|ACC:acumulador|Saidas[14] ; datamemory:Data_Memory|altsyncram:altsyncram_component|altsyncram_28i1:auto_generated|ram_block1a9~porta_we_reg  ; pll|altpll_component|auto_generated|pll1|clk[0] ; pll|altpll_component|auto_generated|pll1|clk[1] ; 3.692        ; 0.065      ; 2.357      ;
; 1.411 ; Multiplicador:MULTIPLICADOR|ACC:acumulador|Saidas[28] ; datamemory:Data_Memory|altsyncram:altsyncram_component|altsyncram_28i1:auto_generated|ram_block1a18~porta_we_reg ; pll|altpll_component|auto_generated|pll1|clk[0] ; pll|altpll_component|auto_generated|pll1|clk[1] ; 3.692        ; 0.061      ; 2.350      ;
; 1.420 ; Multiplicador:MULTIPLICADOR|ACC:acumulador|Saidas[28] ; datamemory:Data_Memory|altsyncram:altsyncram_component|altsyncram_28i1:auto_generated|ram_block1a27~porta_we_reg ; pll|altpll_component|auto_generated|pll1|clk[0] ; pll|altpll_component|auto_generated|pll1|clk[1] ; 3.692        ; 0.059      ; 2.339      ;
; 1.426 ; Multiplicador:MULTIPLICADOR|ACC:acumulador|Saidas[23] ; datamemory:Data_Memory|altsyncram:altsyncram_component|altsyncram_28i1:auto_generated|ram_block1a0~porta_we_reg  ; pll|altpll_component|auto_generated|pll1|clk[0] ; pll|altpll_component|auto_generated|pll1|clk[1] ; 3.692        ; 0.062      ; 2.336      ;
; 1.429 ; Multiplicador:MULTIPLICADOR|ACC:acumulador|Saidas[7]  ; datamemory:Data_Memory|altsyncram:altsyncram_component|altsyncram_28i1:auto_generated|ram_block1a0~porta_we_reg  ; pll|altpll_component|auto_generated|pll1|clk[0] ; pll|altpll_component|auto_generated|pll1|clk[1] ; 3.692        ; 0.068      ; 2.339      ;
; 1.430 ; Multiplicador:MULTIPLICADOR|ACC:acumulador|Saidas[19] ; datamemory:Data_Memory|altsyncram:altsyncram_component|altsyncram_28i1:auto_generated|ram_block1a18~porta_we_reg ; pll|altpll_component|auto_generated|pll1|clk[0] ; pll|altpll_component|auto_generated|pll1|clk[1] ; 3.692        ; 0.060      ; 2.330      ;
; 1.431 ; Multiplicador:MULTIPLICADOR|ACC:acumulador|Saidas[29] ; datamemory:Data_Memory|altsyncram:altsyncram_component|altsyncram_28i1:auto_generated|ram_block1a9~porta_we_reg  ; pll|altpll_component|auto_generated|pll1|clk[0] ; pll|altpll_component|auto_generated|pll1|clk[1] ; 3.692        ; 0.061      ; 2.330      ;
; 1.432 ; Multiplicador:MULTIPLICADOR|ACC:acumulador|Saidas[15] ; datamemory:Data_Memory|altsyncram:altsyncram_component|altsyncram_28i1:auto_generated|ram_block1a18~porta_we_reg ; pll|altpll_component|auto_generated|pll1|clk[0] ; pll|altpll_component|auto_generated|pll1|clk[1] ; 3.692        ; 0.064      ; 2.332      ;
; 1.435 ; Multiplicador:MULTIPLICADOR|ACC:acumulador|Saidas[31] ; datamemory:Data_Memory|altsyncram:altsyncram_component|altsyncram_28i1:auto_generated|ram_block1a18~porta_we_reg ; pll|altpll_component|auto_generated|pll1|clk[0] ; pll|altpll_component|auto_generated|pll1|clk[1] ; 3.692        ; 0.061      ; 2.326      ;
; 1.439 ; Multiplicador:MULTIPLICADOR|ACC:acumulador|Saidas[19] ; datamemory:Data_Memory|altsyncram:altsyncram_component|altsyncram_28i1:auto_generated|ram_block1a27~porta_we_reg ; pll|altpll_component|auto_generated|pll1|clk[0] ; pll|altpll_component|auto_generated|pll1|clk[1] ; 3.692        ; 0.058      ; 2.319      ;
; 1.441 ; Multiplicador:MULTIPLICADOR|ACC:acumulador|Saidas[15] ; datamemory:Data_Memory|altsyncram:altsyncram_component|altsyncram_28i1:auto_generated|ram_block1a27~porta_we_reg ; pll|altpll_component|auto_generated|pll1|clk[0] ; pll|altpll_component|auto_generated|pll1|clk[1] ; 3.692        ; 0.062      ; 2.321      ;
; 1.444 ; Multiplicador:MULTIPLICADOR|ACC:acumulador|Saidas[31] ; datamemory:Data_Memory|altsyncram:altsyncram_component|altsyncram_28i1:auto_generated|ram_block1a27~porta_we_reg ; pll|altpll_component|auto_generated|pll1|clk[0] ; pll|altpll_component|auto_generated|pll1|clk[1] ; 3.692        ; 0.059      ; 2.315      ;
; 1.448 ; Multiplicador:MULTIPLICADOR|ACC:acumulador|Saidas[26] ; datamemory:Data_Memory|altsyncram:altsyncram_component|altsyncram_28i1:auto_generated|ram_block1a0~porta_we_reg  ; pll|altpll_component|auto_generated|pll1|clk[0] ; pll|altpll_component|auto_generated|pll1|clk[1] ; 3.692        ; 0.064      ; 2.316      ;
; 1.454 ; Multiplicador:MULTIPLICADOR|ACC:acumulador|Saidas[14] ; datamemory:Data_Memory|altsyncram:altsyncram_component|altsyncram_28i1:auto_generated|ram_block1a0~porta_we_reg  ; pll|altpll_component|auto_generated|pll1|clk[0] ; pll|altpll_component|auto_generated|pll1|clk[1] ; 3.692        ; 0.066      ; 2.312      ;
; 1.465 ; Multiplicador:MULTIPLICADOR|ACC:acumulador|Saidas[9]  ; datamemory:Data_Memory|altsyncram:altsyncram_component|altsyncram_28i1:auto_generated|ram_block1a9~porta_we_reg  ; pll|altpll_component|auto_generated|pll1|clk[0] ; pll|altpll_component|auto_generated|pll1|clk[1] ; 3.692        ; 0.067      ; 2.302      ;
; 1.468 ; Multiplicador:MULTIPLICADOR|ACC:acumulador|Saidas[13] ; datamemory:Data_Memory|altsyncram:altsyncram_component|altsyncram_28i1:auto_generated|ram_block1a18~porta_we_reg ; pll|altpll_component|auto_generated|pll1|clk[0] ; pll|altpll_component|auto_generated|pll1|clk[1] ; 3.692        ; 0.066      ; 2.298      ;
; 1.476 ; Multiplicador:MULTIPLICADOR|ACC:acumulador|Saidas[27] ; datamemory:Data_Memory|altsyncram:altsyncram_component|altsyncram_28i1:auto_generated|ram_block1a9~porta_we_reg  ; pll|altpll_component|auto_generated|pll1|clk[0] ; pll|altpll_component|auto_generated|pll1|clk[1] ; 3.692        ; 0.062      ; 2.286      ;
; 1.477 ; Multiplicador:MULTIPLICADOR|ACC:acumulador|Saidas[13] ; datamemory:Data_Memory|altsyncram:altsyncram_component|altsyncram_28i1:auto_generated|ram_block1a27~porta_we_reg ; pll|altpll_component|auto_generated|pll1|clk[0] ; pll|altpll_component|auto_generated|pll1|clk[1] ; 3.692        ; 0.064      ; 2.287      ;
; 1.477 ; Multiplicador:MULTIPLICADOR|ACC:acumulador|Saidas[24] ; datamemory:Data_Memory|altsyncram:altsyncram_component|altsyncram_28i1:auto_generated|ram_block1a9~porta_we_reg  ; pll|altpll_component|auto_generated|pll1|clk[0] ; pll|altpll_component|auto_generated|pll1|clk[1] ; 3.692        ; 0.062      ; 2.285      ;
; 1.477 ; Multiplicador:MULTIPLICADOR|ACC:acumulador|Saidas[29] ; datamemory:Data_Memory|altsyncram:altsyncram_component|altsyncram_28i1:auto_generated|ram_block1a0~porta_we_reg  ; pll|altpll_component|auto_generated|pll1|clk[0] ; pll|altpll_component|auto_generated|pll1|clk[1] ; 3.692        ; 0.062      ; 2.285      ;
; 1.483 ; Multiplicador:MULTIPLICADOR|ACC:acumulador|Saidas[18] ; datamemory:Data_Memory|altsyncram:altsyncram_component|altsyncram_28i1:auto_generated|ram_block1a18~porta_we_reg ; pll|altpll_component|auto_generated|pll1|clk[0] ; pll|altpll_component|auto_generated|pll1|clk[1] ; 3.692        ; 0.060      ; 2.277      ;
; 1.492 ; Multiplicador:MULTIPLICADOR|ACC:acumulador|Saidas[18] ; datamemory:Data_Memory|altsyncram:altsyncram_component|altsyncram_28i1:auto_generated|ram_block1a27~porta_we_reg ; pll|altpll_component|auto_generated|pll1|clk[0] ; pll|altpll_component|auto_generated|pll1|clk[1] ; 3.692        ; 0.058      ; 2.266      ;
; 1.495 ; Multiplicador:MULTIPLICADOR|ACC:acumulador|Saidas[30] ; datamemory:Data_Memory|altsyncram:altsyncram_component|altsyncram_28i1:auto_generated|ram_block1a9~porta_we_reg  ; pll|altpll_component|auto_generated|pll1|clk[0] ; pll|altpll_component|auto_generated|pll1|clk[1] ; 3.692        ; 0.062      ; 2.267      ;
; 1.498 ; Multiplicador:MULTIPLICADOR|ACC:acumulador|Saidas[20] ; datamemory:Data_Memory|altsyncram:altsyncram_component|altsyncram_28i1:auto_generated|ram_block1a9~porta_we_reg  ; pll|altpll_component|auto_generated|pll1|clk[0] ; pll|altpll_component|auto_generated|pll1|clk[1] ; 3.692        ; 0.061      ; 2.263      ;
; 1.501 ; Multiplicador:MULTIPLICADOR|ACC:acumulador|Saidas[22] ; datamemory:Data_Memory|altsyncram:altsyncram_component|altsyncram_28i1:auto_generated|ram_block1a9~porta_we_reg  ; pll|altpll_component|auto_generated|pll1|clk[0] ; pll|altpll_component|auto_generated|pll1|clk[1] ; 3.692        ; 0.061      ; 2.260      ;
; 1.502 ; Multiplicador:MULTIPLICADOR|ACC:acumulador|Saidas[21] ; datamemory:Data_Memory|altsyncram:altsyncram_component|altsyncram_28i1:auto_generated|ram_block1a9~porta_we_reg  ; pll|altpll_component|auto_generated|pll1|clk[0] ; pll|altpll_component|auto_generated|pll1|clk[1] ; 3.692        ; 0.061      ; 2.259      ;
; 1.511 ; Multiplicador:MULTIPLICADOR|ACC:acumulador|Saidas[17] ; datamemory:Data_Memory|altsyncram:altsyncram_component|altsyncram_28i1:auto_generated|ram_block1a18~porta_we_reg ; pll|altpll_component|auto_generated|pll1|clk[0] ; pll|altpll_component|auto_generated|pll1|clk[1] ; 3.692        ; 0.060      ; 2.249      ;
; 1.511 ; Multiplicador:MULTIPLICADOR|ACC:acumulador|Saidas[9]  ; datamemory:Data_Memory|altsyncram:altsyncram_component|altsyncram_28i1:auto_generated|ram_block1a0~porta_we_reg  ; pll|altpll_component|auto_generated|pll1|clk[0] ; pll|altpll_component|auto_generated|pll1|clk[1] ; 3.692        ; 0.068      ; 2.257      ;
; 1.520 ; Multiplicador:MULTIPLICADOR|ACC:acumulador|Saidas[17] ; datamemory:Data_Memory|altsyncram:altsyncram_component|altsyncram_28i1:auto_generated|ram_block1a27~porta_we_reg ; pll|altpll_component|auto_generated|pll1|clk[0] ; pll|altpll_component|auto_generated|pll1|clk[1] ; 3.692        ; 0.058      ; 2.238      ;
; 1.522 ; Multiplicador:MULTIPLICADOR|ACC:acumulador|Saidas[27] ; datamemory:Data_Memory|altsyncram:altsyncram_component|altsyncram_28i1:auto_generated|ram_block1a0~porta_we_reg  ; pll|altpll_component|auto_generated|pll1|clk[0] ; pll|altpll_component|auto_generated|pll1|clk[1] ; 3.692        ; 0.063      ; 2.241      ;
; 1.523 ; Multiplicador:MULTIPLICADOR|ACC:acumulador|Saidas[24] ; datamemory:Data_Memory|altsyncram:altsyncram_component|altsyncram_28i1:auto_generated|ram_block1a0~porta_we_reg  ; pll|altpll_component|auto_generated|pll1|clk[0] ; pll|altpll_component|auto_generated|pll1|clk[1] ; 3.692        ; 0.063      ; 2.240      ;
; 1.537 ; Multiplicador:MULTIPLICADOR|ACC:acumulador|Saidas[16] ; datamemory:Data_Memory|altsyncram:altsyncram_component|altsyncram_28i1:auto_generated|ram_block1a9~porta_we_reg  ; pll|altpll_component|auto_generated|pll1|clk[0] ; pll|altpll_component|auto_generated|pll1|clk[1] ; 3.692        ; 0.060      ; 2.223      ;
; 1.541 ; Multiplicador:MULTIPLICADOR|ACC:acumulador|Saidas[30] ; datamemory:Data_Memory|altsyncram:altsyncram_component|altsyncram_28i1:auto_generated|ram_block1a0~porta_we_reg  ; pll|altpll_component|auto_generated|pll1|clk[0] ; pll|altpll_component|auto_generated|pll1|clk[1] ; 3.692        ; 0.063      ; 2.222      ;
; 1.544 ; Multiplicador:MULTIPLICADOR|ACC:acumulador|Saidas[20] ; datamemory:Data_Memory|altsyncram:altsyncram_component|altsyncram_28i1:auto_generated|ram_block1a0~porta_we_reg  ; pll|altpll_component|auto_generated|pll1|clk[0] ; pll|altpll_component|auto_generated|pll1|clk[1] ; 3.692        ; 0.062      ; 2.218      ;
; 1.547 ; Multiplicador:MULTIPLICADOR|ACC:acumulador|Saidas[22] ; datamemory:Data_Memory|altsyncram:altsyncram_component|altsyncram_28i1:auto_generated|ram_block1a0~porta_we_reg  ; pll|altpll_component|auto_generated|pll1|clk[0] ; pll|altpll_component|auto_generated|pll1|clk[1] ; 3.692        ; 0.062      ; 2.215      ;
; 1.548 ; Multiplicador:MULTIPLICADOR|ACC:acumulador|Saidas[21] ; datamemory:Data_Memory|altsyncram:altsyncram_component|altsyncram_28i1:auto_generated|ram_block1a0~porta_we_reg  ; pll|altpll_component|auto_generated|pll1|clk[0] ; pll|altpll_component|auto_generated|pll1|clk[1] ; 3.692        ; 0.062      ; 2.214      ;
; 1.551 ; Multiplicador:MULTIPLICADOR|ACC:acumulador|Saidas[28] ; datamemory:Data_Memory|altsyncram:altsyncram_component|altsyncram_28i1:auto_generated|ram_block1a9~porta_we_reg  ; pll|altpll_component|auto_generated|pll1|clk[0] ; pll|altpll_component|auto_generated|pll1|clk[1] ; 3.692        ; 0.062      ; 2.211      ;
; 1.570 ; Multiplicador:MULTIPLICADOR|ACC:acumulador|Saidas[19] ; datamemory:Data_Memory|altsyncram:altsyncram_component|altsyncram_28i1:auto_generated|ram_block1a9~porta_we_reg  ; pll|altpll_component|auto_generated|pll1|clk[0] ; pll|altpll_component|auto_generated|pll1|clk[1] ; 3.692        ; 0.061      ; 2.191      ;
; 1.572 ; Multiplicador:MULTIPLICADOR|ACC:acumulador|Saidas[15] ; datamemory:Data_Memory|altsyncram:altsyncram_component|altsyncram_28i1:auto_generated|ram_block1a9~porta_we_reg  ; pll|altpll_component|auto_generated|pll1|clk[0] ; pll|altpll_component|auto_generated|pll1|clk[1] ; 3.692        ; 0.065      ; 2.193      ;
; 1.575 ; Multiplicador:MULTIPLICADOR|ACC:acumulador|Saidas[31] ; datamemory:Data_Memory|altsyncram:altsyncram_component|altsyncram_28i1:auto_generated|ram_block1a9~porta_we_reg  ; pll|altpll_component|auto_generated|pll1|clk[0] ; pll|altpll_component|auto_generated|pll1|clk[1] ; 3.692        ; 0.062      ; 2.187      ;
; 1.583 ; Multiplicador:MULTIPLICADOR|ACC:acumulador|Saidas[16] ; datamemory:Data_Memory|altsyncram:altsyncram_component|altsyncram_28i1:auto_generated|ram_block1a0~porta_we_reg  ; pll|altpll_component|auto_generated|pll1|clk[0] ; pll|altpll_component|auto_generated|pll1|clk[1] ; 3.692        ; 0.061      ; 2.178      ;
; 1.597 ; Multiplicador:MULTIPLICADOR|ACC:acumulador|Saidas[28] ; datamemory:Data_Memory|altsyncram:altsyncram_component|altsyncram_28i1:auto_generated|ram_block1a0~porta_we_reg  ; pll|altpll_component|auto_generated|pll1|clk[0] ; pll|altpll_component|auto_generated|pll1|clk[1] ; 3.692        ; 0.063      ; 2.166      ;
; 1.608 ; Multiplicador:MULTIPLICADOR|ACC:acumulador|Saidas[13] ; datamemory:Data_Memory|altsyncram:altsyncram_component|altsyncram_28i1:auto_generated|ram_block1a9~porta_we_reg  ; pll|altpll_component|auto_generated|pll1|clk[0] ; pll|altpll_component|auto_generated|pll1|clk[1] ; 3.692        ; 0.067      ; 2.159      ;
; 1.609 ; Multiplicador:MULTIPLICADOR|ACC:acumulador|Saidas[10] ; datamemory:Data_Memory|altsyncram:altsyncram_component|altsyncram_28i1:auto_generated|ram_block1a18~porta_we_reg ; pll|altpll_component|auto_generated|pll1|clk[0] ; pll|altpll_component|auto_generated|pll1|clk[1] ; 3.692        ; 0.063      ; 2.154      ;
; 1.616 ; Multiplicador:MULTIPLICADOR|ACC:acumulador|Saidas[19] ; datamemory:Data_Memory|altsyncram:altsyncram_component|altsyncram_28i1:auto_generated|ram_block1a0~porta_we_reg  ; pll|altpll_component|auto_generated|pll1|clk[0] ; pll|altpll_component|auto_generated|pll1|clk[1] ; 3.692        ; 0.062      ; 2.146      ;
; 1.618 ; Multiplicador:MULTIPLICADOR|ACC:acumulador|Saidas[10] ; datamemory:Data_Memory|altsyncram:altsyncram_component|altsyncram_28i1:auto_generated|ram_block1a27~porta_we_reg ; pll|altpll_component|auto_generated|pll1|clk[0] ; pll|altpll_component|auto_generated|pll1|clk[1] ; 3.692        ; 0.061      ; 2.143      ;
; 1.618 ; Multiplicador:MULTIPLICADOR|ACC:acumulador|Saidas[15] ; datamemory:Data_Memory|altsyncram:altsyncram_component|altsyncram_28i1:auto_generated|ram_block1a0~porta_we_reg  ; pll|altpll_component|auto_generated|pll1|clk[0] ; pll|altpll_component|auto_generated|pll1|clk[1] ; 3.692        ; 0.066      ; 2.148      ;
; 1.621 ; Multiplicador:MULTIPLICADOR|ACC:acumulador|Saidas[31] ; datamemory:Data_Memory|altsyncram:altsyncram_component|altsyncram_28i1:auto_generated|ram_block1a0~porta_we_reg  ; pll|altpll_component|auto_generated|pll1|clk[0] ; pll|altpll_component|auto_generated|pll1|clk[1] ; 3.692        ; 0.063      ; 2.142      ;
; 1.623 ; Multiplicador:MULTIPLICADOR|ACC:acumulador|Saidas[18] ; datamemory:Data_Memory|altsyncram:altsyncram_component|altsyncram_28i1:auto_generated|ram_block1a9~porta_we_reg  ; pll|altpll_component|auto_generated|pll1|clk[0] ; pll|altpll_component|auto_generated|pll1|clk[1] ; 3.692        ; 0.061      ; 2.138      ;
; 1.631 ; Multiplicador:MULTIPLICADOR|ACC:acumulador|Saidas[11] ; datamemory:Data_Memory|altsyncram:altsyncram_component|altsyncram_28i1:auto_generated|ram_block1a18~porta_we_reg ; pll|altpll_component|auto_generated|pll1|clk[0] ; pll|altpll_component|auto_generated|pll1|clk[1] ; 3.692        ; 0.064      ; 2.133      ;
; 1.640 ; Multiplicador:MULTIPLICADOR|ACC:acumulador|Saidas[11] ; datamemory:Data_Memory|altsyncram:altsyncram_component|altsyncram_28i1:auto_generated|ram_block1a27~porta_we_reg ; pll|altpll_component|auto_generated|pll1|clk[0] ; pll|altpll_component|auto_generated|pll1|clk[1] ; 3.692        ; 0.062      ; 2.122      ;
; 1.651 ; Multiplicador:MULTIPLICADOR|ACC:acumulador|Saidas[17] ; datamemory:Data_Memory|altsyncram:altsyncram_component|altsyncram_28i1:auto_generated|ram_block1a9~porta_we_reg  ; pll|altpll_component|auto_generated|pll1|clk[0] ; pll|altpll_component|auto_generated|pll1|clk[1] ; 3.692        ; 0.061      ; 2.110      ;
; 1.652 ; Multiplicador:MULTIPLICADOR|ACC:acumulador|Saidas[12] ; datamemory:Data_Memory|altsyncram:altsyncram_component|altsyncram_28i1:auto_generated|ram_block1a18~porta_we_reg ; pll|altpll_component|auto_generated|pll1|clk[0] ; pll|altpll_component|auto_generated|pll1|clk[1] ; 3.692        ; 0.064      ; 2.112      ;
; 1.654 ; Multiplicador:MULTIPLICADOR|ACC:acumulador|Saidas[13] ; datamemory:Data_Memory|altsyncram:altsyncram_component|altsyncram_28i1:auto_generated|ram_block1a0~porta_we_reg  ; pll|altpll_component|auto_generated|pll1|clk[0] ; pll|altpll_component|auto_generated|pll1|clk[1] ; 3.692        ; 0.068      ; 2.114      ;
; 1.661 ; Multiplicador:MULTIPLICADOR|ACC:acumulador|Saidas[12] ; datamemory:Data_Memory|altsyncram:altsyncram_component|altsyncram_28i1:auto_generated|ram_block1a27~porta_we_reg ; pll|altpll_component|auto_generated|pll1|clk[0] ; pll|altpll_component|auto_generated|pll1|clk[1] ; 3.692        ; 0.062      ; 2.101      ;
; 1.669 ; Multiplicador:MULTIPLICADOR|ACC:acumulador|Saidas[18] ; datamemory:Data_Memory|altsyncram:altsyncram_component|altsyncram_28i1:auto_generated|ram_block1a0~porta_we_reg  ; pll|altpll_component|auto_generated|pll1|clk[0] ; pll|altpll_component|auto_generated|pll1|clk[1] ; 3.692        ; 0.062      ; 2.093      ;
; 1.695 ; Multiplicador:MULTIPLICADOR|ACC:acumulador|Saidas[8]  ; register:CTRL3|out[25]                                                                                           ; pll|altpll_component|auto_generated|pll1|clk[0] ; pll|altpll_component|auto_generated|pll1|clk[1] ; 3.692        ; -0.102     ; 1.883      ;
; 1.697 ; Multiplicador:MULTIPLICADOR|ACC:acumulador|Saidas[17] ; datamemory:Data_Memory|altsyncram:altsyncram_component|altsyncram_28i1:auto_generated|ram_block1a0~porta_we_reg  ; pll|altpll_component|auto_generated|pll1|clk[0] ; pll|altpll_component|auto_generated|pll1|clk[1] ; 3.692        ; 0.062      ; 2.065      ;
; 1.731 ; Multiplicador:MULTIPLICADOR|ACC:acumulador|Saidas[25] ; register:CTRL3|out[25]                                                                                           ; pll|altpll_component|auto_generated|pll1|clk[0] ; pll|altpll_component|auto_generated|pll1|clk[1] ; 3.692        ; -0.106     ; 1.843      ;
; 1.749 ; Multiplicador:MULTIPLICADOR|ACC:acumulador|Saidas[10] ; datamemory:Data_Memory|altsyncram:altsyncram_component|altsyncram_28i1:auto_generated|ram_block1a9~porta_we_reg  ; pll|altpll_component|auto_generated|pll1|clk[0] ; pll|altpll_component|auto_generated|pll1|clk[1] ; 3.692        ; 0.064      ; 2.015      ;
; 1.771 ; Multiplicador:MULTIPLICADOR|ACC:acumulador|Saidas[11] ; datamemory:Data_Memory|altsyncram:altsyncram_component|altsyncram_28i1:auto_generated|ram_block1a9~porta_we_reg  ; pll|altpll_component|auto_generated|pll1|clk[0] ; pll|altpll_component|auto_generated|pll1|clk[1] ; 3.692        ; 0.065      ; 1.994      ;
; 1.790 ; Multiplicador:MULTIPLICADOR|ACC:acumulador|Saidas[23] ; register:CTRL3|out[25]                                                                                           ; pll|altpll_component|auto_generated|pll1|clk[0] ; pll|altpll_component|auto_generated|pll1|clk[1] ; 3.692        ; -0.108     ; 1.782      ;
; 1.792 ; Multiplicador:MULTIPLICADOR|ACC:acumulador|Saidas[12] ; datamemory:Data_Memory|altsyncram:altsyncram_component|altsyncram_28i1:auto_generated|ram_block1a9~porta_we_reg  ; pll|altpll_component|auto_generated|pll1|clk[0] ; pll|altpll_component|auto_generated|pll1|clk[1] ; 3.692        ; 0.065      ; 1.973      ;
+-------+-------------------------------------------------------+------------------------------------------------------------------------------------------------------------------+-------------------------------------------------+-------------------------------------------------+--------------+------------+------------+


+--------------------------------------------------------------------------------------------------------------------------------------------------------------------------------------------------------------------------------------------------------------------+
; Fast 1200mV -40C Model Setup: 'pll|altpll_component|auto_generated|pll1|clk[0]'                                                                                                                                                                                    ;
+-------+-------------------------------------------------------+-------------------------------------------------------+-------------------------------------------------+-------------------------------------------------+--------------+------------+------------+
; Slack ; From Node                                             ; To Node                                               ; Launch Clock                                    ; Latch Clock                                     ; Relationship ; Clock Skew ; Data Delay ;
+-------+-------------------------------------------------------+-------------------------------------------------------+-------------------------------------------------+-------------------------------------------------+--------------+------------+------------+
; 1.914 ; registerfile:Register_File|outB[1]                    ; Multiplicador:MULTIPLICADOR|ACC:acumulador|Saidas[29] ; pll|altpll_component|auto_generated|pll1|clk[1] ; pll|altpll_component|auto_generated|pll1|clk[0] ; 3.676        ; -0.110     ; 1.640      ;
; 1.929 ; registerfile:Register_File|outB[1]                    ; Multiplicador:MULTIPLICADOR|ACC:acumulador|Saidas[31] ; pll|altpll_component|auto_generated|pll1|clk[1] ; pll|altpll_component|auto_generated|pll1|clk[0] ; 3.676        ; -0.111     ; 1.624      ;
; 1.962 ; register:CTRL1|out[5]                                 ; Multiplicador:MULTIPLICADOR|ACC:acumulador|Saidas[29] ; pll|altpll_component|auto_generated|pll1|clk[1] ; pll|altpll_component|auto_generated|pll1|clk[0] ; 3.676        ; -0.099     ; 1.603      ;
; 1.962 ; register:CTRL1|out[5]                                 ; Multiplicador:MULTIPLICADOR|ACC:acumulador|Saidas[17] ; pll|altpll_component|auto_generated|pll1|clk[1] ; pll|altpll_component|auto_generated|pll1|clk[0] ; 3.676        ; -0.099     ; 1.603      ;
; 1.963 ; registerfile:Register_File|outB[3]                    ; Multiplicador:MULTIPLICADOR|ACC:acumulador|Saidas[29] ; pll|altpll_component|auto_generated|pll1|clk[1] ; pll|altpll_component|auto_generated|pll1|clk[0] ; 3.676        ; -0.110     ; 1.591      ;
; 1.968 ; registerfile:Register_File|outB[2]                    ; Multiplicador:MULTIPLICADOR|ACC:acumulador|Saidas[29] ; pll|altpll_component|auto_generated|pll1|clk[1] ; pll|altpll_component|auto_generated|pll1|clk[0] ; 3.676        ; -0.108     ; 1.588      ;
; 1.976 ; Multiplicador:MULTIPLICADOR|ACC:acumulador|Saidas[17] ; Multiplicador:MULTIPLICADOR|ACC:acumulador|Saidas[29] ; pll|altpll_component|auto_generated|pll1|clk[0] ; pll|altpll_component|auto_generated|pll1|clk[0] ; 3.676        ; -0.047     ; 1.641      ;
; 1.976 ; registerfile:Register_File|outB[0]                    ; Multiplicador:MULTIPLICADOR|ACC:acumulador|Saidas[29] ; pll|altpll_component|auto_generated|pll1|clk[1] ; pll|altpll_component|auto_generated|pll1|clk[0] ; 3.676        ; -0.109     ; 1.579      ;
; 1.978 ; registerfile:Register_File|outB[3]                    ; Multiplicador:MULTIPLICADOR|ACC:acumulador|Saidas[31] ; pll|altpll_component|auto_generated|pll1|clk[1] ; pll|altpll_component|auto_generated|pll1|clk[0] ; 3.676        ; -0.111     ; 1.575      ;
; 1.983 ; register:CTRL1|out[5]                                 ; Multiplicador:MULTIPLICADOR|ACC:acumulador|Saidas[24] ; pll|altpll_component|auto_generated|pll1|clk[1] ; pll|altpll_component|auto_generated|pll1|clk[0] ; 3.676        ; -0.100     ; 1.581      ;
; 1.983 ; register:CTRL1|out[5]                                 ; Multiplicador:MULTIPLICADOR|ACC:acumulador|Saidas[27] ; pll|altpll_component|auto_generated|pll1|clk[1] ; pll|altpll_component|auto_generated|pll1|clk[0] ; 3.676        ; -0.100     ; 1.581      ;
; 1.983 ; register:CTRL1|out[5]                                 ; Multiplicador:MULTIPLICADOR|ACC:acumulador|Saidas[30] ; pll|altpll_component|auto_generated|pll1|clk[1] ; pll|altpll_component|auto_generated|pll1|clk[0] ; 3.676        ; -0.100     ; 1.581      ;
; 1.983 ; register:CTRL1|out[5]                                 ; Multiplicador:MULTIPLICADOR|ACC:acumulador|Saidas[31] ; pll|altpll_component|auto_generated|pll1|clk[1] ; pll|altpll_component|auto_generated|pll1|clk[0] ; 3.676        ; -0.100     ; 1.581      ;
; 1.983 ; register:CTRL1|out[5]                                 ; Multiplicador:MULTIPLICADOR|ACC:acumulador|Saidas[28] ; pll|altpll_component|auto_generated|pll1|clk[1] ; pll|altpll_component|auto_generated|pll1|clk[0] ; 3.676        ; -0.100     ; 1.581      ;
; 1.983 ; registerfile:Register_File|outB[2]                    ; Multiplicador:MULTIPLICADOR|ACC:acumulador|Saidas[31] ; pll|altpll_component|auto_generated|pll1|clk[1] ; pll|altpll_component|auto_generated|pll1|clk[0] ; 3.676        ; -0.109     ; 1.572      ;
; 1.991 ; Multiplicador:MULTIPLICADOR|ACC:acumulador|Saidas[17] ; Multiplicador:MULTIPLICADOR|ACC:acumulador|Saidas[31] ; pll|altpll_component|auto_generated|pll1|clk[0] ; pll|altpll_component|auto_generated|pll1|clk[0] ; 3.676        ; -0.048     ; 1.625      ;
; 1.991 ; registerfile:Register_File|outB[0]                    ; Multiplicador:MULTIPLICADOR|ACC:acumulador|Saidas[31] ; pll|altpll_component|auto_generated|pll1|clk[1] ; pll|altpll_component|auto_generated|pll1|clk[0] ; 3.676        ; -0.110     ; 1.563      ;
; 1.997 ; register:CTRL1|out[5]                                 ; Multiplicador:MULTIPLICADOR|ACC:acumulador|Saidas[26] ; pll|altpll_component|auto_generated|pll1|clk[1] ; pll|altpll_component|auto_generated|pll1|clk[0] ; 3.676        ; -0.100     ; 1.567      ;
; 1.997 ; register:CTRL1|out[5]                                 ; Multiplicador:MULTIPLICADOR|ACC:acumulador|Saidas[25] ; pll|altpll_component|auto_generated|pll1|clk[1] ; pll|altpll_component|auto_generated|pll1|clk[0] ; 3.676        ; -0.100     ; 1.567      ;
; 1.998 ; registerfile:Register_File|outB[1]                    ; Multiplicador:MULTIPLICADOR|ACC:acumulador|Saidas[28] ; pll|altpll_component|auto_generated|pll1|clk[1] ; pll|altpll_component|auto_generated|pll1|clk[0] ; 3.676        ; -0.111     ; 1.555      ;
; 1.999 ; registerfile:Register_File|outB[1]                    ; Multiplicador:MULTIPLICADOR|ACC:acumulador|Saidas[26] ; pll|altpll_component|auto_generated|pll1|clk[1] ; pll|altpll_component|auto_generated|pll1|clk[0] ; 3.676        ; -0.111     ; 1.554      ;
; 2.006 ; registerfile:Register_File|outB[1]                    ; Multiplicador:MULTIPLICADOR|ACC:acumulador|Saidas[30] ; pll|altpll_component|auto_generated|pll1|clk[1] ; pll|altpll_component|auto_generated|pll1|clk[0] ; 3.676        ; -0.111     ; 1.547      ;
; 2.028 ; registerfile:Register_File|outB[5]                    ; Multiplicador:MULTIPLICADOR|ACC:acumulador|Saidas[29] ; pll|altpll_component|auto_generated|pll1|clk[1] ; pll|altpll_component|auto_generated|pll1|clk[0] ; 3.676        ; -0.109     ; 1.527      ;
; 2.029 ; registerfile:Register_File|outB[4]                    ; Multiplicador:MULTIPLICADOR|ACC:acumulador|Saidas[29] ; pll|altpll_component|auto_generated|pll1|clk[1] ; pll|altpll_component|auto_generated|pll1|clk[0] ; 3.676        ; -0.110     ; 1.525      ;
; 2.043 ; registerfile:Register_File|outB[5]                    ; Multiplicador:MULTIPLICADOR|ACC:acumulador|Saidas[31] ; pll|altpll_component|auto_generated|pll1|clk[1] ; pll|altpll_component|auto_generated|pll1|clk[0] ; 3.676        ; -0.110     ; 1.511      ;
; 2.044 ; registerfile:Register_File|outB[4]                    ; Multiplicador:MULTIPLICADOR|ACC:acumulador|Saidas[31] ; pll|altpll_component|auto_generated|pll1|clk[1] ; pll|altpll_component|auto_generated|pll1|clk[0] ; 3.676        ; -0.111     ; 1.509      ;
; 2.047 ; registerfile:Register_File|outB[3]                    ; Multiplicador:MULTIPLICADOR|ACC:acumulador|Saidas[28] ; pll|altpll_component|auto_generated|pll1|clk[1] ; pll|altpll_component|auto_generated|pll1|clk[0] ; 3.676        ; -0.111     ; 1.506      ;
; 2.048 ; registerfile:Register_File|outB[3]                    ; Multiplicador:MULTIPLICADOR|ACC:acumulador|Saidas[26] ; pll|altpll_component|auto_generated|pll1|clk[1] ; pll|altpll_component|auto_generated|pll1|clk[0] ; 3.676        ; -0.111     ; 1.505      ;
; 2.055 ; registerfile:Register_File|outB[3]                    ; Multiplicador:MULTIPLICADOR|ACC:acumulador|Saidas[30] ; pll|altpll_component|auto_generated|pll1|clk[1] ; pll|altpll_component|auto_generated|pll1|clk[0] ; 3.676        ; -0.111     ; 1.498      ;
; 2.060 ; Multiplicador:MULTIPLICADOR|ACC:acumulador|Saidas[17] ; Multiplicador:MULTIPLICADOR|ACC:acumulador|Saidas[28] ; pll|altpll_component|auto_generated|pll1|clk[0] ; pll|altpll_component|auto_generated|pll1|clk[0] ; 3.676        ; -0.048     ; 1.556      ;
; 2.061 ; Multiplicador:MULTIPLICADOR|ACC:acumulador|Saidas[17] ; Multiplicador:MULTIPLICADOR|ACC:acumulador|Saidas[26] ; pll|altpll_component|auto_generated|pll1|clk[0] ; pll|altpll_component|auto_generated|pll1|clk[0] ; 3.676        ; -0.048     ; 1.555      ;
; 2.068 ; Multiplicador:MULTIPLICADOR|ACC:acumulador|Saidas[17] ; Multiplicador:MULTIPLICADOR|ACC:acumulador|Saidas[30] ; pll|altpll_component|auto_generated|pll1|clk[0] ; pll|altpll_component|auto_generated|pll1|clk[0] ; 3.676        ; -0.048     ; 1.548      ;
; 2.088 ; Multiplicador:MULTIPLICADOR|CONTROL:controle|state.S0 ; Multiplicador:MULTIPLICADOR|ACC:acumulador|Saidas[29] ; pll|altpll_component|auto_generated|pll1|clk[0] ; pll|altpll_component|auto_generated|pll1|clk[0] ; 3.676        ; -0.037     ; 1.539      ;
; 2.088 ; Multiplicador:MULTIPLICADOR|CONTROL:controle|state.S0 ; Multiplicador:MULTIPLICADOR|ACC:acumulador|Saidas[17] ; pll|altpll_component|auto_generated|pll1|clk[0] ; pll|altpll_component|auto_generated|pll1|clk[0] ; 3.676        ; -0.037     ; 1.539      ;
; 2.093 ; registerfile:Register_File|outB[2]                    ; Multiplicador:MULTIPLICADOR|ACC:acumulador|Saidas[28] ; pll|altpll_component|auto_generated|pll1|clk[1] ; pll|altpll_component|auto_generated|pll1|clk[0] ; 3.676        ; -0.109     ; 1.462      ;
; 2.094 ; registerfile:Register_File|outB[2]                    ; Multiplicador:MULTIPLICADOR|ACC:acumulador|Saidas[26] ; pll|altpll_component|auto_generated|pll1|clk[1] ; pll|altpll_component|auto_generated|pll1|clk[0] ; 3.676        ; -0.109     ; 1.461      ;
; 2.095 ; registerfile:Register_File|outB[6]                    ; Multiplicador:MULTIPLICADOR|ACC:acumulador|Saidas[29] ; pll|altpll_component|auto_generated|pll1|clk[1] ; pll|altpll_component|auto_generated|pll1|clk[0] ; 3.676        ; -0.110     ; 1.459      ;
; 2.101 ; registerfile:Register_File|outB[7]                    ; Multiplicador:MULTIPLICADOR|ACC:acumulador|Saidas[29] ; pll|altpll_component|auto_generated|pll1|clk[1] ; pll|altpll_component|auto_generated|pll1|clk[0] ; 3.676        ; -0.110     ; 1.453      ;
; 2.101 ; registerfile:Register_File|outB[2]                    ; Multiplicador:MULTIPLICADOR|ACC:acumulador|Saidas[30] ; pll|altpll_component|auto_generated|pll1|clk[1] ; pll|altpll_component|auto_generated|pll1|clk[0] ; 3.676        ; -0.109     ; 1.454      ;
; 2.102 ; Multiplicador:MULTIPLICADOR|CONTROL:controle|state.S2 ; Multiplicador:MULTIPLICADOR|ACC:acumulador|Saidas[29] ; pll|altpll_component|auto_generated|pll1|clk[0] ; pll|altpll_component|auto_generated|pll1|clk[0] ; 3.676        ; -0.037     ; 1.525      ;
; 2.102 ; Multiplicador:MULTIPLICADOR|CONTROL:controle|state.S2 ; Multiplicador:MULTIPLICADOR|ACC:acumulador|Saidas[17] ; pll|altpll_component|auto_generated|pll1|clk[0] ; pll|altpll_component|auto_generated|pll1|clk[0] ; 3.676        ; -0.037     ; 1.525      ;
; 2.109 ; Multiplicador:MULTIPLICADOR|CONTROL:controle|state.S0 ; Multiplicador:MULTIPLICADOR|ACC:acumulador|Saidas[27] ; pll|altpll_component|auto_generated|pll1|clk[0] ; pll|altpll_component|auto_generated|pll1|clk[0] ; 3.676        ; -0.038     ; 1.517      ;
; 2.109 ; Multiplicador:MULTIPLICADOR|CONTROL:controle|state.S0 ; Multiplicador:MULTIPLICADOR|ACC:acumulador|Saidas[30] ; pll|altpll_component|auto_generated|pll1|clk[0] ; pll|altpll_component|auto_generated|pll1|clk[0] ; 3.676        ; -0.038     ; 1.517      ;
; 2.109 ; Multiplicador:MULTIPLICADOR|CONTROL:controle|state.S0 ; Multiplicador:MULTIPLICADOR|ACC:acumulador|Saidas[31] ; pll|altpll_component|auto_generated|pll1|clk[0] ; pll|altpll_component|auto_generated|pll1|clk[0] ; 3.676        ; -0.038     ; 1.517      ;
; 2.109 ; Multiplicador:MULTIPLICADOR|CONTROL:controle|state.S0 ; Multiplicador:MULTIPLICADOR|ACC:acumulador|Saidas[28] ; pll|altpll_component|auto_generated|pll1|clk[0] ; pll|altpll_component|auto_generated|pll1|clk[0] ; 3.676        ; -0.038     ; 1.517      ;
; 2.109 ; Multiplicador:MULTIPLICADOR|CONTROL:controle|state.S0 ; Multiplicador:MULTIPLICADOR|ACC:acumulador|Saidas[24] ; pll|altpll_component|auto_generated|pll1|clk[0] ; pll|altpll_component|auto_generated|pll1|clk[0] ; 3.676        ; -0.038     ; 1.517      ;
; 2.109 ; registerfile:Register_File|outB[0]                    ; Multiplicador:MULTIPLICADOR|ACC:acumulador|Saidas[28] ; pll|altpll_component|auto_generated|pll1|clk[1] ; pll|altpll_component|auto_generated|pll1|clk[0] ; 3.676        ; -0.110     ; 1.445      ;
; 2.110 ; registerfile:Register_File|outB[6]                    ; Multiplicador:MULTIPLICADOR|ACC:acumulador|Saidas[31] ; pll|altpll_component|auto_generated|pll1|clk[1] ; pll|altpll_component|auto_generated|pll1|clk[0] ; 3.676        ; -0.111     ; 1.443      ;
; 2.110 ; registerfile:Register_File|outB[0]                    ; Multiplicador:MULTIPLICADOR|ACC:acumulador|Saidas[26] ; pll|altpll_component|auto_generated|pll1|clk[1] ; pll|altpll_component|auto_generated|pll1|clk[0] ; 3.676        ; -0.110     ; 1.444      ;
; 2.111 ; registerfile:Register_File|outB[11]                   ; Multiplicador:MULTIPLICADOR|ACC:acumulador|Saidas[29] ; pll|altpll_component|auto_generated|pll1|clk[1] ; pll|altpll_component|auto_generated|pll1|clk[0] ; 3.676        ; -0.106     ; 1.447      ;
; 2.112 ; registerfile:Register_File|outB[5]                    ; Multiplicador:MULTIPLICADOR|ACC:acumulador|Saidas[28] ; pll|altpll_component|auto_generated|pll1|clk[1] ; pll|altpll_component|auto_generated|pll1|clk[0] ; 3.676        ; -0.110     ; 1.442      ;
; 2.113 ; registerfile:Register_File|outB[5]                    ; Multiplicador:MULTIPLICADOR|ACC:acumulador|Saidas[26] ; pll|altpll_component|auto_generated|pll1|clk[1] ; pll|altpll_component|auto_generated|pll1|clk[0] ; 3.676        ; -0.110     ; 1.441      ;
; 2.115 ; registerfile:Register_File|outB[1]                    ; Multiplicador:MULTIPLICADOR|ACC:acumulador|Saidas[32] ; pll|altpll_component|auto_generated|pll1|clk[1] ; pll|altpll_component|auto_generated|pll1|clk[0] ; 3.676        ; 0.062      ; 1.611      ;
; 2.116 ; registerfile:Register_File|outB[7]                    ; Multiplicador:MULTIPLICADOR|ACC:acumulador|Saidas[31] ; pll|altpll_component|auto_generated|pll1|clk[1] ; pll|altpll_component|auto_generated|pll1|clk[0] ; 3.676        ; -0.111     ; 1.437      ;
; 2.117 ; registerfile:Register_File|outB[0]                    ; Multiplicador:MULTIPLICADOR|ACC:acumulador|Saidas[30] ; pll|altpll_component|auto_generated|pll1|clk[1] ; pll|altpll_component|auto_generated|pll1|clk[0] ; 3.676        ; -0.110     ; 1.437      ;
; 2.118 ; registerfile:Register_File|outB[1]                    ; Multiplicador:MULTIPLICADOR|ACC:acumulador|Saidas[25] ; pll|altpll_component|auto_generated|pll1|clk[1] ; pll|altpll_component|auto_generated|pll1|clk[0] ; 3.676        ; -0.111     ; 1.435      ;
; 2.120 ; registerfile:Register_File|outB[5]                    ; Multiplicador:MULTIPLICADOR|ACC:acumulador|Saidas[30] ; pll|altpll_component|auto_generated|pll1|clk[1] ; pll|altpll_component|auto_generated|pll1|clk[0] ; 3.676        ; -0.110     ; 1.434      ;
; 2.123 ; Multiplicador:MULTIPLICADOR|CONTROL:controle|state.S0 ; Multiplicador:MULTIPLICADOR|ACC:acumulador|Saidas[26] ; pll|altpll_component|auto_generated|pll1|clk[0] ; pll|altpll_component|auto_generated|pll1|clk[0] ; 3.676        ; -0.038     ; 1.503      ;
; 2.123 ; Multiplicador:MULTIPLICADOR|CONTROL:controle|state.S0 ; Multiplicador:MULTIPLICADOR|ACC:acumulador|Saidas[25] ; pll|altpll_component|auto_generated|pll1|clk[0] ; pll|altpll_component|auto_generated|pll1|clk[0] ; 3.676        ; -0.038     ; 1.503      ;
; 2.123 ; Multiplicador:MULTIPLICADOR|CONTROL:controle|state.S2 ; Multiplicador:MULTIPLICADOR|ACC:acumulador|Saidas[27] ; pll|altpll_component|auto_generated|pll1|clk[0] ; pll|altpll_component|auto_generated|pll1|clk[0] ; 3.676        ; -0.038     ; 1.503      ;
; 2.123 ; Multiplicador:MULTIPLICADOR|CONTROL:controle|state.S2 ; Multiplicador:MULTIPLICADOR|ACC:acumulador|Saidas[30] ; pll|altpll_component|auto_generated|pll1|clk[0] ; pll|altpll_component|auto_generated|pll1|clk[0] ; 3.676        ; -0.038     ; 1.503      ;
; 2.123 ; Multiplicador:MULTIPLICADOR|CONTROL:controle|state.S2 ; Multiplicador:MULTIPLICADOR|ACC:acumulador|Saidas[31] ; pll|altpll_component|auto_generated|pll1|clk[0] ; pll|altpll_component|auto_generated|pll1|clk[0] ; 3.676        ; -0.038     ; 1.503      ;
; 2.123 ; Multiplicador:MULTIPLICADOR|CONTROL:controle|state.S2 ; Multiplicador:MULTIPLICADOR|ACC:acumulador|Saidas[28] ; pll|altpll_component|auto_generated|pll1|clk[0] ; pll|altpll_component|auto_generated|pll1|clk[0] ; 3.676        ; -0.038     ; 1.503      ;
; 2.123 ; Multiplicador:MULTIPLICADOR|CONTROL:controle|state.S2 ; Multiplicador:MULTIPLICADOR|ACC:acumulador|Saidas[24] ; pll|altpll_component|auto_generated|pll1|clk[0] ; pll|altpll_component|auto_generated|pll1|clk[0] ; 3.676        ; -0.038     ; 1.503      ;
; 2.123 ; register:CTRL1|out[5]                                 ; Multiplicador:MULTIPLICADOR|ACC:acumulador|Saidas[16] ; pll|altpll_component|auto_generated|pll1|clk[1] ; pll|altpll_component|auto_generated|pll1|clk[0] ; 3.676        ; -0.098     ; 1.443      ;
; 2.126 ; registerfile:Register_File|outB[11]                   ; Multiplicador:MULTIPLICADOR|ACC:acumulador|Saidas[31] ; pll|altpll_component|auto_generated|pll1|clk[1] ; pll|altpll_component|auto_generated|pll1|clk[0] ; 3.676        ; -0.107     ; 1.431      ;
; 2.128 ; registerfile:Register_File|outB[1]                    ; Multiplicador:MULTIPLICADOR|ACC:acumulador|Saidas[27] ; pll|altpll_component|auto_generated|pll1|clk[1] ; pll|altpll_component|auto_generated|pll1|clk[0] ; 3.676        ; -0.111     ; 1.425      ;
; 2.132 ; registerfile:Register_File|outB[12]                   ; Multiplicador:MULTIPLICADOR|ACC:acumulador|Saidas[29] ; pll|altpll_component|auto_generated|pll1|clk[1] ; pll|altpll_component|auto_generated|pll1|clk[0] ; 3.676        ; -0.105     ; 1.427      ;
; 2.137 ; Multiplicador:MULTIPLICADOR|CONTROL:controle|state.S2 ; Multiplicador:MULTIPLICADOR|ACC:acumulador|Saidas[26] ; pll|altpll_component|auto_generated|pll1|clk[0] ; pll|altpll_component|auto_generated|pll1|clk[0] ; 3.676        ; -0.038     ; 1.489      ;
; 2.137 ; Multiplicador:MULTIPLICADOR|CONTROL:controle|state.S2 ; Multiplicador:MULTIPLICADOR|ACC:acumulador|Saidas[25] ; pll|altpll_component|auto_generated|pll1|clk[0] ; pll|altpll_component|auto_generated|pll1|clk[0] ; 3.676        ; -0.038     ; 1.489      ;
; 2.138 ; Multiplicador:MULTIPLICADOR|ACC:acumulador|Saidas[0]  ; Multiplicador:MULTIPLICADOR|ACC:acumulador|Saidas[29] ; pll|altpll_component|auto_generated|pll1|clk[0] ; pll|altpll_component|auto_generated|pll1|clk[0] ; 3.676        ; -0.039     ; 1.487      ;
; 2.138 ; Multiplicador:MULTIPLICADOR|ACC:acumulador|Saidas[0]  ; Multiplicador:MULTIPLICADOR|ACC:acumulador|Saidas[17] ; pll|altpll_component|auto_generated|pll1|clk[0] ; pll|altpll_component|auto_generated|pll1|clk[0] ; 3.676        ; -0.039     ; 1.487      ;
; 2.139 ; registerfile:Register_File|outB[13]                   ; Multiplicador:MULTIPLICADOR|ACC:acumulador|Saidas[31] ; pll|altpll_component|auto_generated|pll1|clk[1] ; pll|altpll_component|auto_generated|pll1|clk[0] ; 3.676        ; -0.106     ; 1.419      ;
; 2.140 ; Multiplicador:MULTIPLICADOR|ACC:acumulador|Saidas[16] ; Multiplicador:MULTIPLICADOR|ACC:acumulador|Saidas[29] ; pll|altpll_component|auto_generated|pll1|clk[0] ; pll|altpll_component|auto_generated|pll1|clk[0] ; 3.676        ; -0.048     ; 1.476      ;
; 2.143 ; register:CTRL1|out[5]                                 ; Multiplicador:MULTIPLICADOR|ACC:acumulador|Saidas[23] ; pll|altpll_component|auto_generated|pll1|clk[1] ; pll|altpll_component|auto_generated|pll1|clk[0] ; 3.676        ; -0.099     ; 1.422      ;
; 2.143 ; register:CTRL1|out[5]                                 ; Multiplicador:MULTIPLICADOR|ACC:acumulador|Saidas[22] ; pll|altpll_component|auto_generated|pll1|clk[1] ; pll|altpll_component|auto_generated|pll1|clk[0] ; 3.676        ; -0.099     ; 1.422      ;
; 2.143 ; register:CTRL1|out[5]                                 ; Multiplicador:MULTIPLICADOR|ACC:acumulador|Saidas[21] ; pll|altpll_component|auto_generated|pll1|clk[1] ; pll|altpll_component|auto_generated|pll1|clk[0] ; 3.676        ; -0.099     ; 1.422      ;
; 2.143 ; register:CTRL1|out[5]                                 ; Multiplicador:MULTIPLICADOR|ACC:acumulador|Saidas[19] ; pll|altpll_component|auto_generated|pll1|clk[1] ; pll|altpll_component|auto_generated|pll1|clk[0] ; 3.676        ; -0.099     ; 1.422      ;
; 2.143 ; register:CTRL1|out[5]                                 ; Multiplicador:MULTIPLICADOR|ACC:acumulador|Saidas[20] ; pll|altpll_component|auto_generated|pll1|clk[1] ; pll|altpll_component|auto_generated|pll1|clk[0] ; 3.676        ; -0.099     ; 1.422      ;
; 2.143 ; register:CTRL1|out[5]                                 ; Multiplicador:MULTIPLICADOR|ACC:acumulador|Saidas[18] ; pll|altpll_component|auto_generated|pll1|clk[1] ; pll|altpll_component|auto_generated|pll1|clk[0] ; 3.676        ; -0.099     ; 1.422      ;
; 2.145 ; register:CTRL1|out[5]                                 ; Multiplicador:MULTIPLICADOR|ACC:acumulador|Saidas[10] ; pll|altpll_component|auto_generated|pll1|clk[1] ; pll|altpll_component|auto_generated|pll1|clk[0] ; 3.676        ; -0.101     ; 1.418      ;
; 2.147 ; registerfile:Register_File|outB[12]                   ; Multiplicador:MULTIPLICADOR|ACC:acumulador|Saidas[31] ; pll|altpll_component|auto_generated|pll1|clk[1] ; pll|altpll_component|auto_generated|pll1|clk[0] ; 3.676        ; -0.106     ; 1.411      ;
; 2.154 ; registerfile:Register_File|outB[4]                    ; Multiplicador:MULTIPLICADOR|ACC:acumulador|Saidas[28] ; pll|altpll_component|auto_generated|pll1|clk[1] ; pll|altpll_component|auto_generated|pll1|clk[0] ; 3.676        ; -0.111     ; 1.399      ;
; 2.155 ; Multiplicador:MULTIPLICADOR|ACC:acumulador|Saidas[16] ; Multiplicador:MULTIPLICADOR|ACC:acumulador|Saidas[31] ; pll|altpll_component|auto_generated|pll1|clk[0] ; pll|altpll_component|auto_generated|pll1|clk[0] ; 3.676        ; -0.049     ; 1.460      ;
; 2.155 ; registerfile:Register_File|outB[4]                    ; Multiplicador:MULTIPLICADOR|ACC:acumulador|Saidas[26] ; pll|altpll_component|auto_generated|pll1|clk[1] ; pll|altpll_component|auto_generated|pll1|clk[0] ; 3.676        ; -0.111     ; 1.398      ;
; 2.159 ; Multiplicador:MULTIPLICADOR|ACC:acumulador|Saidas[0]  ; Multiplicador:MULTIPLICADOR|ACC:acumulador|Saidas[27] ; pll|altpll_component|auto_generated|pll1|clk[0] ; pll|altpll_component|auto_generated|pll1|clk[0] ; 3.676        ; -0.040     ; 1.465      ;
; 2.159 ; Multiplicador:MULTIPLICADOR|ACC:acumulador|Saidas[0]  ; Multiplicador:MULTIPLICADOR|ACC:acumulador|Saidas[30] ; pll|altpll_component|auto_generated|pll1|clk[0] ; pll|altpll_component|auto_generated|pll1|clk[0] ; 3.676        ; -0.040     ; 1.465      ;
; 2.159 ; Multiplicador:MULTIPLICADOR|ACC:acumulador|Saidas[0]  ; Multiplicador:MULTIPLICADOR|ACC:acumulador|Saidas[31] ; pll|altpll_component|auto_generated|pll1|clk[0] ; pll|altpll_component|auto_generated|pll1|clk[0] ; 3.676        ; -0.040     ; 1.465      ;
; 2.159 ; Multiplicador:MULTIPLICADOR|ACC:acumulador|Saidas[0]  ; Multiplicador:MULTIPLICADOR|ACC:acumulador|Saidas[28] ; pll|altpll_component|auto_generated|pll1|clk[0] ; pll|altpll_component|auto_generated|pll1|clk[0] ; 3.676        ; -0.040     ; 1.465      ;
; 2.159 ; Multiplicador:MULTIPLICADOR|ACC:acumulador|Saidas[0]  ; Multiplicador:MULTIPLICADOR|ACC:acumulador|Saidas[24] ; pll|altpll_component|auto_generated|pll1|clk[0] ; pll|altpll_component|auto_generated|pll1|clk[0] ; 3.676        ; -0.040     ; 1.465      ;
; 2.162 ; registerfile:Register_File|outB[9]                    ; Multiplicador:MULTIPLICADOR|ACC:acumulador|Saidas[29] ; pll|altpll_component|auto_generated|pll1|clk[1] ; pll|altpll_component|auto_generated|pll1|clk[0] ; 3.676        ; -0.109     ; 1.393      ;
; 2.162 ; registerfile:Register_File|outB[4]                    ; Multiplicador:MULTIPLICADOR|ACC:acumulador|Saidas[30] ; pll|altpll_component|auto_generated|pll1|clk[1] ; pll|altpll_component|auto_generated|pll1|clk[0] ; 3.676        ; -0.111     ; 1.391      ;
; 2.164 ; registerfile:Register_File|outB[3]                    ; Multiplicador:MULTIPLICADOR|ACC:acumulador|Saidas[32] ; pll|altpll_component|auto_generated|pll1|clk[1] ; pll|altpll_component|auto_generated|pll1|clk[0] ; 3.676        ; 0.062      ; 1.562      ;
; 2.166 ; registerfile:Register_File|outB[1]                    ; Multiplicador:MULTIPLICADOR|ACC:acumulador|Saidas[20] ; pll|altpll_component|auto_generated|pll1|clk[1] ; pll|altpll_component|auto_generated|pll1|clk[0] ; 3.676        ; -0.110     ; 1.388      ;
; 2.166 ; registerfile:Register_File|outB[8]                    ; Multiplicador:MULTIPLICADOR|ACC:acumulador|Saidas[29] ; pll|altpll_component|auto_generated|pll1|clk[1] ; pll|altpll_component|auto_generated|pll1|clk[0] ; 3.676        ; -0.107     ; 1.391      ;
; 2.167 ; registerfile:Register_File|outB[3]                    ; Multiplicador:MULTIPLICADOR|ACC:acumulador|Saidas[25] ; pll|altpll_component|auto_generated|pll1|clk[1] ; pll|altpll_component|auto_generated|pll1|clk[0] ; 3.676        ; -0.111     ; 1.386      ;
; 2.172 ; registerfile:Register_File|outB[2]                    ; Multiplicador:MULTIPLICADOR|ACC:acumulador|Saidas[25] ; pll|altpll_component|auto_generated|pll1|clk[1] ; pll|altpll_component|auto_generated|pll1|clk[0] ; 3.676        ; -0.109     ; 1.383      ;
; 2.173 ; Multiplicador:MULTIPLICADOR|ACC:acumulador|Saidas[0]  ; Multiplicador:MULTIPLICADOR|ACC:acumulador|Saidas[26] ; pll|altpll_component|auto_generated|pll1|clk[0] ; pll|altpll_component|auto_generated|pll1|clk[0] ; 3.676        ; -0.040     ; 1.451      ;
; 2.173 ; Multiplicador:MULTIPLICADOR|ACC:acumulador|Saidas[0]  ; Multiplicador:MULTIPLICADOR|ACC:acumulador|Saidas[25] ; pll|altpll_component|auto_generated|pll1|clk[0] ; pll|altpll_component|auto_generated|pll1|clk[0] ; 3.676        ; -0.040     ; 1.451      ;
; 2.176 ; register:CTRL1|out[5]                                 ; Multiplicador:MULTIPLICADOR|ACC:acumulador|Saidas[15] ; pll|altpll_component|auto_generated|pll1|clk[1] ; pll|altpll_component|auto_generated|pll1|clk[0] ; 3.676        ; -0.102     ; 1.386      ;
+-------+-------------------------------------------------------+-------------------------------------------------------+-------------------------------------------------+-------------------------------------------------+--------------+------------+------------+


+------------------------------------------------------------------------------------------------------------------------------------------------------------------------------------------------------------------------------------------------------------------------+
; Fast 1200mV -40C Model Hold: 'pll|altpll_component|auto_generated|pll1|clk[0]'                                                                                                                                                                                         ;
+-------+---------------------------------------------------------+---------------------------------------------------------+-------------------------------------------------+-------------------------------------------------+--------------+------------+------------+
; Slack ; From Node                                               ; To Node                                                 ; Launch Clock                                    ; Latch Clock                                     ; Relationship ; Clock Skew ; Data Delay ;
+-------+---------------------------------------------------------+---------------------------------------------------------+-------------------------------------------------+-------------------------------------------------+--------------+------------+------------+
; 0.160 ; Multiplicador:MULTIPLICADOR|ACC:acumulador|Saidas[32]   ; Multiplicador:MULTIPLICADOR|ACC:acumulador|Saidas[32]   ; pll|altpll_component|auto_generated|pll1|clk[0] ; pll|altpll_component|auto_generated|pll1|clk[0] ; 0.000        ; 0.054      ; 0.296      ;
; 0.168 ; Multiplicador:MULTIPLICADOR|Counter:Contador|K          ; Multiplicador:MULTIPLICADOR|Counter:Contador|K          ; pll|altpll_component|auto_generated|pll1|clk[0] ; pll|altpll_component|auto_generated|pll1|clk[0] ; 0.000        ; 0.046      ; 0.296      ;
; 0.168 ; Multiplicador:MULTIPLICADOR|Counter:Contador|aux_load   ; Multiplicador:MULTIPLICADOR|Counter:Contador|aux_load   ; pll|altpll_component|auto_generated|pll1|clk[0] ; pll|altpll_component|auto_generated|pll1|clk[0] ; 0.000        ; 0.046      ; 0.296      ;
; 0.168 ; Multiplicador:MULTIPLICADOR|CONTROL:controle|state.S0   ; Multiplicador:MULTIPLICADOR|CONTROL:controle|state.S0   ; pll|altpll_component|auto_generated|pll1|clk[0] ; pll|altpll_component|auto_generated|pll1|clk[0] ; 0.000        ; 0.046      ; 0.296      ;
; 0.178 ; Multiplicador:MULTIPLICADOR|ACC:acumulador|Saidas[6]    ; Multiplicador:MULTIPLICADOR|ACC:acumulador|Saidas[5]    ; pll|altpll_component|auto_generated|pll1|clk[0] ; pll|altpll_component|auto_generated|pll1|clk[0] ; 0.000        ; 0.046      ; 0.306      ;
; 0.180 ; Multiplicador:MULTIPLICADOR|CONTROL:controle|state.S3   ; Multiplicador:MULTIPLICADOR|CONTROL:controle|state.S0   ; pll|altpll_component|auto_generated|pll1|clk[0] ; pll|altpll_component|auto_generated|pll1|clk[0] ; 0.000        ; 0.046      ; 0.308      ;
; 0.181 ; Multiplicador:MULTIPLICADOR|Counter:Contador|counter[5] ; Multiplicador:MULTIPLICADOR|Counter:Contador|counter[5] ; pll|altpll_component|auto_generated|pll1|clk[0] ; pll|altpll_component|auto_generated|pll1|clk[0] ; 0.000        ; 0.046      ; 0.309      ;
; 0.203 ; Multiplicador:MULTIPLICADOR|Counter:Contador|counter[1] ; Multiplicador:MULTIPLICADOR|Counter:Contador|counter[0] ; pll|altpll_component|auto_generated|pll1|clk[0] ; pll|altpll_component|auto_generated|pll1|clk[0] ; 0.000        ; 0.046      ; 0.331      ;
; 0.240 ; Multiplicador:MULTIPLICADOR|Counter:Contador|K          ; Multiplicador:MULTIPLICADOR|CONTROL:controle|state.S3   ; pll|altpll_component|auto_generated|pll1|clk[0] ; pll|altpll_component|auto_generated|pll1|clk[0] ; 0.000        ; 0.047      ; 0.369      ;
; 0.242 ; Multiplicador:MULTIPLICADOR|ACC:acumulador|Saidas[8]    ; Multiplicador:MULTIPLICADOR|ACC:acumulador|Saidas[7]    ; pll|altpll_component|auto_generated|pll1|clk[0] ; pll|altpll_component|auto_generated|pll1|clk[0] ; 0.000        ; 0.046      ; 0.370      ;
; 0.243 ; Multiplicador:MULTIPLICADOR|ACC:acumulador|Saidas[15]   ; Multiplicador:MULTIPLICADOR|ACC:acumulador|Saidas[14]   ; pll|altpll_component|auto_generated|pll1|clk[0] ; pll|altpll_component|auto_generated|pll1|clk[0] ; 0.000        ; 0.046      ; 0.371      ;
; 0.244 ; Multiplicador:MULTIPLICADOR|ACC:acumulador|Saidas[31]   ; Multiplicador:MULTIPLICADOR|ACC:acumulador|Saidas[30]   ; pll|altpll_component|auto_generated|pll1|clk[0] ; pll|altpll_component|auto_generated|pll1|clk[0] ; 0.000        ; 0.047      ; 0.373      ;
; 0.244 ; Multiplicador:MULTIPLICADOR|Counter:Contador|K          ; Multiplicador:MULTIPLICADOR|CONTROL:controle|state.S1   ; pll|altpll_component|auto_generated|pll1|clk[0] ; pll|altpll_component|auto_generated|pll1|clk[0] ; 0.000        ; 0.047      ; 0.373      ;
; 0.250 ; Multiplicador:MULTIPLICADOR|ACC:acumulador|Saidas[23]   ; Multiplicador:MULTIPLICADOR|ACC:acumulador|Saidas[22]   ; pll|altpll_component|auto_generated|pll1|clk[0] ; pll|altpll_component|auto_generated|pll1|clk[0] ; 0.000        ; 0.047      ; 0.379      ;
; 0.253 ; Multiplicador:MULTIPLICADOR|CONTROL:controle|state.S2   ; Multiplicador:MULTIPLICADOR|CONTROL:controle|state.S1   ; pll|altpll_component|auto_generated|pll1|clk[0] ; pll|altpll_component|auto_generated|pll1|clk[0] ; 0.000        ; 0.046      ; 0.381      ;
; 0.253 ; Multiplicador:MULTIPLICADOR|CONTROL:controle|state.S2   ; Multiplicador:MULTIPLICADOR|CONTROL:controle|state.S3   ; pll|altpll_component|auto_generated|pll1|clk[0] ; pll|altpll_component|auto_generated|pll1|clk[0] ; 0.000        ; 0.046      ; 0.381      ;
; 0.266 ; Multiplicador:MULTIPLICADOR|CONTROL:controle|state.S1   ; Multiplicador:MULTIPLICADOR|CONTROL:controle|state.S2   ; pll|altpll_component|auto_generated|pll1|clk[0] ; pll|altpll_component|auto_generated|pll1|clk[0] ; 0.000        ; 0.046      ; 0.394      ;
; 0.276 ; Multiplicador:MULTIPLICADOR|ACC:acumulador|Saidas[5]    ; Multiplicador:MULTIPLICADOR|ACC:acumulador|Saidas[4]    ; pll|altpll_component|auto_generated|pll1|clk[0] ; pll|altpll_component|auto_generated|pll1|clk[0] ; 0.000        ; 0.046      ; 0.404      ;
; 0.278 ; Multiplicador:MULTIPLICADOR|ACC:acumulador|Saidas[12]   ; Multiplicador:MULTIPLICADOR|ACC:acumulador|Saidas[11]   ; pll|altpll_component|auto_generated|pll1|clk[0] ; pll|altpll_component|auto_generated|pll1|clk[0] ; 0.000        ; 0.046      ; 0.406      ;
; 0.289 ; Multiplicador:MULTIPLICADOR|ACC:acumulador|Saidas[20]   ; Multiplicador:MULTIPLICADOR|ACC:acumulador|Saidas[19]   ; pll|altpll_component|auto_generated|pll1|clk[0] ; pll|altpll_component|auto_generated|pll1|clk[0] ; 0.000        ; 0.047      ; 0.418      ;
; 0.290 ; Multiplicador:MULTIPLICADOR|ACC:acumulador|Saidas[22]   ; Multiplicador:MULTIPLICADOR|ACC:acumulador|Saidas[21]   ; pll|altpll_component|auto_generated|pll1|clk[0] ; pll|altpll_component|auto_generated|pll1|clk[0] ; 0.000        ; 0.047      ; 0.419      ;
; 0.292 ; Multiplicador:MULTIPLICADOR|ACC:acumulador|Saidas[26]   ; Multiplicador:MULTIPLICADOR|ACC:acumulador|Saidas[25]   ; pll|altpll_component|auto_generated|pll1|clk[0] ; pll|altpll_component|auto_generated|pll1|clk[0] ; 0.000        ; 0.046      ; 0.420      ;
; 0.292 ; Multiplicador:MULTIPLICADOR|Counter:Contador|aux_load   ; Multiplicador:MULTIPLICADOR|Counter:Contador|K          ; pll|altpll_component|auto_generated|pll1|clk[0] ; pll|altpll_component|auto_generated|pll1|clk[0] ; 0.000        ; 0.046      ; 0.420      ;
; 0.299 ; Multiplicador:MULTIPLICADOR|Counter:Contador|counter[1] ; Multiplicador:MULTIPLICADOR|Counter:Contador|aux_load   ; pll|altpll_component|auto_generated|pll1|clk[0] ; pll|altpll_component|auto_generated|pll1|clk[0] ; 0.000        ; 0.046      ; 0.427      ;
; 0.305 ; Multiplicador:MULTIPLICADOR|ACC:acumulador|Saidas[21]   ; Multiplicador:MULTIPLICADOR|ACC:acumulador|Saidas[20]   ; pll|altpll_component|auto_generated|pll1|clk[0] ; pll|altpll_component|auto_generated|pll1|clk[0] ; 0.000        ; 0.047      ; 0.434      ;
; 0.310 ; Multiplicador:MULTIPLICADOR|ACC:acumulador|Saidas[25]   ; Multiplicador:MULTIPLICADOR|ACC:acumulador|Saidas[24]   ; pll|altpll_component|auto_generated|pll1|clk[0] ; pll|altpll_component|auto_generated|pll1|clk[0] ; 0.000        ; 0.047      ; 0.439      ;
; 0.311 ; Multiplicador:MULTIPLICADOR|ACC:acumulador|Saidas[19]   ; Multiplicador:MULTIPLICADOR|ACC:acumulador|Saidas[18]   ; pll|altpll_component|auto_generated|pll1|clk[0] ; pll|altpll_component|auto_generated|pll1|clk[0] ; 0.000        ; 0.047      ; 0.440      ;
; 0.317 ; Multiplicador:MULTIPLICADOR|CONTROL:controle|state.S0   ; Multiplicador:MULTIPLICADOR|CONTROL:controle|state.S1   ; pll|altpll_component|auto_generated|pll1|clk[0] ; pll|altpll_component|auto_generated|pll1|clk[0] ; 0.000        ; 0.046      ; 0.445      ;
; 0.335 ; Multiplicador:MULTIPLICADOR|ACC:acumulador|Saidas[29]   ; Multiplicador:MULTIPLICADOR|ACC:acumulador|Saidas[28]   ; pll|altpll_component|auto_generated|pll1|clk[0] ; pll|altpll_component|auto_generated|pll1|clk[0] ; 0.000        ; 0.046      ; 0.463      ;
; 0.353 ; Multiplicador:MULTIPLICADOR|ACC:acumulador|Saidas[9]    ; Multiplicador:MULTIPLICADOR|ACC:acumulador|Saidas[8]    ; pll|altpll_component|auto_generated|pll1|clk[0] ; pll|altpll_component|auto_generated|pll1|clk[0] ; 0.000        ; 0.046      ; 0.481      ;
; 0.360 ; Multiplicador:MULTIPLICADOR|Counter:Contador|counter[5] ; Multiplicador:MULTIPLICADOR|Counter:Contador|aux_load   ; pll|altpll_component|auto_generated|pll1|clk[0] ; pll|altpll_component|auto_generated|pll1|clk[0] ; 0.000        ; 0.046      ; 0.488      ;
; 0.365 ; Multiplicador:MULTIPLICADOR|CONTROL:controle|state.S0   ; Multiplicador:MULTIPLICADOR|ACC:acumulador|Saidas[4]    ; pll|altpll_component|auto_generated|pll1|clk[0] ; pll|altpll_component|auto_generated|pll1|clk[0] ; 0.000        ; 0.051      ; 0.498      ;
; 0.373 ; Multiplicador:MULTIPLICADOR|ACC:acumulador|Saidas[30]   ; Multiplicador:MULTIPLICADOR|ACC:acumulador|Saidas[29]   ; pll|altpll_component|auto_generated|pll1|clk[0] ; pll|altpll_component|auto_generated|pll1|clk[0] ; 0.000        ; 0.048      ; 0.503      ;
; 0.379 ; register:CTRL1|out[5]                                   ; Multiplicador:MULTIPLICADOR|CONTROL:controle|state.S1   ; pll|altpll_component|auto_generated|pll1|clk[1] ; pll|altpll_component|auto_generated|pll1|clk[0] ; -0.016       ; 0.108      ; 0.573      ;
; 0.392 ; Multiplicador:MULTIPLICADOR|ACC:acumulador|Saidas[4]    ; Multiplicador:MULTIPLICADOR|ACC:acumulador|Saidas[3]    ; pll|altpll_component|auto_generated|pll1|clk[0] ; pll|altpll_component|auto_generated|pll1|clk[0] ; 0.000        ; 0.047      ; 0.521      ;
; 0.395 ; register:CTRL1|out[5]                                   ; Multiplicador:MULTIPLICADOR|CONTROL:controle|state.S0   ; pll|altpll_component|auto_generated|pll1|clk[1] ; pll|altpll_component|auto_generated|pll1|clk[0] ; -0.016       ; 0.108      ; 0.589      ;
; 0.397 ; Multiplicador:MULTIPLICADOR|ACC:acumulador|Saidas[31]   ; Multiplicador:MULTIPLICADOR|ACC:acumulador|Saidas[32]   ; pll|altpll_component|auto_generated|pll1|clk[0] ; pll|altpll_component|auto_generated|pll1|clk[0] ; 0.000        ; 0.227      ; 0.706      ;
; 0.401 ; Multiplicador:MULTIPLICADOR|ACC:acumulador|Saidas[30]   ; Multiplicador:MULTIPLICADOR|ACC:acumulador|Saidas[32]   ; pll|altpll_component|auto_generated|pll1|clk[0] ; pll|altpll_component|auto_generated|pll1|clk[0] ; 0.000        ; 0.227      ; 0.710      ;
; 0.406 ; Multiplicador:MULTIPLICADOR|Counter:Contador|counter[2] ; Multiplicador:MULTIPLICADOR|Counter:Contador|counter[4] ; pll|altpll_component|auto_generated|pll1|clk[0] ; pll|altpll_component|auto_generated|pll1|clk[0] ; 0.000        ; 0.046      ; 0.534      ;
; 0.406 ; Multiplicador:MULTIPLICADOR|Counter:Contador|counter[2] ; Multiplicador:MULTIPLICADOR|Counter:Contador|counter[2] ; pll|altpll_component|auto_generated|pll1|clk[0] ; pll|altpll_component|auto_generated|pll1|clk[0] ; 0.000        ; 0.046      ; 0.534      ;
; 0.410 ; Multiplicador:MULTIPLICADOR|ACC:acumulador|Saidas[32]   ; Multiplicador:MULTIPLICADOR|ACC:acumulador|Saidas[31]   ; pll|altpll_component|auto_generated|pll1|clk[0] ; pll|altpll_component|auto_generated|pll1|clk[0] ; 0.000        ; -0.126     ; 0.366      ;
; 0.411 ; Multiplicador:MULTIPLICADOR|ACC:acumulador|Saidas[28]   ; Multiplicador:MULTIPLICADOR|ACC:acumulador|Saidas[27]   ; pll|altpll_component|auto_generated|pll1|clk[0] ; pll|altpll_component|auto_generated|pll1|clk[0] ; 0.000        ; 0.047      ; 0.540      ;
; 0.417 ; Multiplicador:MULTIPLICADOR|CONTROL:controle|state.S0   ; Multiplicador:MULTIPLICADOR|ACC:acumulador|Saidas[2]    ; pll|altpll_component|auto_generated|pll1|clk[0] ; pll|altpll_component|auto_generated|pll1|clk[0] ; 0.000        ; 0.048      ; 0.547      ;
; 0.418 ; Multiplicador:MULTIPLICADOR|CONTROL:controle|state.S0   ; Multiplicador:MULTIPLICADOR|ACC:acumulador|Saidas[0]    ; pll|altpll_component|auto_generated|pll1|clk[0] ; pll|altpll_component|auto_generated|pll1|clk[0] ; 0.000        ; 0.048      ; 0.548      ;
; 0.426 ; Multiplicador:MULTIPLICADOR|ACC:acumulador|Saidas[30]   ; Multiplicador:MULTIPLICADOR|ACC:acumulador|Saidas[30]   ; pll|altpll_component|auto_generated|pll1|clk[0] ; pll|altpll_component|auto_generated|pll1|clk[0] ; 0.000        ; 0.047      ; 0.555      ;
; 0.427 ; Multiplicador:MULTIPLICADOR|Counter:Contador|counter[4] ; Multiplicador:MULTIPLICADOR|Counter:Contador|counter[4] ; pll|altpll_component|auto_generated|pll1|clk[0] ; pll|altpll_component|auto_generated|pll1|clk[0] ; 0.000        ; 0.046      ; 0.555      ;
; 0.428 ; Multiplicador:MULTIPLICADOR|ACC:acumulador|Saidas[18]   ; Multiplicador:MULTIPLICADOR|ACC:acumulador|Saidas[18]   ; pll|altpll_component|auto_generated|pll1|clk[0] ; pll|altpll_component|auto_generated|pll1|clk[0] ; 0.000        ; 0.047      ; 0.557      ;
; 0.431 ; Multiplicador:MULTIPLICADOR|ACC:acumulador|Saidas[24]   ; Multiplicador:MULTIPLICADOR|ACC:acumulador|Saidas[24]   ; pll|altpll_component|auto_generated|pll1|clk[0] ; pll|altpll_component|auto_generated|pll1|clk[0] ; 0.000        ; 0.047      ; 0.560      ;
; 0.433 ; Multiplicador:MULTIPLICADOR|ACC:acumulador|Saidas[22]   ; Multiplicador:MULTIPLICADOR|ACC:acumulador|Saidas[22]   ; pll|altpll_component|auto_generated|pll1|clk[0] ; pll|altpll_component|auto_generated|pll1|clk[0] ; 0.000        ; 0.047      ; 0.562      ;
; 0.434 ; Multiplicador:MULTIPLICADOR|Counter:Contador|counter[4] ; Multiplicador:MULTIPLICADOR|Counter:Contador|counter[5] ; pll|altpll_component|auto_generated|pll1|clk[0] ; pll|altpll_component|auto_generated|pll1|clk[0] ; 0.000        ; 0.046      ; 0.562      ;
; 0.439 ; Multiplicador:MULTIPLICADOR|ACC:acumulador|Saidas[10]   ; Multiplicador:MULTIPLICADOR|ACC:acumulador|Saidas[9]    ; pll|altpll_component|auto_generated|pll1|clk[0] ; pll|altpll_component|auto_generated|pll1|clk[0] ; 0.000        ; 0.043      ; 0.564      ;
; 0.439 ; Multiplicador:MULTIPLICADOR|ACC:acumulador|Saidas[2]    ; Multiplicador:MULTIPLICADOR|ACC:acumulador|Saidas[1]    ; pll|altpll_component|auto_generated|pll1|clk[0] ; pll|altpll_component|auto_generated|pll1|clk[0] ; 0.000        ; 0.050      ; 0.571      ;
; 0.439 ; Multiplicador:MULTIPLICADOR|ACC:acumulador|Saidas[27]   ; Multiplicador:MULTIPLICADOR|ACC:acumulador|Saidas[27]   ; pll|altpll_component|auto_generated|pll1|clk[0] ; pll|altpll_component|auto_generated|pll1|clk[0] ; 0.000        ; 0.047      ; 0.568      ;
; 0.443 ; register:CTRL1|out[5]                                   ; Multiplicador:MULTIPLICADOR|ACC:acumulador|Saidas[0]    ; pll|altpll_component|auto_generated|pll1|clk[1] ; pll|altpll_component|auto_generated|pll1|clk[0] ; -0.016       ; 0.110      ; 0.639      ;
; 0.455 ; Multiplicador:MULTIPLICADOR|Counter:Contador|counter[2] ; Multiplicador:MULTIPLICADOR|Counter:Contador|counter[3] ; pll|altpll_component|auto_generated|pll1|clk[0] ; pll|altpll_component|auto_generated|pll1|clk[0] ; 0.000        ; 0.046      ; 0.583      ;
; 0.455 ; Multiplicador:MULTIPLICADOR|Counter:Contador|counter[2] ; Multiplicador:MULTIPLICADOR|Counter:Contador|counter[1] ; pll|altpll_component|auto_generated|pll1|clk[0] ; pll|altpll_component|auto_generated|pll1|clk[0] ; 0.000        ; 0.046      ; 0.583      ;
; 0.456 ; Multiplicador:MULTIPLICADOR|ACC:acumulador|Saidas[3]    ; Multiplicador:MULTIPLICADOR|ACC:acumulador|Saidas[2]    ; pll|altpll_component|auto_generated|pll1|clk[0] ; pll|altpll_component|auto_generated|pll1|clk[0] ; 0.000        ; 0.042      ; 0.580      ;
; 0.457 ; register:CTRL1|out[5]                                   ; Multiplicador:MULTIPLICADOR|ACC:acumulador|Saidas[3]    ; pll|altpll_component|auto_generated|pll1|clk[1] ; pll|altpll_component|auto_generated|pll1|clk[0] ; -0.016       ; 0.114      ; 0.657      ;
; 0.462 ; Multiplicador:MULTIPLICADOR|Counter:Contador|counter[2] ; Multiplicador:MULTIPLICADOR|Counter:Contador|K          ; pll|altpll_component|auto_generated|pll1|clk[0] ; pll|altpll_component|auto_generated|pll1|clk[0] ; 0.000        ; 0.046      ; 0.590      ;
; 0.463 ; Multiplicador:MULTIPLICADOR|ACC:acumulador|Saidas[1]    ; Multiplicador:MULTIPLICADOR|ACC:acumulador|Saidas[0]    ; pll|altpll_component|auto_generated|pll1|clk[0] ; pll|altpll_component|auto_generated|pll1|clk[0] ; 0.000        ; 0.042      ; 0.587      ;
; 0.466 ; Multiplicador:MULTIPLICADOR|Counter:Contador|counter[5] ; Multiplicador:MULTIPLICADOR|Counter:Contador|K          ; pll|altpll_component|auto_generated|pll1|clk[0] ; pll|altpll_component|auto_generated|pll1|clk[0] ; 0.000        ; 0.046      ; 0.594      ;
; 0.467 ; Multiplicador:MULTIPLICADOR|ACC:acumulador|Saidas[17]   ; Multiplicador:MULTIPLICADOR|ACC:acumulador|Saidas[16]   ; pll|altpll_component|auto_generated|pll1|clk[0] ; pll|altpll_component|auto_generated|pll1|clk[0] ; 0.000        ; 0.048      ; 0.597      ;
; 0.468 ; Multiplicador:MULTIPLICADOR|ACC:acumulador|Saidas[27]   ; Multiplicador:MULTIPLICADOR|ACC:acumulador|Saidas[26]   ; pll|altpll_component|auto_generated|pll1|clk[0] ; pll|altpll_component|auto_generated|pll1|clk[0] ; 0.000        ; 0.046      ; 0.596      ;
; 0.468 ; Multiplicador:MULTIPLICADOR|Counter:Contador|counter[5] ; Multiplicador:MULTIPLICADOR|Counter:Contador|counter[0] ; pll|altpll_component|auto_generated|pll1|clk[0] ; pll|altpll_component|auto_generated|pll1|clk[0] ; 0.000        ; 0.046      ; 0.596      ;
; 0.468 ; Multiplicador:MULTIPLICADOR|Counter:Contador|counter[4] ; Multiplicador:MULTIPLICADOR|Counter:Contador|aux_load   ; pll|altpll_component|auto_generated|pll1|clk[0] ; pll|altpll_component|auto_generated|pll1|clk[0] ; 0.000        ; 0.046      ; 0.596      ;
; 0.470 ; Multiplicador:MULTIPLICADOR|Counter:Contador|counter[3] ; Multiplicador:MULTIPLICADOR|Counter:Contador|aux_load   ; pll|altpll_component|auto_generated|pll1|clk[0] ; pll|altpll_component|auto_generated|pll1|clk[0] ; 0.000        ; 0.046      ; 0.598      ;
; 0.475 ; Multiplicador:MULTIPLICADOR|CONTROL:controle|state.S0   ; Multiplicador:MULTIPLICADOR|ACC:acumulador|Saidas[6]    ; pll|altpll_component|auto_generated|pll1|clk[0] ; pll|altpll_component|auto_generated|pll1|clk[0] ; 0.000        ; 0.051      ; 0.608      ;
; 0.477 ; Multiplicador:MULTIPLICADOR|CONTROL:controle|state.S0   ; Multiplicador:MULTIPLICADOR|ACC:acumulador|Saidas[5]    ; pll|altpll_component|auto_generated|pll1|clk[0] ; pll|altpll_component|auto_generated|pll1|clk[0] ; 0.000        ; 0.051      ; 0.610      ;
; 0.481 ; Multiplicador:MULTIPLICADOR|ACC:acumulador|Saidas[7]    ; Multiplicador:MULTIPLICADOR|ACC:acumulador|Saidas[6]    ; pll|altpll_component|auto_generated|pll1|clk[0] ; pll|altpll_component|auto_generated|pll1|clk[0] ; 0.000        ; 0.047      ; 0.610      ;
; 0.483 ; Multiplicador:MULTIPLICADOR|ACC:acumulador|Saidas[24]   ; Multiplicador:MULTIPLICADOR|ACC:acumulador|Saidas[23]   ; pll|altpll_component|auto_generated|pll1|clk[0] ; pll|altpll_component|auto_generated|pll1|clk[0] ; 0.000        ; 0.048      ; 0.613      ;
; 0.485 ; Multiplicador:MULTIPLICADOR|Counter:Contador|counter[3] ; Multiplicador:MULTIPLICADOR|Counter:Contador|counter[5] ; pll|altpll_component|auto_generated|pll1|clk[0] ; pll|altpll_component|auto_generated|pll1|clk[0] ; 0.000        ; 0.046      ; 0.613      ;
; 0.486 ; Multiplicador:MULTIPLICADOR|ACC:acumulador|Saidas[19]   ; Multiplicador:MULTIPLICADOR|ACC:acumulador|Saidas[19]   ; pll|altpll_component|auto_generated|pll1|clk[0] ; pll|altpll_component|auto_generated|pll1|clk[0] ; 0.000        ; 0.047      ; 0.615      ;
; 0.487 ; Multiplicador:MULTIPLICADOR|Counter:Contador|counter[3] ; Multiplicador:MULTIPLICADOR|Counter:Contador|counter[3] ; pll|altpll_component|auto_generated|pll1|clk[0] ; pll|altpll_component|auto_generated|pll1|clk[0] ; 0.000        ; 0.046      ; 0.615      ;
; 0.492 ; Multiplicador:MULTIPLICADOR|ACC:acumulador|Saidas[21]   ; Multiplicador:MULTIPLICADOR|ACC:acumulador|Saidas[21]   ; pll|altpll_component|auto_generated|pll1|clk[0] ; pll|altpll_component|auto_generated|pll1|clk[0] ; 0.000        ; 0.047      ; 0.621      ;
; 0.492 ; Multiplicador:MULTIPLICADOR|ACC:acumulador|Saidas[31]   ; Multiplicador:MULTIPLICADOR|ACC:acumulador|Saidas[31]   ; pll|altpll_component|auto_generated|pll1|clk[0] ; pll|altpll_component|auto_generated|pll1|clk[0] ; 0.000        ; 0.047      ; 0.621      ;
; 0.499 ; Multiplicador:MULTIPLICADOR|Counter:Contador|counter[2] ; Multiplicador:MULTIPLICADOR|Counter:Contador|counter[5] ; pll|altpll_component|auto_generated|pll1|clk[0] ; pll|altpll_component|auto_generated|pll1|clk[0] ; 0.000        ; 0.046      ; 0.627      ;
; 0.500 ; Multiplicador:MULTIPLICADOR|Counter:Contador|counter[1] ; Multiplicador:MULTIPLICADOR|Counter:Contador|counter[1] ; pll|altpll_component|auto_generated|pll1|clk[0] ; pll|altpll_component|auto_generated|pll1|clk[0] ; 0.000        ; 0.046      ; 0.628      ;
; 0.504 ; Multiplicador:MULTIPLICADOR|Counter:Contador|counter[4] ; Multiplicador:MULTIPLICADOR|Counter:Contador|counter[2] ; pll|altpll_component|auto_generated|pll1|clk[0] ; pll|altpll_component|auto_generated|pll1|clk[0] ; 0.000        ; 0.046      ; 0.632      ;
; 0.510 ; register:CTRL1|out[5]                                   ; Multiplicador:MULTIPLICADOR|ACC:acumulador|Saidas[4]    ; pll|altpll_component|auto_generated|pll1|clk[1] ; pll|altpll_component|auto_generated|pll1|clk[0] ; -0.016       ; 0.113      ; 0.709      ;
; 0.513 ; register:CTRL1|out[5]                                   ; Multiplicador:MULTIPLICADOR|ACC:acumulador|Saidas[6]    ; pll|altpll_component|auto_generated|pll1|clk[1] ; pll|altpll_component|auto_generated|pll1|clk[0] ; -0.016       ; 0.113      ; 0.712      ;
; 0.515 ; register:CTRL1|out[5]                                   ; Multiplicador:MULTIPLICADOR|ACC:acumulador|Saidas[5]    ; pll|altpll_component|auto_generated|pll1|clk[1] ; pll|altpll_component|auto_generated|pll1|clk[0] ; -0.016       ; 0.113      ; 0.714      ;
; 0.520 ; Multiplicador:MULTIPLICADOR|ACC:acumulador|Saidas[27]   ; Multiplicador:MULTIPLICADOR|ACC:acumulador|Saidas[32]   ; pll|altpll_component|auto_generated|pll1|clk[0] ; pll|altpll_component|auto_generated|pll1|clk[0] ; 0.000        ; 0.227      ; 0.829      ;
; 0.521 ; registerfile:Register_File|outA[1]                      ; Multiplicador:MULTIPLICADOR|ACC:acumulador|Saidas[1]    ; pll|altpll_component|auto_generated|pll1|clk[1] ; pll|altpll_component|auto_generated|pll1|clk[0] ; -0.016       ; 0.103      ; 0.710      ;
; 0.529 ; Multiplicador:MULTIPLICADOR|Counter:Contador|counter[5] ; Multiplicador:MULTIPLICADOR|Counter:Contador|counter[4] ; pll|altpll_component|auto_generated|pll1|clk[0] ; pll|altpll_component|auto_generated|pll1|clk[0] ; 0.000        ; 0.046      ; 0.657      ;
; 0.529 ; Multiplicador:MULTIPLICADOR|Counter:Contador|counter[5] ; Multiplicador:MULTIPLICADOR|Counter:Contador|counter[2] ; pll|altpll_component|auto_generated|pll1|clk[0] ; pll|altpll_component|auto_generated|pll1|clk[0] ; 0.000        ; 0.046      ; 0.657      ;
; 0.530 ; Multiplicador:MULTIPLICADOR|Counter:Contador|aux_load   ; Multiplicador:MULTIPLICADOR|Counter:Contador|counter[0] ; pll|altpll_component|auto_generated|pll1|clk[0] ; pll|altpll_component|auto_generated|pll1|clk[0] ; 0.000        ; 0.046      ; 0.658      ;
; 0.532 ; registerfile:Register_File|outA[3]                      ; Multiplicador:MULTIPLICADOR|ACC:acumulador|Saidas[3]    ; pll|altpll_component|auto_generated|pll1|clk[1] ; pll|altpll_component|auto_generated|pll1|clk[0] ; -0.016       ; 0.106      ; 0.724      ;
; 0.536 ; Multiplicador:MULTIPLICADOR|CONTROL:controle|state.S0   ; Multiplicador:MULTIPLICADOR|ACC:acumulador|Saidas[1]    ; pll|altpll_component|auto_generated|pll1|clk[0] ; pll|altpll_component|auto_generated|pll1|clk[0] ; 0.000        ; 0.052      ; 0.670      ;
; 0.547 ; Multiplicador:MULTIPLICADOR|CONTROL:controle|state.S0   ; Multiplicador:MULTIPLICADOR|ACC:acumulador|Saidas[13]   ; pll|altpll_component|auto_generated|pll1|clk[0] ; pll|altpll_component|auto_generated|pll1|clk[0] ; 0.000        ; 0.050      ; 0.679      ;
; 0.547 ; Multiplicador:MULTIPLICADOR|CONTROL:controle|state.S0   ; Multiplicador:MULTIPLICADOR|ACC:acumulador|Saidas[9]    ; pll|altpll_component|auto_generated|pll1|clk[0] ; pll|altpll_component|auto_generated|pll1|clk[0] ; 0.000        ; 0.050      ; 0.679      ;
; 0.548 ; register:CTRL1|out[5]                                   ; Multiplicador:MULTIPLICADOR|ACC:acumulador|Saidas[2]    ; pll|altpll_component|auto_generated|pll1|clk[1] ; pll|altpll_component|auto_generated|pll1|clk[0] ; -0.016       ; 0.110      ; 0.744      ;
; 0.549 ; Multiplicador:MULTIPLICADOR|CONTROL:controle|state.S0   ; Multiplicador:MULTIPLICADOR|ACC:acumulador|Saidas[7]    ; pll|altpll_component|auto_generated|pll1|clk[0] ; pll|altpll_component|auto_generated|pll1|clk[0] ; 0.000        ; 0.050      ; 0.681      ;
; 0.550 ; Multiplicador:MULTIPLICADOR|CONTROL:controle|state.S0   ; Multiplicador:MULTIPLICADOR|ACC:acumulador|Saidas[8]    ; pll|altpll_component|auto_generated|pll1|clk[0] ; pll|altpll_component|auto_generated|pll1|clk[0] ; 0.000        ; 0.050      ; 0.682      ;
; 0.551 ; registerfile:Register_File|outA[8]                      ; Multiplicador:MULTIPLICADOR|ACC:acumulador|Saidas[8]    ; pll|altpll_component|auto_generated|pll1|clk[1] ; pll|altpll_component|auto_generated|pll1|clk[0] ; -0.016       ; 0.110      ; 0.747      ;
; 0.553 ; Multiplicador:MULTIPLICADOR|Counter:Contador|counter[4] ; Multiplicador:MULTIPLICADOR|Counter:Contador|counter[3] ; pll|altpll_component|auto_generated|pll1|clk[0] ; pll|altpll_component|auto_generated|pll1|clk[0] ; 0.000        ; 0.046      ; 0.681      ;
; 0.553 ; Multiplicador:MULTIPLICADOR|Counter:Contador|counter[4] ; Multiplicador:MULTIPLICADOR|Counter:Contador|counter[1] ; pll|altpll_component|auto_generated|pll1|clk[0] ; pll|altpll_component|auto_generated|pll1|clk[0] ; 0.000        ; 0.046      ; 0.681      ;
; 0.553 ; Multiplicador:MULTIPLICADOR|Counter:Contador|aux_load   ; Multiplicador:MULTIPLICADOR|Counter:Contador|counter[5] ; pll|altpll_component|auto_generated|pll1|clk[0] ; pll|altpll_component|auto_generated|pll1|clk[0] ; 0.000        ; 0.046      ; 0.681      ;
; 0.554 ; Multiplicador:MULTIPLICADOR|Counter:Contador|counter[0] ; Multiplicador:MULTIPLICADOR|Counter:Contador|counter[0] ; pll|altpll_component|auto_generated|pll1|clk[0] ; pll|altpll_component|auto_generated|pll1|clk[0] ; 0.000        ; 0.046      ; 0.682      ;
; 0.557 ; Multiplicador:MULTIPLICADOR|ACC:acumulador|Saidas[20]   ; Multiplicador:MULTIPLICADOR|ACC:acumulador|Saidas[20]   ; pll|altpll_component|auto_generated|pll1|clk[0] ; pll|altpll_component|auto_generated|pll1|clk[0] ; 0.000        ; 0.047      ; 0.686      ;
; 0.558 ; Multiplicador:MULTIPLICADOR|Counter:Contador|counter[1] ; Multiplicador:MULTIPLICADOR|Counter:Contador|counter[5] ; pll|altpll_component|auto_generated|pll1|clk[0] ; pll|altpll_component|auto_generated|pll1|clk[0] ; 0.000        ; 0.046      ; 0.686      ;
+-------+---------------------------------------------------------+---------------------------------------------------------+-------------------------------------------------+-------------------------------------------------+--------------+------------+------------+


+----------------------------------------------------------------------------------------------------------------------------------------------------------------------------------------------------------------------------------------------------------------------------------------------------------------------------------------+
; Fast 1200mV -40C Model Hold: 'pll|altpll_component|auto_generated|pll1|clk[1]'                                                                                                                                                                                                                                                         ;
+-------+-------------------------------------------------------+---------------------------------------------------------------------------------------------------------------------------+-------------------------------------------------+-------------------------------------------------+--------------+------------+------------+
; Slack ; From Node                                             ; To Node                                                                                                                   ; Launch Clock                                    ; Latch Clock                                     ; Relationship ; Clock Skew ; Data Delay ;
+-------+-------------------------------------------------------+---------------------------------------------------------------------------------------------------------------------------+-------------------------------------------------+-------------------------------------------------+--------------+------------+------------+
; 0.236 ; register:CTRL1|out[10]                                ; register:CTRL3|out[10]                                                                                                    ; pll|altpll_component|auto_generated|pll1|clk[1] ; pll|altpll_component|auto_generated|pll1|clk[1] ; 0.000        ; 0.047      ; 0.365      ;
; 0.242 ; pc:PC|addr[0]                                         ; InstMem:Intruction_Memory|altsyncram:altsyncram_component|altsyncram_sra1:auto_generated|ram_block1a1~porta_address_reg0  ; pll|altpll_component|auto_generated|pll1|clk[1] ; pll|altpll_component|auto_generated|pll1|clk[1] ; 0.000        ; 0.221      ; 0.564      ;
; 0.247 ; register:CTRL1|out[13]                                ; register:CTRL3|out[13]                                                                                                    ; pll|altpll_component|auto_generated|pll1|clk[1] ; pll|altpll_component|auto_generated|pll1|clk[1] ; 0.000        ; 0.047      ; 0.376      ;
; 0.269 ; registerfile:Register_File|outB[6]                    ; datamemory:Data_Memory|altsyncram:altsyncram_component|altsyncram_28i1:auto_generated|ram_block1a0~porta_datain_reg0      ; pll|altpll_component|auto_generated|pll1|clk[1] ; pll|altpll_component|auto_generated|pll1|clk[1] ; 0.000        ; 0.231      ; 0.601      ;
; 0.280 ; registerfile:Register_File|outB[7]                    ; datamemory:Data_Memory|altsyncram:altsyncram_component|altsyncram_28i1:auto_generated|ram_block1a0~porta_datain_reg0      ; pll|altpll_component|auto_generated|pll1|clk[1] ; pll|altpll_component|auto_generated|pll1|clk[1] ; 0.000        ; 0.231      ; 0.612      ;
; 0.283 ; registerfile:Register_File|outB[9]                    ; datamemory:Data_Memory|altsyncram:altsyncram_component|altsyncram_28i1:auto_generated|ram_block1a9~porta_datain_reg0      ; pll|altpll_component|auto_generated|pll1|clk[1] ; pll|altpll_component|auto_generated|pll1|clk[1] ; 0.000        ; 0.231      ; 0.615      ;
; 0.285 ; registerfile:Register_File|outB[1]                    ; datamemory:Data_Memory|altsyncram:altsyncram_component|altsyncram_28i1:auto_generated|ram_block1a0~porta_datain_reg0      ; pll|altpll_component|auto_generated|pll1|clk[1] ; pll|altpll_component|auto_generated|pll1|clk[1] ; 0.000        ; 0.231      ; 0.617      ;
; 0.287 ; registerfile:Register_File|outB[0]                    ; datamemory:Data_Memory|altsyncram:altsyncram_component|altsyncram_28i1:auto_generated|ram_block1a0~porta_datain_reg0      ; pll|altpll_component|auto_generated|pll1|clk[1] ; pll|altpll_component|auto_generated|pll1|clk[1] ; 0.000        ; 0.232      ; 0.620      ;
; 0.287 ; registerfile:Register_File|outB[4]                    ; datamemory:Data_Memory|altsyncram:altsyncram_component|altsyncram_28i1:auto_generated|ram_block1a0~porta_datain_reg0      ; pll|altpll_component|auto_generated|pll1|clk[1] ; pll|altpll_component|auto_generated|pll1|clk[1] ; 0.000        ; 0.231      ; 0.619      ;
; 0.307 ; Multiplicador:MULTIPLICADOR|ACC:acumulador|Saidas[28] ; register:D|out[28]                                                                                                        ; pll|altpll_component|auto_generated|pll1|clk[0] ; pll|altpll_component|auto_generated|pll1|clk[1] ; 0.016        ; 0.110      ; 0.535      ;
; 0.313 ; Multiplicador:MULTIPLICADOR|ACC:acumulador|Saidas[27] ; register:D|out[27]                                                                                                        ; pll|altpll_component|auto_generated|pll1|clk[0] ; pll|altpll_component|auto_generated|pll1|clk[1] ; 0.016        ; 0.110      ; 0.541      ;
; 0.334 ; register:CTRL1|out[14]                                ; register:CTRL3|out[14]                                                                                                    ; pll|altpll_component|auto_generated|pll1|clk[1] ; pll|altpll_component|auto_generated|pll1|clk[1] ; 0.000        ; 0.051      ; 0.467      ;
; 0.341 ; pc:PC|addr[1]                                         ; InstMem:Intruction_Memory|altsyncram:altsyncram_component|altsyncram_sra1:auto_generated|ram_block1a0~porta_address_reg0  ; pll|altpll_component|auto_generated|pll1|clk[1] ; pll|altpll_component|auto_generated|pll1|clk[1] ; 0.000        ; 0.226      ; 0.668      ;
; 0.345 ; Multiplicador:MULTIPLICADOR|ACC:acumulador|Saidas[9]  ; register:D|out[9]                                                                                                         ; pll|altpll_component|auto_generated|pll1|clk[0] ; pll|altpll_component|auto_generated|pll1|clk[1] ; 0.016        ; 0.108      ; 0.571      ;
; 0.347 ; Multiplicador:MULTIPLICADOR|ACC:acumulador|Saidas[15] ; register:D|out[15]                                                                                                        ; pll|altpll_component|auto_generated|pll1|clk[0] ; pll|altpll_component|auto_generated|pll1|clk[1] ; 0.016        ; 0.108      ; 0.573      ;
; 0.347 ; register:CTRL1|out[12]                                ; register:CTRL3|out[12]                                                                                                    ; pll|altpll_component|auto_generated|pll1|clk[1] ; pll|altpll_component|auto_generated|pll1|clk[1] ; 0.000        ; 0.052      ; 0.481      ;
; 0.348 ; Multiplicador:MULTIPLICADOR|ACC:acumulador|Saidas[29] ; register:D|out[29]                                                                                                        ; pll|altpll_component|auto_generated|pll1|clk[0] ; pll|altpll_component|auto_generated|pll1|clk[1] ; 0.016        ; 0.109      ; 0.575      ;
; 0.349 ; Multiplicador:MULTIPLICADOR|ACC:acumulador|Saidas[8]  ; register:D|out[8]                                                                                                         ; pll|altpll_component|auto_generated|pll1|clk[0] ; pll|altpll_component|auto_generated|pll1|clk[1] ; 0.016        ; 0.108      ; 0.575      ;
; 0.351 ; Multiplicador:MULTIPLICADOR|ACC:acumulador|Saidas[7]  ; register:D|out[7]                                                                                                         ; pll|altpll_component|auto_generated|pll1|clk[0] ; pll|altpll_component|auto_generated|pll1|clk[1] ; 0.016        ; 0.108      ; 0.577      ;
; 0.351 ; pc:PC|addr[1]                                         ; InstMem:Intruction_Memory|altsyncram:altsyncram_component|altsyncram_sra1:auto_generated|ram_block1a21~porta_address_reg0 ; pll|altpll_component|auto_generated|pll1|clk[1] ; pll|altpll_component|auto_generated|pll1|clk[1] ; 0.000        ; 0.218      ; 0.670      ;
; 0.353 ; pc:PC|addr[1]                                         ; InstMem:Intruction_Memory|altsyncram:altsyncram_component|altsyncram_sra1:auto_generated|ram_block1a7~porta_address_reg0  ; pll|altpll_component|auto_generated|pll1|clk[1] ; pll|altpll_component|auto_generated|pll1|clk[1] ; 0.000        ; 0.229      ; 0.683      ;
; 0.355 ; Multiplicador:MULTIPLICADOR|ACC:acumulador|Saidas[14] ; register:D|out[14]                                                                                                        ; pll|altpll_component|auto_generated|pll1|clk[0] ; pll|altpll_component|auto_generated|pll1|clk[1] ; 0.016        ; 0.108      ; 0.581      ;
; 0.360 ; pc:PC|addr[1]                                         ; InstMem:Intruction_Memory|altsyncram:altsyncram_component|altsyncram_sra1:auto_generated|ram_block1a1~porta_address_reg0  ; pll|altpll_component|auto_generated|pll1|clk[1] ; pll|altpll_component|auto_generated|pll1|clk[1] ; 0.000        ; 0.221      ; 0.682      ;
; 0.361 ; Multiplicador:MULTIPLICADOR|ACC:acumulador|Saidas[26] ; register:D|out[26]                                                                                                        ; pll|altpll_component|auto_generated|pll1|clk[0] ; pll|altpll_component|auto_generated|pll1|clk[1] ; 0.016        ; 0.108      ; 0.587      ;
; 0.370 ; registerfile:Register_File|outB[26]                   ; datamemory:Data_Memory|altsyncram:altsyncram_component|altsyncram_28i1:auto_generated|ram_block1a18~porta_datain_reg0     ; pll|altpll_component|auto_generated|pll1|clk[1] ; pll|altpll_component|auto_generated|pll1|clk[1] ; 0.000        ; 0.232      ; 0.703      ;
; 0.378 ; pc:PC|addr[0]                                         ; InstMem:Intruction_Memory|altsyncram:altsyncram_component|altsyncram_sra1:auto_generated|ram_block1a0~porta_address_reg0  ; pll|altpll_component|auto_generated|pll1|clk[1] ; pll|altpll_component|auto_generated|pll1|clk[1] ; 0.000        ; 0.226      ; 0.705      ;
; 0.383 ; registerfile:Register_File|outB[5]                    ; datamemory:Data_Memory|altsyncram:altsyncram_component|altsyncram_28i1:auto_generated|ram_block1a0~porta_datain_reg0      ; pll|altpll_component|auto_generated|pll1|clk[1] ; pll|altpll_component|auto_generated|pll1|clk[1] ; 0.000        ; 0.232      ; 0.716      ;
; 0.386 ; registerfile:Register_File|outB[11]                   ; datamemory:Data_Memory|altsyncram:altsyncram_component|altsyncram_28i1:auto_generated|ram_block1a9~porta_datain_reg0      ; pll|altpll_component|auto_generated|pll1|clk[1] ; pll|altpll_component|auto_generated|pll1|clk[1] ; 0.000        ; 0.233      ; 0.720      ;
; 0.387 ; register:CTRL1|out[2]                                 ; register:CTRL3|out[2]                                                                                                     ; pll|altpll_component|auto_generated|pll1|clk[1] ; pll|altpll_component|auto_generated|pll1|clk[1] ; 0.000        ; 0.051      ; 0.520      ;
; 0.400 ; register:CTRL1|out[11]                                ; register:CTRL3|out[11]                                                                                                    ; pll|altpll_component|auto_generated|pll1|clk[1] ; pll|altpll_component|auto_generated|pll1|clk[1] ; 0.000        ; 0.052      ; 0.534      ;
; 0.403 ; registerfile:Register_File|outB[3]                    ; datamemory:Data_Memory|altsyncram:altsyncram_component|altsyncram_28i1:auto_generated|ram_block1a0~porta_datain_reg0      ; pll|altpll_component|auto_generated|pll1|clk[1] ; pll|altpll_component|auto_generated|pll1|clk[1] ; 0.000        ; 0.231      ; 0.735      ;
; 0.415 ; Multiplicador:MULTIPLICADOR|ACC:acumulador|Saidas[30] ; register:D|out[30]                                                                                                        ; pll|altpll_component|auto_generated|pll1|clk[0] ; pll|altpll_component|auto_generated|pll1|clk[1] ; 0.016        ; 0.110      ; 0.643      ;
; 0.419 ; Multiplicador:MULTIPLICADOR|ACC:acumulador|Saidas[31] ; register:D|out[31]                                                                                                        ; pll|altpll_component|auto_generated|pll1|clk[0] ; pll|altpll_component|auto_generated|pll1|clk[1] ; 0.016        ; 0.110      ; 0.647      ;
; 0.419 ; registerfile:Register_File|outB[16]                   ; datamemory:Data_Memory|altsyncram:altsyncram_component|altsyncram_28i1:auto_generated|ram_block1a9~porta_datain_reg0      ; pll|altpll_component|auto_generated|pll1|clk[1] ; pll|altpll_component|auto_generated|pll1|clk[1] ; 0.000        ; 0.227      ; 0.747      ;
; 0.424 ; pc:PC|addr[3]                                         ; InstMem:Intruction_Memory|altsyncram:altsyncram_component|altsyncram_sra1:auto_generated|ram_block1a0~porta_address_reg0  ; pll|altpll_component|auto_generated|pll1|clk[1] ; pll|altpll_component|auto_generated|pll1|clk[1] ; 0.000        ; 0.239      ; 0.764      ;
; 0.426 ; registerfile:Register_File|outB[14]                   ; datamemory:Data_Memory|altsyncram:altsyncram_component|altsyncram_28i1:auto_generated|ram_block1a9~porta_datain_reg0      ; pll|altpll_component|auto_generated|pll1|clk[1] ; pll|altpll_component|auto_generated|pll1|clk[1] ; 0.000        ; 0.238      ; 0.765      ;
; 0.428 ; registerfile:Register_File|outB[15]                   ; datamemory:Data_Memory|altsyncram:altsyncram_component|altsyncram_28i1:auto_generated|ram_block1a9~porta_datain_reg0      ; pll|altpll_component|auto_generated|pll1|clk[1] ; pll|altpll_component|auto_generated|pll1|clk[1] ; 0.000        ; 0.230      ; 0.759      ;
; 0.437 ; pc:PC|addr[3]                                         ; InstMem:Intruction_Memory|altsyncram:altsyncram_component|altsyncram_sra1:auto_generated|ram_block1a21~porta_address_reg0 ; pll|altpll_component|auto_generated|pll1|clk[1] ; pll|altpll_component|auto_generated|pll1|clk[1] ; 0.000        ; 0.231      ; 0.769      ;
; 0.437 ; registerfile:Register_File|outB[12]                   ; datamemory:Data_Memory|altsyncram:altsyncram_component|altsyncram_28i1:auto_generated|ram_block1a9~porta_datain_reg0      ; pll|altpll_component|auto_generated|pll1|clk[1] ; pll|altpll_component|auto_generated|pll1|clk[1] ; 0.000        ; 0.234      ; 0.772      ;
; 0.443 ; Multiplicador:MULTIPLICADOR|ACC:acumulador|Saidas[25] ; register:D|out[25]                                                                                                        ; pll|altpll_component|auto_generated|pll1|clk[0] ; pll|altpll_component|auto_generated|pll1|clk[1] ; 0.016        ; 0.108      ; 0.669      ;
; 0.457 ; Multiplicador:MULTIPLICADOR|ACC:acumulador|Saidas[12] ; register:D|out[12]                                                                                                        ; pll|altpll_component|auto_generated|pll1|clk[0] ; pll|altpll_component|auto_generated|pll1|clk[1] ; 0.016        ; 0.108      ; 0.683      ;
; 0.459 ; registerfile:Register_File|register~340               ; registerfile:Register_File|outA[20]                                                                                       ; pll|altpll_component|auto_generated|pll1|clk[1] ; pll|altpll_component|auto_generated|pll1|clk[1] ; 0.000        ; 0.046      ; 0.587      ;
; 0.460 ; register:CTRL1|out[9]                                 ; register:CTRL3|out[9]                                                                                                     ; pll|altpll_component|auto_generated|pll1|clk[1] ; pll|altpll_component|auto_generated|pll1|clk[1] ; 0.000        ; 0.047      ; 0.589      ;
; 0.464 ; Multiplicador:MULTIPLICADOR|ACC:acumulador|Saidas[6]  ; register:D|out[6]                                                                                                         ; pll|altpll_component|auto_generated|pll1|clk[0] ; pll|altpll_component|auto_generated|pll1|clk[1] ; 0.016        ; 0.108      ; 0.690      ;
; 0.469 ; Multiplicador:MULTIPLICADOR|ACC:acumulador|Saidas[1]  ; register:D|out[1]                                                                                                         ; pll|altpll_component|auto_generated|pll1|clk[0] ; pll|altpll_component|auto_generated|pll1|clk[1] ; 0.016        ; 0.108      ; 0.695      ;
; 0.471 ; Multiplicador:MULTIPLICADOR|ACC:acumulador|Saidas[5]  ; register:D|out[5]                                                                                                         ; pll|altpll_component|auto_generated|pll1|clk[0] ; pll|altpll_component|auto_generated|pll1|clk[1] ; 0.016        ; 0.108      ; 0.697      ;
; 0.473 ; Multiplicador:MULTIPLICADOR|ACC:acumulador|Saidas[22] ; register:D|out[22]                                                                                                        ; pll|altpll_component|auto_generated|pll1|clk[0] ; pll|altpll_component|auto_generated|pll1|clk[1] ; 0.016        ; 0.107      ; 0.698      ;
; 0.503 ; Multiplicador:MULTIPLICADOR|ACC:acumulador|Saidas[21] ; register:D|out[21]                                                                                                        ; pll|altpll_component|auto_generated|pll1|clk[0] ; pll|altpll_component|auto_generated|pll1|clk[1] ; 0.016        ; 0.109      ; 0.730      ;
; 0.508 ; Multiplicador:MULTIPLICADOR|ACC:acumulador|Saidas[20] ; register:D|out[20]                                                                                                        ; pll|altpll_component|auto_generated|pll1|clk[0] ; pll|altpll_component|auto_generated|pll1|clk[1] ; 0.016        ; 0.109      ; 0.735      ;
; 0.508 ; Multiplicador:MULTIPLICADOR|ACC:acumulador|Saidas[23] ; register:D|out[23]                                                                                                        ; pll|altpll_component|auto_generated|pll1|clk[0] ; pll|altpll_component|auto_generated|pll1|clk[1] ; 0.016        ; 0.107      ; 0.733      ;
; 0.514 ; registerfile:Register_File|register~334               ; registerfile:Register_File|outA[14]                                                                                       ; pll|altpll_component|auto_generated|pll1|clk[1] ; pll|altpll_component|auto_generated|pll1|clk[1] ; 0.000        ; 0.046      ; 0.642      ;
; 0.515 ; registerfile:Register_File|register~996               ; registerfile:Register_File|outA[4]                                                                                        ; pll|altpll_component|auto_generated|pll1|clk[1] ; pll|altpll_component|auto_generated|pll1|clk[1] ; 0.000        ; 0.046      ; 0.643      ;
; 0.516 ; registerfile:Register_File|register~864               ; registerfile:Register_File|outA[0]                                                                                        ; pll|altpll_component|auto_generated|pll1|clk[1] ; pll|altpll_component|auto_generated|pll1|clk[1] ; 0.000        ; 0.047      ; 0.645      ;
; 0.524 ; Multiplicador:MULTIPLICADOR|ACC:acumulador|Saidas[18] ; register:D|out[18]                                                                                                        ; pll|altpll_component|auto_generated|pll1|clk[0] ; pll|altpll_component|auto_generated|pll1|clk[1] ; 0.016        ; 0.109      ; 0.751      ;
; 0.535 ; registerfile:Register_File|outB[13]                   ; datamemory:Data_Memory|altsyncram:altsyncram_component|altsyncram_28i1:auto_generated|ram_block1a9~porta_datain_reg0      ; pll|altpll_component|auto_generated|pll1|clk[1] ; pll|altpll_component|auto_generated|pll1|clk[1] ; 0.000        ; 0.234      ; 0.870      ;
; 0.536 ; pc:PC|addr[0]                                         ; InstMem:Intruction_Memory|altsyncram:altsyncram_component|altsyncram_sra1:auto_generated|ram_block1a7~porta_address_reg0  ; pll|altpll_component|auto_generated|pll1|clk[1] ; pll|altpll_component|auto_generated|pll1|clk[1] ; 0.000        ; 0.229      ; 0.866      ;
; 0.546 ; register:D|out[0]                                     ; registerfile:Register_File|register~992                                                                                   ; pll|altpll_component|auto_generated|pll1|clk[1] ; pll|altpll_component|auto_generated|pll1|clk[1] ; 0.000        ; 0.046      ; 0.674      ;
; 0.547 ; registerfile:Register_File|outB[18]                   ; datamemory:Data_Memory|altsyncram:altsyncram_component|altsyncram_28i1:auto_generated|ram_block1a18~porta_datain_reg0     ; pll|altpll_component|auto_generated|pll1|clk[1] ; pll|altpll_component|auto_generated|pll1|clk[1] ; 0.000        ; 0.238      ; 0.886      ;
; 0.555 ; registerfile:Register_File|register~1016              ; registerfile:Register_File|outA[24]                                                                                       ; pll|altpll_component|auto_generated|pll1|clk[1] ; pll|altpll_component|auto_generated|pll1|clk[1] ; 0.000        ; 0.046      ; 0.683      ;
; 0.561 ; registerfile:Register_File|outB[21]                   ; datamemory:Data_Memory|altsyncram:altsyncram_component|altsyncram_28i1:auto_generated|ram_block1a18~porta_datain_reg0     ; pll|altpll_component|auto_generated|pll1|clk[1] ; pll|altpll_component|auto_generated|pll1|clk[1] ; 0.000        ; 0.238      ; 0.900      ;
; 0.569 ; pc:PC|addr[3]                                         ; InstMem:Intruction_Memory|altsyncram:altsyncram_component|altsyncram_sra1:auto_generated|ram_block1a1~porta_address_reg0  ; pll|altpll_component|auto_generated|pll1|clk[1] ; pll|altpll_component|auto_generated|pll1|clk[1] ; 0.000        ; 0.234      ; 0.904      ;
; 0.573 ; pc:PC|addr[3]                                         ; InstMem:Intruction_Memory|altsyncram:altsyncram_component|altsyncram_sra1:auto_generated|ram_block1a7~porta_address_reg0  ; pll|altpll_component|auto_generated|pll1|clk[1] ; pll|altpll_component|auto_generated|pll1|clk[1] ; 0.000        ; 0.242      ; 0.916      ;
; 0.578 ; registerfile:Register_File|register~366               ; registerfile:Register_File|outA[14]                                                                                       ; pll|altpll_component|auto_generated|pll1|clk[1] ; pll|altpll_component|auto_generated|pll1|clk[1] ; 0.000        ; 0.049      ; 0.709      ;
; 0.588 ; registerfile:Register_File|outB[28]                   ; datamemory:Data_Memory|altsyncram:altsyncram_component|altsyncram_28i1:auto_generated|ram_block1a27~porta_datain_reg0     ; pll|altpll_component|auto_generated|pll1|clk[1] ; pll|altpll_component|auto_generated|pll1|clk[1] ; 0.000        ; 0.235      ; 0.924      ;
; 0.593 ; Multiplicador:MULTIPLICADOR|ACC:acumulador|Saidas[5]  ; datamemory:Data_Memory|altsyncram:altsyncram_component|altsyncram_28i1:auto_generated|ram_block1a0~porta_address_reg0     ; pll|altpll_component|auto_generated|pll1|clk[0] ; pll|altpll_component|auto_generated|pll1|clk[1] ; 0.016        ; 0.296      ; 1.026      ;
; 0.600 ; register:D|out[16]                                    ; registerfile:Register_File|register~496                                                                                   ; pll|altpll_component|auto_generated|pll1|clk[1] ; pll|altpll_component|auto_generated|pll1|clk[1] ; 0.000        ; 0.041      ; 0.723      ;
; 0.609 ; Multiplicador:MULTIPLICADOR|ACC:acumulador|Saidas[4]  ; datamemory:Data_Memory|altsyncram:altsyncram_component|altsyncram_28i1:auto_generated|ram_block1a0~porta_address_reg0     ; pll|altpll_component|auto_generated|pll1|clk[0] ; pll|altpll_component|auto_generated|pll1|clk[1] ; 0.016        ; 0.296      ; 1.042      ;
; 0.609 ; registerfile:Register_File|register~697               ; registerfile:Register_File|outA[25]                                                                                       ; pll|altpll_component|auto_generated|pll1|clk[1] ; pll|altpll_component|auto_generated|pll1|clk[1] ; 0.000        ; 0.047      ; 0.738      ;
; 0.612 ; registerfile:Register_File|register~336               ; registerfile:Register_File|outA[16]                                                                                       ; pll|altpll_component|auto_generated|pll1|clk[1] ; pll|altpll_component|auto_generated|pll1|clk[1] ; 0.000        ; 0.046      ; 0.740      ;
; 0.616 ; Multiplicador:MULTIPLICADOR|ACC:acumulador|Saidas[10] ; register:D|out[10]                                                                                                        ; pll|altpll_component|auto_generated|pll1|clk[0] ; pll|altpll_component|auto_generated|pll1|clk[1] ; 0.016        ; 0.108      ; 0.842      ;
; 0.620 ; Multiplicador:MULTIPLICADOR|ACC:acumulador|Saidas[11] ; register:D|out[11]                                                                                                        ; pll|altpll_component|auto_generated|pll1|clk[0] ; pll|altpll_component|auto_generated|pll1|clk[1] ; 0.016        ; 0.108      ; 0.846      ;
; 0.620 ; registerfile:Register_File|register~332               ; registerfile:Register_File|outA[12]                                                                                       ; pll|altpll_component|auto_generated|pll1|clk[1] ; pll|altpll_component|auto_generated|pll1|clk[1] ; 0.000        ; 0.045      ; 0.747      ;
; 0.627 ; pc:PC|addr[2]                                         ; InstMem:Intruction_Memory|altsyncram:altsyncram_component|altsyncram_sra1:auto_generated|ram_block1a21~porta_address_reg0 ; pll|altpll_component|auto_generated|pll1|clk[1] ; pll|altpll_component|auto_generated|pll1|clk[1] ; 0.000        ; 0.231      ; 0.959      ;
; 0.633 ; registerfile:Register_File|register~322               ; registerfile:Register_File|outA[2]                                                                                        ; pll|altpll_component|auto_generated|pll1|clk[1] ; pll|altpll_component|auto_generated|pll1|clk[1] ; 0.000        ; 0.047      ; 0.762      ;
; 0.641 ; register:D|out[12]                                    ; registerfile:Register_File|register~492                                                                                   ; pll|altpll_component|auto_generated|pll1|clk[1] ; pll|altpll_component|auto_generated|pll1|clk[1] ; 0.000        ; 0.045      ; 0.768      ;
; 0.652 ; registerfile:Register_File|register~994               ; registerfile:Register_File|outA[2]                                                                                        ; pll|altpll_component|auto_generated|pll1|clk[1] ; pll|altpll_component|auto_generated|pll1|clk[1] ; 0.000        ; 0.046      ; 0.780      ;
; 0.655 ; pc:PC|addr[0]                                         ; InstMem:Intruction_Memory|altsyncram:altsyncram_component|altsyncram_sra1:auto_generated|ram_block1a21~porta_address_reg0 ; pll|altpll_component|auto_generated|pll1|clk[1] ; pll|altpll_component|auto_generated|pll1|clk[1] ; 0.000        ; 0.218      ; 0.974      ;
; 0.660 ; Multiplicador:MULTIPLICADOR|ACC:acumulador|Saidas[8]  ; datamemory:Data_Memory|altsyncram:altsyncram_component|altsyncram_28i1:auto_generated|ram_block1a9~porta_address_reg0     ; pll|altpll_component|auto_generated|pll1|clk[0] ; pll|altpll_component|auto_generated|pll1|clk[1] ; 0.016        ; 0.296      ; 1.093      ;
; 0.663 ; Multiplicador:MULTIPLICADOR|ACC:acumulador|Saidas[1]  ; datamemory:Data_Memory|altsyncram:altsyncram_component|altsyncram_28i1:auto_generated|ram_block1a0~porta_address_reg0     ; pll|altpll_component|auto_generated|pll1|clk[0] ; pll|altpll_component|auto_generated|pll1|clk[1] ; 0.016        ; 0.295      ; 1.095      ;
; 0.663 ; registerfile:Register_File|register~199               ; registerfile:Register_File|outA[7]                                                                                        ; pll|altpll_component|auto_generated|pll1|clk[1] ; pll|altpll_component|auto_generated|pll1|clk[1] ; 0.000        ; 0.048      ; 0.793      ;
; 0.675 ; register:D|out[14]                                    ; registerfile:Register_File|register~494                                                                                   ; pll|altpll_component|auto_generated|pll1|clk[1] ; pll|altpll_component|auto_generated|pll1|clk[1] ; 0.000        ; 0.045      ; 0.802      ;
; 0.676 ; registerfile:Register_File|outB[2]                    ; datamemory:Data_Memory|altsyncram:altsyncram_component|altsyncram_28i1:auto_generated|ram_block1a0~porta_datain_reg0      ; pll|altpll_component|auto_generated|pll1|clk[1] ; pll|altpll_component|auto_generated|pll1|clk[1] ; 0.000        ; 0.232      ; 1.009      ;
; 0.677 ; registerfile:Register_File|register~372               ; registerfile:Register_File|outA[20]                                                                                       ; pll|altpll_component|auto_generated|pll1|clk[1] ; pll|altpll_component|auto_generated|pll1|clk[1] ; 0.000        ; 0.050      ; 0.809      ;
; 0.685 ; Multiplicador:MULTIPLICADOR|ACC:acumulador|Saidas[19] ; register:D|out[19]                                                                                                        ; pll|altpll_component|auto_generated|pll1|clk[0] ; pll|altpll_component|auto_generated|pll1|clk[1] ; 0.016        ; 0.110      ; 0.913      ;
; 0.688 ; register:D|out[20]                                    ; registerfile:Register_File|register~500                                                                                   ; pll|altpll_component|auto_generated|pll1|clk[1] ; pll|altpll_component|auto_generated|pll1|clk[1] ; 0.000        ; 0.041      ; 0.811      ;
; 0.691 ; registerfile:Register_File|register~1020              ; registerfile:Register_File|outA[28]                                                                                       ; pll|altpll_component|auto_generated|pll1|clk[1] ; pll|altpll_component|auto_generated|pll1|clk[1] ; 0.000        ; 0.046      ; 0.819      ;
; 0.698 ; registerfile:Register_File|register~205               ; registerfile:Register_File|outA[13]                                                                                       ; pll|altpll_component|auto_generated|pll1|clk[1] ; pll|altpll_component|auto_generated|pll1|clk[1] ; 0.000        ; 0.041      ; 0.821      ;
; 0.700 ; Multiplicador:MULTIPLICADOR|ACC:acumulador|Saidas[17] ; register:D|out[17]                                                                                                        ; pll|altpll_component|auto_generated|pll1|clk[0] ; pll|altpll_component|auto_generated|pll1|clk[1] ; 0.016        ; 0.109      ; 0.927      ;
; 0.701 ; Multiplicador:MULTIPLICADOR|ACC:acumulador|Saidas[16] ; register:D|out[16]                                                                                                        ; pll|altpll_component|auto_generated|pll1|clk[0] ; pll|altpll_component|auto_generated|pll1|clk[1] ; 0.016        ; 0.108      ; 0.927      ;
; 0.722 ; registerfile:Register_File|register~436               ; registerfile:Register_File|outA[20]                                                                                       ; pll|altpll_component|auto_generated|pll1|clk[1] ; pll|altpll_component|auto_generated|pll1|clk[1] ; 0.000        ; 0.049      ; 0.853      ;
; 0.723 ; registerfile:Register_File|register~753               ; registerfile:Register_File|outB[17]                                                                                       ; pll|altpll_component|auto_generated|pll1|clk[1] ; pll|altpll_component|auto_generated|pll1|clk[1] ; 0.000        ; 0.046      ; 0.851      ;
; 0.725 ; registerfile:Register_File|register~109               ; registerfile:Register_File|outA[13]                                                                                       ; pll|altpll_component|auto_generated|pll1|clk[1] ; pll|altpll_component|auto_generated|pll1|clk[1] ; 0.000        ; 0.047      ; 0.854      ;
; 0.727 ; Multiplicador:MULTIPLICADOR|ACC:acumulador|Saidas[3]  ; datamemory:Data_Memory|altsyncram:altsyncram_component|altsyncram_28i1:auto_generated|ram_block1a0~porta_address_reg0     ; pll|altpll_component|auto_generated|pll1|clk[0] ; pll|altpll_component|auto_generated|pll1|clk[1] ; 0.016        ; 0.295      ; 1.159      ;
; 0.735 ; Multiplicador:MULTIPLICADOR|ACC:acumulador|Saidas[5]  ; datamemory:Data_Memory|altsyncram:altsyncram_component|altsyncram_28i1:auto_generated|ram_block1a9~porta_address_reg0     ; pll|altpll_component|auto_generated|pll1|clk[0] ; pll|altpll_component|auto_generated|pll1|clk[1] ; 0.016        ; 0.295      ; 1.167      ;
; 0.736 ; registerfile:Register_File|register~892               ; registerfile:Register_File|outB[28]                                                                                       ; pll|altpll_component|auto_generated|pll1|clk[1] ; pll|altpll_component|auto_generated|pll1|clk[1] ; 0.000        ; 0.040      ; 0.858      ;
; 0.738 ; registerfile:Register_File|register~221               ; registerfile:Register_File|outA[29]                                                                                       ; pll|altpll_component|auto_generated|pll1|clk[1] ; pll|altpll_component|auto_generated|pll1|clk[1] ; 0.000        ; 0.039      ; 0.859      ;
; 0.741 ; Multiplicador:MULTIPLICADOR|ACC:acumulador|Saidas[2]  ; datamemory:Data_Memory|altsyncram:altsyncram_component|altsyncram_28i1:auto_generated|ram_block1a0~porta_address_reg0     ; pll|altpll_component|auto_generated|pll1|clk[0] ; pll|altpll_component|auto_generated|pll1|clk[1] ; 0.016        ; 0.299      ; 1.177      ;
; 0.741 ; registerfile:Register_File|register~699               ; registerfile:Register_File|outA[27]                                                                                       ; pll|altpll_component|auto_generated|pll1|clk[1] ; pll|altpll_component|auto_generated|pll1|clk[1] ; 0.000        ; 0.042      ; 0.865      ;
; 0.744 ; Multiplicador:MULTIPLICADOR|ACC:acumulador|Saidas[4]  ; datamemory:Data_Memory|altsyncram:altsyncram_component|altsyncram_28i1:auto_generated|ram_block1a9~porta_address_reg0     ; pll|altpll_component|auto_generated|pll1|clk[0] ; pll|altpll_component|auto_generated|pll1|clk[1] ; 0.016        ; 0.295      ; 1.176      ;
; 0.745 ; Multiplicador:MULTIPLICADOR|ACC:acumulador|Saidas[0]  ; datamemory:Data_Memory|altsyncram:altsyncram_component|altsyncram_28i1:auto_generated|ram_block1a0~porta_address_reg0     ; pll|altpll_component|auto_generated|pll1|clk[0] ; pll|altpll_component|auto_generated|pll1|clk[1] ; 0.016        ; 0.299      ; 1.181      ;
+-------+-------------------------------------------------------+---------------------------------------------------------------------------------------------------------------------------+-------------------------------------------------+-------------------------------------------------+--------------+------------+------------+


+----------------------------------------------------------------------------------------------------------------------------------------------------------------------------------------------------------------------------------------------------------------------+
; Fast 1200mV -40C Model Recovery: 'pll|altpll_component|auto_generated|pll1|clk[0]'                                                                                                                                                                                   ;
+-------+-------------------------------------------------------+---------------------------------------------------------+-------------------------------------------------+-------------------------------------------------+--------------+------------+------------+
; Slack ; From Node                                             ; To Node                                                 ; Launch Clock                                    ; Latch Clock                                     ; Relationship ; Clock Skew ; Data Delay ;
+-------+-------------------------------------------------------+---------------------------------------------------------+-------------------------------------------------+-------------------------------------------------+--------------+------------+------------+
; 2.474 ; register:CTRL1|out[5]                                 ; Multiplicador:MULTIPLICADOR|Counter:Contador|counter[3] ; pll|altpll_component|auto_generated|pll1|clk[1] ; pll|altpll_component|auto_generated|pll1|clk[0] ; 3.676        ; -0.109     ; 1.081      ;
; 2.474 ; register:CTRL1|out[5]                                 ; Multiplicador:MULTIPLICADOR|Counter:Contador|counter[4] ; pll|altpll_component|auto_generated|pll1|clk[1] ; pll|altpll_component|auto_generated|pll1|clk[0] ; 3.676        ; -0.109     ; 1.081      ;
; 2.474 ; register:CTRL1|out[5]                                 ; Multiplicador:MULTIPLICADOR|Counter:Contador|counter[5] ; pll|altpll_component|auto_generated|pll1|clk[1] ; pll|altpll_component|auto_generated|pll1|clk[0] ; 3.676        ; -0.109     ; 1.081      ;
; 2.474 ; register:CTRL1|out[5]                                 ; Multiplicador:MULTIPLICADOR|Counter:Contador|aux_load   ; pll|altpll_component|auto_generated|pll1|clk[1] ; pll|altpll_component|auto_generated|pll1|clk[0] ; 3.676        ; -0.109     ; 1.081      ;
; 2.474 ; register:CTRL1|out[5]                                 ; Multiplicador:MULTIPLICADOR|Counter:Contador|counter[1] ; pll|altpll_component|auto_generated|pll1|clk[1] ; pll|altpll_component|auto_generated|pll1|clk[0] ; 3.676        ; -0.109     ; 1.081      ;
; 2.474 ; register:CTRL1|out[5]                                 ; Multiplicador:MULTIPLICADOR|Counter:Contador|counter[0] ; pll|altpll_component|auto_generated|pll1|clk[1] ; pll|altpll_component|auto_generated|pll1|clk[0] ; 3.676        ; -0.109     ; 1.081      ;
; 2.474 ; register:CTRL1|out[5]                                 ; Multiplicador:MULTIPLICADOR|Counter:Contador|counter[2] ; pll|altpll_component|auto_generated|pll1|clk[1] ; pll|altpll_component|auto_generated|pll1|clk[0] ; 3.676        ; -0.109     ; 1.081      ;
; 2.474 ; register:CTRL1|out[5]                                 ; Multiplicador:MULTIPLICADOR|Counter:Contador|K          ; pll|altpll_component|auto_generated|pll1|clk[1] ; pll|altpll_component|auto_generated|pll1|clk[0] ; 3.676        ; -0.109     ; 1.081      ;
; 2.573 ; Multiplicador:MULTIPLICADOR|CONTROL:controle|state.S0 ; Multiplicador:MULTIPLICADOR|Counter:Contador|K          ; pll|altpll_component|auto_generated|pll1|clk[0] ; pll|altpll_component|auto_generated|pll1|clk[0] ; 3.676        ; -0.047     ; 1.044      ;
; 2.573 ; Multiplicador:MULTIPLICADOR|CONTROL:controle|state.S0 ; Multiplicador:MULTIPLICADOR|Counter:Contador|aux_load   ; pll|altpll_component|auto_generated|pll1|clk[0] ; pll|altpll_component|auto_generated|pll1|clk[0] ; 3.676        ; -0.047     ; 1.044      ;
; 2.573 ; Multiplicador:MULTIPLICADOR|CONTROL:controle|state.S0 ; Multiplicador:MULTIPLICADOR|Counter:Contador|counter[0] ; pll|altpll_component|auto_generated|pll1|clk[0] ; pll|altpll_component|auto_generated|pll1|clk[0] ; 3.676        ; -0.047     ; 1.044      ;
; 2.573 ; Multiplicador:MULTIPLICADOR|CONTROL:controle|state.S0 ; Multiplicador:MULTIPLICADOR|Counter:Contador|counter[5] ; pll|altpll_component|auto_generated|pll1|clk[0] ; pll|altpll_component|auto_generated|pll1|clk[0] ; 3.676        ; -0.047     ; 1.044      ;
; 2.573 ; Multiplicador:MULTIPLICADOR|CONTROL:controle|state.S0 ; Multiplicador:MULTIPLICADOR|Counter:Contador|counter[4] ; pll|altpll_component|auto_generated|pll1|clk[0] ; pll|altpll_component|auto_generated|pll1|clk[0] ; 3.676        ; -0.047     ; 1.044      ;
; 2.573 ; Multiplicador:MULTIPLICADOR|CONTROL:controle|state.S0 ; Multiplicador:MULTIPLICADOR|Counter:Contador|counter[3] ; pll|altpll_component|auto_generated|pll1|clk[0] ; pll|altpll_component|auto_generated|pll1|clk[0] ; 3.676        ; -0.047     ; 1.044      ;
; 2.573 ; Multiplicador:MULTIPLICADOR|CONTROL:controle|state.S0 ; Multiplicador:MULTIPLICADOR|Counter:Contador|counter[2] ; pll|altpll_component|auto_generated|pll1|clk[0] ; pll|altpll_component|auto_generated|pll1|clk[0] ; 3.676        ; -0.047     ; 1.044      ;
; 2.573 ; Multiplicador:MULTIPLICADOR|CONTROL:controle|state.S0 ; Multiplicador:MULTIPLICADOR|Counter:Contador|counter[1] ; pll|altpll_component|auto_generated|pll1|clk[0] ; pll|altpll_component|auto_generated|pll1|clk[0] ; 3.676        ; -0.047     ; 1.044      ;
+-------+-------------------------------------------------------+---------------------------------------------------------+-------------------------------------------------+-------------------------------------------------+--------------+------------+------------+


+----------------------------------------------------------------------------------------------------------------------------------------------------------------------------------------------------+
; Fast 1200mV -40C Model Recovery: 'pll|altpll_component|auto_generated|pll1|clk[1]'                                                                                                                 ;
+---------+--------------------+------------------------+-------------------------------------------------+-------------------------------------------------+--------------+------------+------------+
; Slack   ; From Node          ; To Node                ; Launch Clock                                    ; Latch Clock                                     ; Relationship ; Clock Skew ; Data Delay ;
+---------+--------------------+------------------------+-------------------------------------------------+-------------------------------------------------+--------------+------------+------------+
; 123.338 ; pc:PC|resetControl ; register:IMM|out[18]   ; pll|altpll_component|auto_generated|pll1|clk[1] ; pll|altpll_component|auto_generated|pll1|clk[1] ; 125.000      ; -0.046     ; 1.604      ;
; 123.338 ; pc:PC|resetControl ; register:IMM|out[25]   ; pll|altpll_component|auto_generated|pll1|clk[1] ; pll|altpll_component|auto_generated|pll1|clk[1] ; 125.000      ; -0.046     ; 1.604      ;
; 123.338 ; pc:PC|resetControl ; register:IMM|out[23]   ; pll|altpll_component|auto_generated|pll1|clk[1] ; pll|altpll_component|auto_generated|pll1|clk[1] ; 125.000      ; -0.046     ; 1.604      ;
; 123.338 ; pc:PC|resetControl ; register:IMM|out[22]   ; pll|altpll_component|auto_generated|pll1|clk[1] ; pll|altpll_component|auto_generated|pll1|clk[1] ; 125.000      ; -0.046     ; 1.604      ;
; 123.338 ; pc:PC|resetControl ; register:IMM|out[20]   ; pll|altpll_component|auto_generated|pll1|clk[1] ; pll|altpll_component|auto_generated|pll1|clk[1] ; 125.000      ; -0.046     ; 1.604      ;
; 123.338 ; pc:PC|resetControl ; register:IMM|out[26]   ; pll|altpll_component|auto_generated|pll1|clk[1] ; pll|altpll_component|auto_generated|pll1|clk[1] ; 125.000      ; -0.046     ; 1.604      ;
; 123.338 ; pc:PC|resetControl ; register:IMM|out[27]   ; pll|altpll_component|auto_generated|pll1|clk[1] ; pll|altpll_component|auto_generated|pll1|clk[1] ; 125.000      ; -0.046     ; 1.604      ;
; 123.338 ; pc:PC|resetControl ; register:IMM|out[28]   ; pll|altpll_component|auto_generated|pll1|clk[1] ; pll|altpll_component|auto_generated|pll1|clk[1] ; 125.000      ; -0.046     ; 1.604      ;
; 123.338 ; pc:PC|resetControl ; register:IMM|out[29]   ; pll|altpll_component|auto_generated|pll1|clk[1] ; pll|altpll_component|auto_generated|pll1|clk[1] ; 125.000      ; -0.046     ; 1.604      ;
; 123.512 ; pc:PC|resetControl ; register:IMM|out[21]   ; pll|altpll_component|auto_generated|pll1|clk[1] ; pll|altpll_component|auto_generated|pll1|clk[1] ; 125.000      ; -0.030     ; 1.446      ;
; 123.512 ; pc:PC|resetControl ; register:IMM|out[19]   ; pll|altpll_component|auto_generated|pll1|clk[1] ; pll|altpll_component|auto_generated|pll1|clk[1] ; 125.000      ; -0.030     ; 1.446      ;
; 123.544 ; pc:PC|resetControl ; register:IMM|out[24]   ; pll|altpll_component|auto_generated|pll1|clk[1] ; pll|altpll_component|auto_generated|pll1|clk[1] ; 125.000      ; -0.047     ; 1.397      ;
; 123.549 ; pc:PC|resetControl ; register:CTRL1|out[5]  ; pll|altpll_component|auto_generated|pll1|clk[1] ; pll|altpll_component|auto_generated|pll1|clk[1] ; 125.000      ; -0.021     ; 1.418      ;
; 123.549 ; pc:PC|resetControl ; register:CTRL1|out[4]  ; pll|altpll_component|auto_generated|pll1|clk[1] ; pll|altpll_component|auto_generated|pll1|clk[1] ; 125.000      ; -0.021     ; 1.418      ;
; 123.641 ; pc:PC|resetControl ; register:CTRL1|out[9]  ; pll|altpll_component|auto_generated|pll1|clk[1] ; pll|altpll_component|auto_generated|pll1|clk[1] ; 125.000      ; -0.030     ; 1.317      ;
; 123.641 ; pc:PC|resetControl ; register:CTRL1|out[2]  ; pll|altpll_component|auto_generated|pll1|clk[1] ; pll|altpll_component|auto_generated|pll1|clk[1] ; 125.000      ; -0.030     ; 1.317      ;
; 123.641 ; pc:PC|resetControl ; register:CTRL1|out[6]  ; pll|altpll_component|auto_generated|pll1|clk[1] ; pll|altpll_component|auto_generated|pll1|clk[1] ; 125.000      ; -0.030     ; 1.317      ;
; 123.641 ; pc:PC|resetControl ; register:CTRL1|out[7]  ; pll|altpll_component|auto_generated|pll1|clk[1] ; pll|altpll_component|auto_generated|pll1|clk[1] ; 125.000      ; -0.030     ; 1.317      ;
; 123.705 ; pc:PC|resetControl ; register:CTRL1|out[14] ; pll|altpll_component|auto_generated|pll1|clk[1] ; pll|altpll_component|auto_generated|pll1|clk[1] ; 125.000      ; -0.026     ; 1.257      ;
; 123.705 ; pc:PC|resetControl ; register:IMM|out[2]    ; pll|altpll_component|auto_generated|pll1|clk[1] ; pll|altpll_component|auto_generated|pll1|clk[1] ; 125.000      ; -0.026     ; 1.257      ;
; 123.705 ; pc:PC|resetControl ; register:IMM|out[5]    ; pll|altpll_component|auto_generated|pll1|clk[1] ; pll|altpll_component|auto_generated|pll1|clk[1] ; 125.000      ; -0.026     ; 1.257      ;
; 123.705 ; pc:PC|resetControl ; register:IMM|out[3]    ; pll|altpll_component|auto_generated|pll1|clk[1] ; pll|altpll_component|auto_generated|pll1|clk[1] ; 125.000      ; -0.026     ; 1.257      ;
; 123.720 ; pc:PC|resetControl ; register:IMM|out[15]   ; pll|altpll_component|auto_generated|pll1|clk[1] ; pll|altpll_component|auto_generated|pll1|clk[1] ; 125.000      ; -0.033     ; 1.235      ;
; 123.720 ; pc:PC|resetControl ; register:IMM|out[30]   ; pll|altpll_component|auto_generated|pll1|clk[1] ; pll|altpll_component|auto_generated|pll1|clk[1] ; 125.000      ; -0.033     ; 1.235      ;
; 123.720 ; pc:PC|resetControl ; register:IMM|out[31]   ; pll|altpll_component|auto_generated|pll1|clk[1] ; pll|altpll_component|auto_generated|pll1|clk[1] ; 125.000      ; -0.033     ; 1.235      ;
; 123.720 ; pc:PC|resetControl ; register:IMM|out[9]    ; pll|altpll_component|auto_generated|pll1|clk[1] ; pll|altpll_component|auto_generated|pll1|clk[1] ; 125.000      ; -0.033     ; 1.235      ;
; 123.734 ; pc:PC|resetControl ; register:IMM|out[6]    ; pll|altpll_component|auto_generated|pll1|clk[1] ; pll|altpll_component|auto_generated|pll1|clk[1] ; 125.000      ; -0.032     ; 1.222      ;
; 123.734 ; pc:PC|resetControl ; register:IMM|out[17]   ; pll|altpll_component|auto_generated|pll1|clk[1] ; pll|altpll_component|auto_generated|pll1|clk[1] ; 125.000      ; -0.032     ; 1.222      ;
; 123.734 ; pc:PC|resetControl ; register:IMM|out[16]   ; pll|altpll_component|auto_generated|pll1|clk[1] ; pll|altpll_component|auto_generated|pll1|clk[1] ; 125.000      ; -0.032     ; 1.222      ;
; 123.738 ; pc:PC|resetControl ; register:IMM|out[7]    ; pll|altpll_component|auto_generated|pll1|clk[1] ; pll|altpll_component|auto_generated|pll1|clk[1] ; 125.000      ; -0.035     ; 1.215      ;
; 123.738 ; pc:PC|resetControl ; register:IMM|out[10]   ; pll|altpll_component|auto_generated|pll1|clk[1] ; pll|altpll_component|auto_generated|pll1|clk[1] ; 125.000      ; -0.035     ; 1.215      ;
; 123.826 ; pc:PC|resetControl ; register:CTRL1|out[1]  ; pll|altpll_component|auto_generated|pll1|clk[1] ; pll|altpll_component|auto_generated|pll1|clk[1] ; 125.000      ; -0.032     ; 1.130      ;
; 123.826 ; pc:PC|resetControl ; register:CTRL1|out[8]  ; pll|altpll_component|auto_generated|pll1|clk[1] ; pll|altpll_component|auto_generated|pll1|clk[1] ; 125.000      ; -0.032     ; 1.130      ;
; 123.826 ; pc:PC|resetControl ; register:CTRL1|out[3]  ; pll|altpll_component|auto_generated|pll1|clk[1] ; pll|altpll_component|auto_generated|pll1|clk[1] ; 125.000      ; -0.032     ; 1.130      ;
; 123.834 ; pc:PC|resetControl ; register:IMM|out[8]    ; pll|altpll_component|auto_generated|pll1|clk[1] ; pll|altpll_component|auto_generated|pll1|clk[1] ; 125.000      ; -0.038     ; 1.116      ;
; 123.943 ; pc:PC|resetControl ; register:CTRL1|out[13] ; pll|altpll_component|auto_generated|pll1|clk[1] ; pll|altpll_component|auto_generated|pll1|clk[1] ; 125.000      ; -0.040     ; 1.005      ;
; 123.943 ; pc:PC|resetControl ; register:CTRL1|out[12] ; pll|altpll_component|auto_generated|pll1|clk[1] ; pll|altpll_component|auto_generated|pll1|clk[1] ; 125.000      ; -0.040     ; 1.005      ;
; 123.943 ; pc:PC|resetControl ; register:CTRL1|out[11] ; pll|altpll_component|auto_generated|pll1|clk[1] ; pll|altpll_component|auto_generated|pll1|clk[1] ; 125.000      ; -0.040     ; 1.005      ;
; 123.943 ; pc:PC|resetControl ; register:CTRL1|out[10] ; pll|altpll_component|auto_generated|pll1|clk[1] ; pll|altpll_component|auto_generated|pll1|clk[1] ; 125.000      ; -0.040     ; 1.005      ;
; 123.943 ; pc:PC|resetControl ; register:IMM|out[14]   ; pll|altpll_component|auto_generated|pll1|clk[1] ; pll|altpll_component|auto_generated|pll1|clk[1] ; 125.000      ; -0.040     ; 1.005      ;
; 123.943 ; pc:PC|resetControl ; register:IMM|out[13]   ; pll|altpll_component|auto_generated|pll1|clk[1] ; pll|altpll_component|auto_generated|pll1|clk[1] ; 125.000      ; -0.040     ; 1.005      ;
; 123.943 ; pc:PC|resetControl ; register:IMM|out[12]   ; pll|altpll_component|auto_generated|pll1|clk[1] ; pll|altpll_component|auto_generated|pll1|clk[1] ; 125.000      ; -0.040     ; 1.005      ;
; 123.943 ; pc:PC|resetControl ; register:IMM|out[11]   ; pll|altpll_component|auto_generated|pll1|clk[1] ; pll|altpll_component|auto_generated|pll1|clk[1] ; 125.000      ; -0.040     ; 1.005      ;
; 124.066 ; pc:PC|resetControl ; register:IMM|out[0]    ; pll|altpll_component|auto_generated|pll1|clk[1] ; pll|altpll_component|auto_generated|pll1|clk[1] ; 125.000      ; -0.045     ; 0.877      ;
; 124.066 ; pc:PC|resetControl ; register:IMM|out[1]    ; pll|altpll_component|auto_generated|pll1|clk[1] ; pll|altpll_component|auto_generated|pll1|clk[1] ; 125.000      ; -0.045     ; 0.877      ;
; 124.066 ; pc:PC|resetControl ; register:IMM|out[4]    ; pll|altpll_component|auto_generated|pll1|clk[1] ; pll|altpll_component|auto_generated|pll1|clk[1] ; 125.000      ; -0.045     ; 0.877      ;
+---------+--------------------+------------------------+-------------------------------------------------+-------------------------------------------------+--------------+------------+------------+


+--------------------------------------------------------------------------------------------------------------------------------------------------------------------------------------------------+
; Fast 1200mV -40C Model Removal: 'pll|altpll_component|auto_generated|pll1|clk[1]'                                                                                                                ;
+-------+--------------------+------------------------+-------------------------------------------------+-------------------------------------------------+--------------+------------+------------+
; Slack ; From Node          ; To Node                ; Launch Clock                                    ; Latch Clock                                     ; Relationship ; Clock Skew ; Data Delay ;
+-------+--------------------+------------------------+-------------------------------------------------+-------------------------------------------------+--------------+------------+------------+
; 0.658 ; pc:PC|resetControl ; register:IMM|out[0]    ; pll|altpll_component|auto_generated|pll1|clk[1] ; pll|altpll_component|auto_generated|pll1|clk[1] ; 0.000        ; 0.045      ; 0.785      ;
; 0.658 ; pc:PC|resetControl ; register:IMM|out[1]    ; pll|altpll_component|auto_generated|pll1|clk[1] ; pll|altpll_component|auto_generated|pll1|clk[1] ; 0.000        ; 0.045      ; 0.785      ;
; 0.658 ; pc:PC|resetControl ; register:IMM|out[4]    ; pll|altpll_component|auto_generated|pll1|clk[1] ; pll|altpll_component|auto_generated|pll1|clk[1] ; 0.000        ; 0.045      ; 0.785      ;
; 0.758 ; pc:PC|resetControl ; register:CTRL1|out[13] ; pll|altpll_component|auto_generated|pll1|clk[1] ; pll|altpll_component|auto_generated|pll1|clk[1] ; 0.000        ; 0.050      ; 0.890      ;
; 0.758 ; pc:PC|resetControl ; register:CTRL1|out[12] ; pll|altpll_component|auto_generated|pll1|clk[1] ; pll|altpll_component|auto_generated|pll1|clk[1] ; 0.000        ; 0.050      ; 0.890      ;
; 0.758 ; pc:PC|resetControl ; register:CTRL1|out[11] ; pll|altpll_component|auto_generated|pll1|clk[1] ; pll|altpll_component|auto_generated|pll1|clk[1] ; 0.000        ; 0.050      ; 0.890      ;
; 0.758 ; pc:PC|resetControl ; register:CTRL1|out[10] ; pll|altpll_component|auto_generated|pll1|clk[1] ; pll|altpll_component|auto_generated|pll1|clk[1] ; 0.000        ; 0.050      ; 0.890      ;
; 0.758 ; pc:PC|resetControl ; register:IMM|out[14]   ; pll|altpll_component|auto_generated|pll1|clk[1] ; pll|altpll_component|auto_generated|pll1|clk[1] ; 0.000        ; 0.050      ; 0.890      ;
; 0.758 ; pc:PC|resetControl ; register:IMM|out[13]   ; pll|altpll_component|auto_generated|pll1|clk[1] ; pll|altpll_component|auto_generated|pll1|clk[1] ; 0.000        ; 0.050      ; 0.890      ;
; 0.758 ; pc:PC|resetControl ; register:IMM|out[12]   ; pll|altpll_component|auto_generated|pll1|clk[1] ; pll|altpll_component|auto_generated|pll1|clk[1] ; 0.000        ; 0.050      ; 0.890      ;
; 0.758 ; pc:PC|resetControl ; register:IMM|out[11]   ; pll|altpll_component|auto_generated|pll1|clk[1] ; pll|altpll_component|auto_generated|pll1|clk[1] ; 0.000        ; 0.050      ; 0.890      ;
; 0.832 ; pc:PC|resetControl ; register:IMM|out[8]    ; pll|altpll_component|auto_generated|pll1|clk[1] ; pll|altpll_component|auto_generated|pll1|clk[1] ; 0.000        ; 0.053      ; 0.967      ;
; 0.842 ; pc:PC|resetControl ; register:CTRL1|out[1]  ; pll|altpll_component|auto_generated|pll1|clk[1] ; pll|altpll_component|auto_generated|pll1|clk[1] ; 0.000        ; 0.058      ; 0.982      ;
; 0.842 ; pc:PC|resetControl ; register:CTRL1|out[8]  ; pll|altpll_component|auto_generated|pll1|clk[1] ; pll|altpll_component|auto_generated|pll1|clk[1] ; 0.000        ; 0.058      ; 0.982      ;
; 0.842 ; pc:PC|resetControl ; register:CTRL1|out[3]  ; pll|altpll_component|auto_generated|pll1|clk[1] ; pll|altpll_component|auto_generated|pll1|clk[1] ; 0.000        ; 0.058      ; 0.982      ;
; 0.918 ; pc:PC|resetControl ; register:IMM|out[7]    ; pll|altpll_component|auto_generated|pll1|clk[1] ; pll|altpll_component|auto_generated|pll1|clk[1] ; 0.000        ; 0.056      ; 1.056      ;
; 0.918 ; pc:PC|resetControl ; register:IMM|out[10]   ; pll|altpll_component|auto_generated|pll1|clk[1] ; pll|altpll_component|auto_generated|pll1|clk[1] ; 0.000        ; 0.056      ; 1.056      ;
; 0.921 ; pc:PC|resetControl ; register:IMM|out[6]    ; pll|altpll_component|auto_generated|pll1|clk[1] ; pll|altpll_component|auto_generated|pll1|clk[1] ; 0.000        ; 0.059      ; 1.062      ;
; 0.921 ; pc:PC|resetControl ; register:IMM|out[17]   ; pll|altpll_component|auto_generated|pll1|clk[1] ; pll|altpll_component|auto_generated|pll1|clk[1] ; 0.000        ; 0.059      ; 1.062      ;
; 0.921 ; pc:PC|resetControl ; register:IMM|out[16]   ; pll|altpll_component|auto_generated|pll1|clk[1] ; pll|altpll_component|auto_generated|pll1|clk[1] ; 0.000        ; 0.059      ; 1.062      ;
; 0.932 ; pc:PC|resetControl ; register:IMM|out[15]   ; pll|altpll_component|auto_generated|pll1|clk[1] ; pll|altpll_component|auto_generated|pll1|clk[1] ; 0.000        ; 0.057      ; 1.071      ;
; 0.932 ; pc:PC|resetControl ; register:IMM|out[30]   ; pll|altpll_component|auto_generated|pll1|clk[1] ; pll|altpll_component|auto_generated|pll1|clk[1] ; 0.000        ; 0.057      ; 1.071      ;
; 0.932 ; pc:PC|resetControl ; register:IMM|out[31]   ; pll|altpll_component|auto_generated|pll1|clk[1] ; pll|altpll_component|auto_generated|pll1|clk[1] ; 0.000        ; 0.057      ; 1.071      ;
; 0.932 ; pc:PC|resetControl ; register:IMM|out[9]    ; pll|altpll_component|auto_generated|pll1|clk[1] ; pll|altpll_component|auto_generated|pll1|clk[1] ; 0.000        ; 0.057      ; 1.071      ;
; 0.938 ; pc:PC|resetControl ; register:CTRL1|out[14] ; pll|altpll_component|auto_generated|pll1|clk[1] ; pll|altpll_component|auto_generated|pll1|clk[1] ; 0.000        ; 0.064      ; 1.084      ;
; 0.938 ; pc:PC|resetControl ; register:IMM|out[2]    ; pll|altpll_component|auto_generated|pll1|clk[1] ; pll|altpll_component|auto_generated|pll1|clk[1] ; 0.000        ; 0.064      ; 1.084      ;
; 0.938 ; pc:PC|resetControl ; register:IMM|out[5]    ; pll|altpll_component|auto_generated|pll1|clk[1] ; pll|altpll_component|auto_generated|pll1|clk[1] ; 0.000        ; 0.064      ; 1.084      ;
; 0.938 ; pc:PC|resetControl ; register:IMM|out[3]    ; pll|altpll_component|auto_generated|pll1|clk[1] ; pll|altpll_component|auto_generated|pll1|clk[1] ; 0.000        ; 0.064      ; 1.084      ;
; 0.987 ; pc:PC|resetControl ; register:CTRL1|out[9]  ; pll|altpll_component|auto_generated|pll1|clk[1] ; pll|altpll_component|auto_generated|pll1|clk[1] ; 0.000        ; 0.060      ; 1.129      ;
; 0.987 ; pc:PC|resetControl ; register:CTRL1|out[2]  ; pll|altpll_component|auto_generated|pll1|clk[1] ; pll|altpll_component|auto_generated|pll1|clk[1] ; 0.000        ; 0.060      ; 1.129      ;
; 0.987 ; pc:PC|resetControl ; register:CTRL1|out[6]  ; pll|altpll_component|auto_generated|pll1|clk[1] ; pll|altpll_component|auto_generated|pll1|clk[1] ; 0.000        ; 0.060      ; 1.129      ;
; 0.987 ; pc:PC|resetControl ; register:CTRL1|out[7]  ; pll|altpll_component|auto_generated|pll1|clk[1] ; pll|altpll_component|auto_generated|pll1|clk[1] ; 0.000        ; 0.060      ; 1.129      ;
; 1.079 ; pc:PC|resetControl ; register:CTRL1|out[5]  ; pll|altpll_component|auto_generated|pll1|clk[1] ; pll|altpll_component|auto_generated|pll1|clk[1] ; 0.000        ; 0.070      ; 1.231      ;
; 1.079 ; pc:PC|resetControl ; register:CTRL1|out[4]  ; pll|altpll_component|auto_generated|pll1|clk[1] ; pll|altpll_component|auto_generated|pll1|clk[1] ; 0.000        ; 0.070      ; 1.231      ;
; 1.089 ; pc:PC|resetControl ; register:IMM|out[24]   ; pll|altpll_component|auto_generated|pll1|clk[1] ; pll|altpll_component|auto_generated|pll1|clk[1] ; 0.000        ; 0.042      ; 1.213      ;
; 1.099 ; pc:PC|resetControl ; register:IMM|out[21]   ; pll|altpll_component|auto_generated|pll1|clk[1] ; pll|altpll_component|auto_generated|pll1|clk[1] ; 0.000        ; 0.060      ; 1.241      ;
; 1.099 ; pc:PC|resetControl ; register:IMM|out[19]   ; pll|altpll_component|auto_generated|pll1|clk[1] ; pll|altpll_component|auto_generated|pll1|clk[1] ; 0.000        ; 0.060      ; 1.241      ;
; 1.259 ; pc:PC|resetControl ; register:IMM|out[18]   ; pll|altpll_component|auto_generated|pll1|clk[1] ; pll|altpll_component|auto_generated|pll1|clk[1] ; 0.000        ; 0.044      ; 1.385      ;
; 1.259 ; pc:PC|resetControl ; register:IMM|out[25]   ; pll|altpll_component|auto_generated|pll1|clk[1] ; pll|altpll_component|auto_generated|pll1|clk[1] ; 0.000        ; 0.044      ; 1.385      ;
; 1.259 ; pc:PC|resetControl ; register:IMM|out[23]   ; pll|altpll_component|auto_generated|pll1|clk[1] ; pll|altpll_component|auto_generated|pll1|clk[1] ; 0.000        ; 0.044      ; 1.385      ;
; 1.259 ; pc:PC|resetControl ; register:IMM|out[22]   ; pll|altpll_component|auto_generated|pll1|clk[1] ; pll|altpll_component|auto_generated|pll1|clk[1] ; 0.000        ; 0.044      ; 1.385      ;
; 1.259 ; pc:PC|resetControl ; register:IMM|out[20]   ; pll|altpll_component|auto_generated|pll1|clk[1] ; pll|altpll_component|auto_generated|pll1|clk[1] ; 0.000        ; 0.044      ; 1.385      ;
; 1.259 ; pc:PC|resetControl ; register:IMM|out[26]   ; pll|altpll_component|auto_generated|pll1|clk[1] ; pll|altpll_component|auto_generated|pll1|clk[1] ; 0.000        ; 0.044      ; 1.385      ;
; 1.259 ; pc:PC|resetControl ; register:IMM|out[27]   ; pll|altpll_component|auto_generated|pll1|clk[1] ; pll|altpll_component|auto_generated|pll1|clk[1] ; 0.000        ; 0.044      ; 1.385      ;
; 1.259 ; pc:PC|resetControl ; register:IMM|out[28]   ; pll|altpll_component|auto_generated|pll1|clk[1] ; pll|altpll_component|auto_generated|pll1|clk[1] ; 0.000        ; 0.044      ; 1.385      ;
; 1.259 ; pc:PC|resetControl ; register:IMM|out[29]   ; pll|altpll_component|auto_generated|pll1|clk[1] ; pll|altpll_component|auto_generated|pll1|clk[1] ; 0.000        ; 0.044      ; 1.385      ;
+-------+--------------------+------------------------+-------------------------------------------------+-------------------------------------------------+--------------+------------+------------+


+----------------------------------------------------------------------------------------------------------------------------------------------------------------------------------------------------------------------------------------------------------------------+
; Fast 1200mV -40C Model Removal: 'pll|altpll_component|auto_generated|pll1|clk[0]'                                                                                                                                                                                    ;
+-------+-------------------------------------------------------+---------------------------------------------------------+-------------------------------------------------+-------------------------------------------------+--------------+------------+------------+
; Slack ; From Node                                             ; To Node                                                 ; Launch Clock                                    ; Latch Clock                                     ; Relationship ; Clock Skew ; Data Delay ;
+-------+-------------------------------------------------------+---------------------------------------------------------+-------------------------------------------------+-------------------------------------------------+--------------+------------+------------+
; 0.779 ; register:CTRL1|out[5]                                 ; Multiplicador:MULTIPLICADOR|Counter:Contador|counter[3] ; pll|altpll_component|auto_generated|pll1|clk[1] ; pll|altpll_component|auto_generated|pll1|clk[0] ; -0.016       ; 0.107      ; 0.972      ;
; 0.779 ; register:CTRL1|out[5]                                 ; Multiplicador:MULTIPLICADOR|Counter:Contador|counter[4] ; pll|altpll_component|auto_generated|pll1|clk[1] ; pll|altpll_component|auto_generated|pll1|clk[0] ; -0.016       ; 0.107      ; 0.972      ;
; 0.779 ; register:CTRL1|out[5]                                 ; Multiplicador:MULTIPLICADOR|Counter:Contador|counter[5] ; pll|altpll_component|auto_generated|pll1|clk[1] ; pll|altpll_component|auto_generated|pll1|clk[0] ; -0.016       ; 0.107      ; 0.972      ;
; 0.779 ; register:CTRL1|out[5]                                 ; Multiplicador:MULTIPLICADOR|Counter:Contador|aux_load   ; pll|altpll_component|auto_generated|pll1|clk[1] ; pll|altpll_component|auto_generated|pll1|clk[0] ; -0.016       ; 0.107      ; 0.972      ;
; 0.779 ; register:CTRL1|out[5]                                 ; Multiplicador:MULTIPLICADOR|Counter:Contador|counter[1] ; pll|altpll_component|auto_generated|pll1|clk[1] ; pll|altpll_component|auto_generated|pll1|clk[0] ; -0.016       ; 0.107      ; 0.972      ;
; 0.779 ; register:CTRL1|out[5]                                 ; Multiplicador:MULTIPLICADOR|Counter:Contador|counter[0] ; pll|altpll_component|auto_generated|pll1|clk[1] ; pll|altpll_component|auto_generated|pll1|clk[0] ; -0.016       ; 0.107      ; 0.972      ;
; 0.779 ; register:CTRL1|out[5]                                 ; Multiplicador:MULTIPLICADOR|Counter:Contador|counter[2] ; pll|altpll_component|auto_generated|pll1|clk[1] ; pll|altpll_component|auto_generated|pll1|clk[0] ; -0.016       ; 0.107      ; 0.972      ;
; 0.779 ; register:CTRL1|out[5]                                 ; Multiplicador:MULTIPLICADOR|Counter:Contador|K          ; pll|altpll_component|auto_generated|pll1|clk[1] ; pll|altpll_component|auto_generated|pll1|clk[0] ; -0.016       ; 0.107      ; 0.972      ;
; 0.833 ; Multiplicador:MULTIPLICADOR|CONTROL:controle|state.S0 ; Multiplicador:MULTIPLICADOR|Counter:Contador|K          ; pll|altpll_component|auto_generated|pll1|clk[0] ; pll|altpll_component|auto_generated|pll1|clk[0] ; 0.000        ; 0.045      ; 0.960      ;
; 0.833 ; Multiplicador:MULTIPLICADOR|CONTROL:controle|state.S0 ; Multiplicador:MULTIPLICADOR|Counter:Contador|aux_load   ; pll|altpll_component|auto_generated|pll1|clk[0] ; pll|altpll_component|auto_generated|pll1|clk[0] ; 0.000        ; 0.045      ; 0.960      ;
; 0.833 ; Multiplicador:MULTIPLICADOR|CONTROL:controle|state.S0 ; Multiplicador:MULTIPLICADOR|Counter:Contador|counter[0] ; pll|altpll_component|auto_generated|pll1|clk[0] ; pll|altpll_component|auto_generated|pll1|clk[0] ; 0.000        ; 0.045      ; 0.960      ;
; 0.833 ; Multiplicador:MULTIPLICADOR|CONTROL:controle|state.S0 ; Multiplicador:MULTIPLICADOR|Counter:Contador|counter[5] ; pll|altpll_component|auto_generated|pll1|clk[0] ; pll|altpll_component|auto_generated|pll1|clk[0] ; 0.000        ; 0.045      ; 0.960      ;
; 0.833 ; Multiplicador:MULTIPLICADOR|CONTROL:controle|state.S0 ; Multiplicador:MULTIPLICADOR|Counter:Contador|counter[4] ; pll|altpll_component|auto_generated|pll1|clk[0] ; pll|altpll_component|auto_generated|pll1|clk[0] ; 0.000        ; 0.045      ; 0.960      ;
; 0.833 ; Multiplicador:MULTIPLICADOR|CONTROL:controle|state.S0 ; Multiplicador:MULTIPLICADOR|Counter:Contador|counter[3] ; pll|altpll_component|auto_generated|pll1|clk[0] ; pll|altpll_component|auto_generated|pll1|clk[0] ; 0.000        ; 0.045      ; 0.960      ;
; 0.833 ; Multiplicador:MULTIPLICADOR|CONTROL:controle|state.S0 ; Multiplicador:MULTIPLICADOR|Counter:Contador|counter[2] ; pll|altpll_component|auto_generated|pll1|clk[0] ; pll|altpll_component|auto_generated|pll1|clk[0] ; 0.000        ; 0.045      ; 0.960      ;
; 0.833 ; Multiplicador:MULTIPLICADOR|CONTROL:controle|state.S0 ; Multiplicador:MULTIPLICADOR|Counter:Contador|counter[1] ; pll|altpll_component|auto_generated|pll1|clk[0] ; pll|altpll_component|auto_generated|pll1|clk[0] ; 0.000        ; 0.045      ; 0.960      ;
+-------+-------------------------------------------------------+---------------------------------------------------------+-------------------------------------------------+-------------------------------------------------+--------------+------------+------------+


------------------------------------------------
; Fast 1200mV -40C Model Metastability Summary ;
------------------------------------------------
No synchronizer chains to report.


+--------------------------------------------------------------------------------------------------------------+
; Multicorner Timing Analysis Summary                                                                          ;
+--------------------------------------------------+--------+-------+----------+---------+---------------------+
; Clock                                            ; Setup  ; Hold  ; Recovery ; Removal ; Minimum Pulse Width ;
+--------------------------------------------------+--------+-------+----------+---------+---------------------+
; Worst-case Slack                                 ; -1.724 ; 0.160 ; 1.169    ; 0.658   ; 1.176               ;
;  CLK                                             ; N/A    ; N/A   ; N/A      ; N/A     ; 9.626               ;
;  pll|altpll_component|auto_generated|pll1|clk[0] ; -0.065 ; 0.160 ; 1.169    ; 0.779   ; 1.176               ;
;  pll|altpll_component|auto_generated|pll1|clk[1] ; -1.724 ; 0.236 ; 121.749  ; 0.658   ; 62.114              ;
; Design-wide TNS                                  ; -6.998 ; 0.0   ; 0.0      ; 0.0     ; 0.0                 ;
;  CLK                                             ; N/A    ; N/A   ; N/A      ; N/A     ; 0.000               ;
;  pll|altpll_component|auto_generated|pll1|clk[0] ; -0.110 ; 0.000 ; 0.000    ; 0.000   ; 0.000               ;
;  pll|altpll_component|auto_generated|pll1|clk[1] ; -6.888 ; 0.000 ; 0.000    ; 0.000   ; 0.000               ;
+--------------------------------------------------+--------+-------+----------+---------+---------------------+


+-----------------------------------------------------------------------------------------------------------------------------------------------------------------------------------------------------------------------------------------------------------------------------------------------------------------------------------------------------------------------------------------------------------------------+
; Board Trace Model Assignments                                                                                                                                                                                                                                                                                                                                                                                         ;
+--------------------+--------------+-------------------+-------------------------+-------------------------+---------------+---------------------+----------------+------------------+--------+------------------+------------------------+------------------------+--------------+---------------+-----------------+-------+---------------------+--------------------+---------------+-----------------+-------------+
; Pin                ; I/O Standard ; Near Tline Length ; Near Tline L per Length ; Near Tline C per Length ; Near Series R ; Near Differential R ; Near Pull-up R ; Near Pull-down R ; Near C ; Far Tline Length ; Far Tline L per Length ; Far Tline C per Length ; Far Series R ; Far Pull-up R ; Far Pull-down R ; Far C ; Termination Voltage ; Far Differential R ; EBD File Name ; EBD Signal Name ; EBD Far-end ;
+--------------------+--------------+-------------------+-------------------------+-------------------------+---------------+---------------------+----------------+------------------+--------+------------------+------------------------+------------------------+--------------+---------------+-----------------+-------+---------------------+--------------------+---------------+-----------------+-------------+
; ADDR[0]            ; 2.5 V        ; 0 in              ; 0 H/in                  ; 0 F/in                  ; short         ; -                   ; open           ; open             ; open   ; 0 in             ; 0 H/in                 ; 0 F/in                 ; short        ; open          ; open            ; open  ; 0 V                 ; -                  ; n/a           ; n/a             ; n/a         ;
; ADDR[1]            ; 2.5 V        ; 0 in              ; 0 H/in                  ; 0 F/in                  ; short         ; -                   ; open           ; open             ; open   ; 0 in             ; 0 H/in                 ; 0 F/in                 ; short        ; open          ; open            ; open  ; 0 V                 ; -                  ; n/a           ; n/a             ; n/a         ;
; ADDR[2]            ; 2.5 V        ; 0 in              ; 0 H/in                  ; 0 F/in                  ; short         ; -                   ; open           ; open             ; open   ; 0 in             ; 0 H/in                 ; 0 F/in                 ; short        ; open          ; open            ; open  ; 0 V                 ; -                  ; n/a           ; n/a             ; n/a         ;
; ADDR[3]            ; 2.5 V        ; 0 in              ; 0 H/in                  ; 0 F/in                  ; short         ; -                   ; open           ; open             ; open   ; 0 in             ; 0 H/in                 ; 0 F/in                 ; short        ; open          ; open            ; open  ; 0 V                 ; -                  ; n/a           ; n/a             ; n/a         ;
; ADDR[4]            ; 2.5 V        ; 0 in              ; 0 H/in                  ; 0 F/in                  ; short         ; -                   ; open           ; open             ; open   ; 0 in             ; 0 H/in                 ; 0 F/in                 ; short        ; open          ; open            ; open  ; 0 V                 ; -                  ; n/a           ; n/a             ; n/a         ;
; ADDR[5]            ; 2.5 V        ; 0 in              ; 0 H/in                  ; 0 F/in                  ; short         ; -                   ; open           ; open             ; open   ; 0 in             ; 0 H/in                 ; 0 F/in                 ; short        ; open          ; open            ; open  ; 0 V                 ; -                  ; n/a           ; n/a             ; n/a         ;
; ADDR[6]            ; 2.5 V        ; 0 in              ; 0 H/in                  ; 0 F/in                  ; short         ; -                   ; open           ; open             ; open   ; 0 in             ; 0 H/in                 ; 0 F/in                 ; short        ; open          ; open            ; open  ; 0 V                 ; -                  ; n/a           ; n/a             ; n/a         ;
; ADDR[7]            ; 2.5 V        ; 0 in              ; 0 H/in                  ; 0 F/in                  ; short         ; -                   ; open           ; open             ; open   ; 0 in             ; 0 H/in                 ; 0 F/in                 ; short        ; open          ; open            ; open  ; 0 V                 ; -                  ; n/a           ; n/a             ; n/a         ;
; ADDR[8]            ; 2.5 V        ; 0 in              ; 0 H/in                  ; 0 F/in                  ; short         ; -                   ; open           ; open             ; open   ; 0 in             ; 0 H/in                 ; 0 F/in                 ; short        ; open          ; open            ; open  ; 0 V                 ; -                  ; n/a           ; n/a             ; n/a         ;
; ADDR[9]            ; 2.5 V        ; 0 in              ; 0 H/in                  ; 0 F/in                  ; short         ; -                   ; open           ; open             ; open   ; 0 in             ; 0 H/in                 ; 0 F/in                 ; short        ; open          ; open            ; open  ; 0 V                 ; -                  ; n/a           ; n/a             ; n/a         ;
; ADDR[10]           ; 2.5 V        ; 0 in              ; 0 H/in                  ; 0 F/in                  ; short         ; -                   ; open           ; open             ; open   ; 0 in             ; 0 H/in                 ; 0 F/in                 ; short        ; open          ; open            ; open  ; 0 V                 ; -                  ; n/a           ; n/a             ; n/a         ;
; ADDR[11]           ; 2.5 V        ; 0 in              ; 0 H/in                  ; 0 F/in                  ; short         ; -                   ; open           ; open             ; open   ; 0 in             ; 0 H/in                 ; 0 F/in                 ; short        ; open          ; open            ; open  ; 0 V                 ; -                  ; n/a           ; n/a             ; n/a         ;
; ADDR[12]           ; 2.5 V        ; 0 in              ; 0 H/in                  ; 0 F/in                  ; short         ; -                   ; open           ; open             ; open   ; 0 in             ; 0 H/in                 ; 0 F/in                 ; short        ; open          ; open            ; open  ; 0 V                 ; -                  ; n/a           ; n/a             ; n/a         ;
; ADDR[13]           ; 2.5 V        ; 0 in              ; 0 H/in                  ; 0 F/in                  ; short         ; -                   ; open           ; open             ; open   ; 0 in             ; 0 H/in                 ; 0 F/in                 ; short        ; open          ; open            ; open  ; 0 V                 ; -                  ; n/a           ; n/a             ; n/a         ;
; ADDR[14]           ; 2.5 V        ; 0 in              ; 0 H/in                  ; 0 F/in                  ; short         ; -                   ; open           ; open             ; open   ; 0 in             ; 0 H/in                 ; 0 F/in                 ; short        ; open          ; open            ; open  ; 0 V                 ; -                  ; n/a           ; n/a             ; n/a         ;
; ADDR[15]           ; 2.5 V        ; 0 in              ; 0 H/in                  ; 0 F/in                  ; short         ; -                   ; open           ; open             ; open   ; 0 in             ; 0 H/in                 ; 0 F/in                 ; short        ; open          ; open            ; open  ; 0 V                 ; -                  ; n/a           ; n/a             ; n/a         ;
; ADDR[16]           ; 2.5 V        ; 0 in              ; 0 H/in                  ; 0 F/in                  ; short         ; -                   ; open           ; open             ; open   ; 0 in             ; 0 H/in                 ; 0 F/in                 ; short        ; open          ; open            ; open  ; 0 V                 ; -                  ; n/a           ; n/a             ; n/a         ;
; ADDR[17]           ; 2.5 V        ; 0 in              ; 0 H/in                  ; 0 F/in                  ; short         ; -                   ; open           ; open             ; open   ; 0 in             ; 0 H/in                 ; 0 F/in                 ; short        ; open          ; open            ; open  ; 0 V                 ; -                  ; n/a           ; n/a             ; n/a         ;
; ADDR[18]           ; 2.5 V        ; 0 in              ; 0 H/in                  ; 0 F/in                  ; short         ; -                   ; open           ; open             ; open   ; 0 in             ; 0 H/in                 ; 0 F/in                 ; short        ; open          ; open            ; open  ; 0 V                 ; -                  ; n/a           ; n/a             ; n/a         ;
; ADDR[19]           ; 2.5 V        ; 0 in              ; 0 H/in                  ; 0 F/in                  ; short         ; -                   ; open           ; open             ; open   ; 0 in             ; 0 H/in                 ; 0 F/in                 ; short        ; open          ; open            ; open  ; 0 V                 ; -                  ; n/a           ; n/a             ; n/a         ;
; ADDR[20]           ; 2.5 V        ; 0 in              ; 0 H/in                  ; 0 F/in                  ; short         ; -                   ; open           ; open             ; open   ; 0 in             ; 0 H/in                 ; 0 F/in                 ; short        ; open          ; open            ; open  ; 0 V                 ; -                  ; n/a           ; n/a             ; n/a         ;
; ADDR[21]           ; 2.5 V        ; 0 in              ; 0 H/in                  ; 0 F/in                  ; short         ; -                   ; open           ; open             ; open   ; 0 in             ; 0 H/in                 ; 0 F/in                 ; short        ; open          ; open            ; open  ; 0 V                 ; -                  ; n/a           ; n/a             ; n/a         ;
; ADDR[22]           ; 2.5 V        ; 0 in              ; 0 H/in                  ; 0 F/in                  ; short         ; -                   ; open           ; open             ; open   ; 0 in             ; 0 H/in                 ; 0 F/in                 ; short        ; open          ; open            ; open  ; 0 V                 ; -                  ; n/a           ; n/a             ; n/a         ;
; ADDR[23]           ; 2.5 V        ; 0 in              ; 0 H/in                  ; 0 F/in                  ; short         ; -                   ; open           ; open             ; open   ; 0 in             ; 0 H/in                 ; 0 F/in                 ; short        ; open          ; open            ; open  ; 0 V                 ; -                  ; n/a           ; n/a             ; n/a         ;
; ADDR[24]           ; 2.5 V        ; 0 in              ; 0 H/in                  ; 0 F/in                  ; short         ; -                   ; open           ; open             ; open   ; 0 in             ; 0 H/in                 ; 0 F/in                 ; short        ; open          ; open            ; open  ; 0 V                 ; -                  ; n/a           ; n/a             ; n/a         ;
; ADDR[25]           ; 2.5 V        ; 0 in              ; 0 H/in                  ; 0 F/in                  ; short         ; -                   ; open           ; open             ; open   ; 0 in             ; 0 H/in                 ; 0 F/in                 ; short        ; open          ; open            ; open  ; 0 V                 ; -                  ; n/a           ; n/a             ; n/a         ;
; ADDR[26]           ; 2.5 V        ; 0 in              ; 0 H/in                  ; 0 F/in                  ; short         ; -                   ; open           ; open             ; open   ; 0 in             ; 0 H/in                 ; 0 F/in                 ; short        ; open          ; open            ; open  ; 0 V                 ; -                  ; n/a           ; n/a             ; n/a         ;
; ADDR[27]           ; 2.5 V        ; 0 in              ; 0 H/in                  ; 0 F/in                  ; short         ; -                   ; open           ; open             ; open   ; 0 in             ; 0 H/in                 ; 0 F/in                 ; short        ; open          ; open            ; open  ; 0 V                 ; -                  ; n/a           ; n/a             ; n/a         ;
; ADDR[28]           ; 2.5 V        ; 0 in              ; 0 H/in                  ; 0 F/in                  ; short         ; -                   ; open           ; open             ; open   ; 0 in             ; 0 H/in                 ; 0 F/in                 ; short        ; open          ; open            ; open  ; 0 V                 ; -                  ; n/a           ; n/a             ; n/a         ;
; ADDR[29]           ; 2.5 V        ; 0 in              ; 0 H/in                  ; 0 F/in                  ; short         ; -                   ; open           ; open             ; open   ; 0 in             ; 0 H/in                 ; 0 F/in                 ; short        ; open          ; open            ; open  ; 0 V                 ; -                  ; n/a           ; n/a             ; n/a         ;
; ADDR[30]           ; 2.5 V        ; 0 in              ; 0 H/in                  ; 0 F/in                  ; short         ; -                   ; open           ; open             ; open   ; 0 in             ; 0 H/in                 ; 0 F/in                 ; short        ; open          ; open            ; open  ; 0 V                 ; -                  ; n/a           ; n/a             ; n/a         ;
; ADDR[31]           ; 2.5 V        ; 0 in              ; 0 H/in                  ; 0 F/in                  ; short         ; -                   ; open           ; open             ; open   ; 0 in             ; 0 H/in                 ; 0 F/in                 ; short        ; open          ; open            ; open  ; 0 V                 ; -                  ; n/a           ; n/a             ; n/a         ;
; Data_BUS_WRITE[0]  ; 2.5 V        ; 0 in              ; 0 H/in                  ; 0 F/in                  ; short         ; -                   ; open           ; open             ; open   ; 0 in             ; 0 H/in                 ; 0 F/in                 ; short        ; open          ; open            ; open  ; 0 V                 ; -                  ; n/a           ; n/a             ; n/a         ;
; Data_BUS_WRITE[1]  ; 2.5 V        ; 0 in              ; 0 H/in                  ; 0 F/in                  ; short         ; -                   ; open           ; open             ; open   ; 0 in             ; 0 H/in                 ; 0 F/in                 ; short        ; open          ; open            ; open  ; 0 V                 ; -                  ; n/a           ; n/a             ; n/a         ;
; Data_BUS_WRITE[2]  ; 2.5 V        ; 0 in              ; 0 H/in                  ; 0 F/in                  ; short         ; -                   ; open           ; open             ; open   ; 0 in             ; 0 H/in                 ; 0 F/in                 ; short        ; open          ; open            ; open  ; 0 V                 ; -                  ; n/a           ; n/a             ; n/a         ;
; Data_BUS_WRITE[3]  ; 2.5 V        ; 0 in              ; 0 H/in                  ; 0 F/in                  ; short         ; -                   ; open           ; open             ; open   ; 0 in             ; 0 H/in                 ; 0 F/in                 ; short        ; open          ; open            ; open  ; 0 V                 ; -                  ; n/a           ; n/a             ; n/a         ;
; Data_BUS_WRITE[4]  ; 2.5 V        ; 0 in              ; 0 H/in                  ; 0 F/in                  ; short         ; -                   ; open           ; open             ; open   ; 0 in             ; 0 H/in                 ; 0 F/in                 ; short        ; open          ; open            ; open  ; 0 V                 ; -                  ; n/a           ; n/a             ; n/a         ;
; Data_BUS_WRITE[5]  ; 2.5 V        ; 0 in              ; 0 H/in                  ; 0 F/in                  ; short         ; -                   ; open           ; open             ; open   ; 0 in             ; 0 H/in                 ; 0 F/in                 ; short        ; open          ; open            ; open  ; 0 V                 ; -                  ; n/a           ; n/a             ; n/a         ;
; Data_BUS_WRITE[6]  ; 2.5 V        ; 0 in              ; 0 H/in                  ; 0 F/in                  ; short         ; -                   ; open           ; open             ; open   ; 0 in             ; 0 H/in                 ; 0 F/in                 ; short        ; open          ; open            ; open  ; 0 V                 ; -                  ; n/a           ; n/a             ; n/a         ;
; Data_BUS_WRITE[7]  ; 2.5 V        ; 0 in              ; 0 H/in                  ; 0 F/in                  ; short         ; -                   ; open           ; open             ; open   ; 0 in             ; 0 H/in                 ; 0 F/in                 ; short        ; open          ; open            ; open  ; 0 V                 ; -                  ; n/a           ; n/a             ; n/a         ;
; Data_BUS_WRITE[8]  ; 2.5 V        ; 0 in              ; 0 H/in                  ; 0 F/in                  ; short         ; -                   ; open           ; open             ; open   ; 0 in             ; 0 H/in                 ; 0 F/in                 ; short        ; open          ; open            ; open  ; 0 V                 ; -                  ; n/a           ; n/a             ; n/a         ;
; Data_BUS_WRITE[9]  ; 2.5 V        ; 0 in              ; 0 H/in                  ; 0 F/in                  ; short         ; -                   ; open           ; open             ; open   ; 0 in             ; 0 H/in                 ; 0 F/in                 ; short        ; open          ; open            ; open  ; 0 V                 ; -                  ; n/a           ; n/a             ; n/a         ;
; Data_BUS_WRITE[10] ; 2.5 V        ; 0 in              ; 0 H/in                  ; 0 F/in                  ; short         ; -                   ; open           ; open             ; open   ; 0 in             ; 0 H/in                 ; 0 F/in                 ; short        ; open          ; open            ; open  ; 0 V                 ; -                  ; n/a           ; n/a             ; n/a         ;
; Data_BUS_WRITE[11] ; 2.5 V        ; 0 in              ; 0 H/in                  ; 0 F/in                  ; short         ; -                   ; open           ; open             ; open   ; 0 in             ; 0 H/in                 ; 0 F/in                 ; short        ; open          ; open            ; open  ; 0 V                 ; -                  ; n/a           ; n/a             ; n/a         ;
; Data_BUS_WRITE[12] ; 2.5 V        ; 0 in              ; 0 H/in                  ; 0 F/in                  ; short         ; -                   ; open           ; open             ; open   ; 0 in             ; 0 H/in                 ; 0 F/in                 ; short        ; open          ; open            ; open  ; 0 V                 ; -                  ; n/a           ; n/a             ; n/a         ;
; Data_BUS_WRITE[13] ; 2.5 V        ; 0 in              ; 0 H/in                  ; 0 F/in                  ; short         ; -                   ; open           ; open             ; open   ; 0 in             ; 0 H/in                 ; 0 F/in                 ; short        ; open          ; open            ; open  ; 0 V                 ; -                  ; n/a           ; n/a             ; n/a         ;
; Data_BUS_WRITE[14] ; 2.5 V        ; 0 in              ; 0 H/in                  ; 0 F/in                  ; short         ; -                   ; open           ; open             ; open   ; 0 in             ; 0 H/in                 ; 0 F/in                 ; short        ; open          ; open            ; open  ; 0 V                 ; -                  ; n/a           ; n/a             ; n/a         ;
; Data_BUS_WRITE[15] ; 2.5 V        ; 0 in              ; 0 H/in                  ; 0 F/in                  ; short         ; -                   ; open           ; open             ; open   ; 0 in             ; 0 H/in                 ; 0 F/in                 ; short        ; open          ; open            ; open  ; 0 V                 ; -                  ; n/a           ; n/a             ; n/a         ;
; Data_BUS_WRITE[16] ; 2.5 V        ; 0 in              ; 0 H/in                  ; 0 F/in                  ; short         ; -                   ; open           ; open             ; open   ; 0 in             ; 0 H/in                 ; 0 F/in                 ; short        ; open          ; open            ; open  ; 0 V                 ; -                  ; n/a           ; n/a             ; n/a         ;
; Data_BUS_WRITE[17] ; 2.5 V        ; 0 in              ; 0 H/in                  ; 0 F/in                  ; short         ; -                   ; open           ; open             ; open   ; 0 in             ; 0 H/in                 ; 0 F/in                 ; short        ; open          ; open            ; open  ; 0 V                 ; -                  ; n/a           ; n/a             ; n/a         ;
; Data_BUS_WRITE[18] ; 2.5 V        ; 0 in              ; 0 H/in                  ; 0 F/in                  ; short         ; -                   ; open           ; open             ; open   ; 0 in             ; 0 H/in                 ; 0 F/in                 ; short        ; open          ; open            ; open  ; 0 V                 ; -                  ; n/a           ; n/a             ; n/a         ;
; Data_BUS_WRITE[19] ; 2.5 V        ; 0 in              ; 0 H/in                  ; 0 F/in                  ; short         ; -                   ; open           ; open             ; open   ; 0 in             ; 0 H/in                 ; 0 F/in                 ; short        ; open          ; open            ; open  ; 0 V                 ; -                  ; n/a           ; n/a             ; n/a         ;
; Data_BUS_WRITE[20] ; 2.5 V        ; 0 in              ; 0 H/in                  ; 0 F/in                  ; short         ; -                   ; open           ; open             ; open   ; 0 in             ; 0 H/in                 ; 0 F/in                 ; short        ; open          ; open            ; open  ; 0 V                 ; -                  ; n/a           ; n/a             ; n/a         ;
; Data_BUS_WRITE[21] ; 2.5 V        ; 0 in              ; 0 H/in                  ; 0 F/in                  ; short         ; -                   ; open           ; open             ; open   ; 0 in             ; 0 H/in                 ; 0 F/in                 ; short        ; open          ; open            ; open  ; 0 V                 ; -                  ; n/a           ; n/a             ; n/a         ;
; Data_BUS_WRITE[22] ; 2.5 V        ; 0 in              ; 0 H/in                  ; 0 F/in                  ; short         ; -                   ; open           ; open             ; open   ; 0 in             ; 0 H/in                 ; 0 F/in                 ; short        ; open          ; open            ; open  ; 0 V                 ; -                  ; n/a           ; n/a             ; n/a         ;
; Data_BUS_WRITE[23] ; 2.5 V        ; 0 in              ; 0 H/in                  ; 0 F/in                  ; short         ; -                   ; open           ; open             ; open   ; 0 in             ; 0 H/in                 ; 0 F/in                 ; short        ; open          ; open            ; open  ; 0 V                 ; -                  ; n/a           ; n/a             ; n/a         ;
; Data_BUS_WRITE[24] ; 2.5 V        ; 0 in              ; 0 H/in                  ; 0 F/in                  ; short         ; -                   ; open           ; open             ; open   ; 0 in             ; 0 H/in                 ; 0 F/in                 ; short        ; open          ; open            ; open  ; 0 V                 ; -                  ; n/a           ; n/a             ; n/a         ;
; Data_BUS_WRITE[25] ; 2.5 V        ; 0 in              ; 0 H/in                  ; 0 F/in                  ; short         ; -                   ; open           ; open             ; open   ; 0 in             ; 0 H/in                 ; 0 F/in                 ; short        ; open          ; open            ; open  ; 0 V                 ; -                  ; n/a           ; n/a             ; n/a         ;
; Data_BUS_WRITE[26] ; 2.5 V        ; 0 in              ; 0 H/in                  ; 0 F/in                  ; short         ; -                   ; open           ; open             ; open   ; 0 in             ; 0 H/in                 ; 0 F/in                 ; short        ; open          ; open            ; open  ; 0 V                 ; -                  ; n/a           ; n/a             ; n/a         ;
; Data_BUS_WRITE[27] ; 2.5 V        ; 0 in              ; 0 H/in                  ; 0 F/in                  ; short         ; -                   ; open           ; open             ; open   ; 0 in             ; 0 H/in                 ; 0 F/in                 ; short        ; open          ; open            ; open  ; 0 V                 ; -                  ; n/a           ; n/a             ; n/a         ;
; Data_BUS_WRITE[28] ; 2.5 V        ; 0 in              ; 0 H/in                  ; 0 F/in                  ; short         ; -                   ; open           ; open             ; open   ; 0 in             ; 0 H/in                 ; 0 F/in                 ; short        ; open          ; open            ; open  ; 0 V                 ; -                  ; n/a           ; n/a             ; n/a         ;
; Data_BUS_WRITE[29] ; 2.5 V        ; 0 in              ; 0 H/in                  ; 0 F/in                  ; short         ; -                   ; open           ; open             ; open   ; 0 in             ; 0 H/in                 ; 0 F/in                 ; short        ; open          ; open            ; open  ; 0 V                 ; -                  ; n/a           ; n/a             ; n/a         ;
; Data_BUS_WRITE[30] ; 2.5 V        ; 0 in              ; 0 H/in                  ; 0 F/in                  ; short         ; -                   ; open           ; open             ; open   ; 0 in             ; 0 H/in                 ; 0 F/in                 ; short        ; open          ; open            ; open  ; 0 V                 ; -                  ; n/a           ; n/a             ; n/a         ;
; Data_BUS_WRITE[31] ; 2.5 V        ; 0 in              ; 0 H/in                  ; 0 F/in                  ; short         ; -                   ; open           ; open             ; open   ; 0 in             ; 0 H/in                 ; 0 F/in                 ; short        ; open          ; open            ; open  ; 0 V                 ; -                  ; n/a           ; n/a             ; n/a         ;
; ADDR_Prog[0]       ; 2.5 V        ; 0 in              ; 0 H/in                  ; 0 F/in                  ; short         ; -                   ; open           ; open             ; open   ; 0 in             ; 0 H/in                 ; 0 F/in                 ; short        ; open          ; open            ; open  ; 0 V                 ; -                  ; n/a           ; n/a             ; n/a         ;
; ADDR_Prog[1]       ; 2.5 V        ; 0 in              ; 0 H/in                  ; 0 F/in                  ; short         ; -                   ; open           ; open             ; open   ; 0 in             ; 0 H/in                 ; 0 F/in                 ; short        ; open          ; open            ; open  ; 0 V                 ; -                  ; n/a           ; n/a             ; n/a         ;
; ADDR_Prog[2]       ; 2.5 V        ; 0 in              ; 0 H/in                  ; 0 F/in                  ; short         ; -                   ; open           ; open             ; open   ; 0 in             ; 0 H/in                 ; 0 F/in                 ; short        ; open          ; open            ; open  ; 0 V                 ; -                  ; n/a           ; n/a             ; n/a         ;
; ADDR_Prog[3]       ; 2.5 V        ; 0 in              ; 0 H/in                  ; 0 F/in                  ; short         ; -                   ; open           ; open             ; open   ; 0 in             ; 0 H/in                 ; 0 F/in                 ; short        ; open          ; open            ; open  ; 0 V                 ; -                  ; n/a           ; n/a             ; n/a         ;
; ADDR_Prog[4]       ; 2.5 V        ; 0 in              ; 0 H/in                  ; 0 F/in                  ; short         ; -                   ; open           ; open             ; open   ; 0 in             ; 0 H/in                 ; 0 F/in                 ; short        ; open          ; open            ; open  ; 0 V                 ; -                  ; n/a           ; n/a             ; n/a         ;
; ADDR_Prog[5]       ; 2.5 V        ; 0 in              ; 0 H/in                  ; 0 F/in                  ; short         ; -                   ; open           ; open             ; open   ; 0 in             ; 0 H/in                 ; 0 F/in                 ; short        ; open          ; open            ; open  ; 0 V                 ; -                  ; n/a           ; n/a             ; n/a         ;
; ADDR_Prog[6]       ; 2.5 V        ; 0 in              ; 0 H/in                  ; 0 F/in                  ; short         ; -                   ; open           ; open             ; open   ; 0 in             ; 0 H/in                 ; 0 F/in                 ; short        ; open          ; open            ; open  ; 0 V                 ; -                  ; n/a           ; n/a             ; n/a         ;
; ADDR_Prog[7]       ; 2.5 V        ; 0 in              ; 0 H/in                  ; 0 F/in                  ; short         ; -                   ; open           ; open             ; open   ; 0 in             ; 0 H/in                 ; 0 F/in                 ; short        ; open          ; open            ; open  ; 0 V                 ; -                  ; n/a           ; n/a             ; n/a         ;
; ADDR_Prog[8]       ; 2.5 V        ; 0 in              ; 0 H/in                  ; 0 F/in                  ; short         ; -                   ; open           ; open             ; open   ; 0 in             ; 0 H/in                 ; 0 F/in                 ; short        ; open          ; open            ; open  ; 0 V                 ; -                  ; n/a           ; n/a             ; n/a         ;
; ADDR_Prog[9]       ; 2.5 V        ; 0 in              ; 0 H/in                  ; 0 F/in                  ; short         ; -                   ; open           ; open             ; open   ; 0 in             ; 0 H/in                 ; 0 F/in                 ; short        ; open          ; open            ; open  ; 0 V                 ; -                  ; n/a           ; n/a             ; n/a         ;
; ADDR_Prog[10]      ; 2.5 V        ; 0 in              ; 0 H/in                  ; 0 F/in                  ; short         ; -                   ; open           ; open             ; open   ; 0 in             ; 0 H/in                 ; 0 F/in                 ; short        ; open          ; open            ; open  ; 0 V                 ; -                  ; n/a           ; n/a             ; n/a         ;
; ADDR_Prog[11]      ; 2.5 V        ; 0 in              ; 0 H/in                  ; 0 F/in                  ; short         ; -                   ; open           ; open             ; open   ; 0 in             ; 0 H/in                 ; 0 F/in                 ; short        ; open          ; open            ; open  ; 0 V                 ; -                  ; n/a           ; n/a             ; n/a         ;
; ADDR_Prog[12]      ; 2.5 V        ; 0 in              ; 0 H/in                  ; 0 F/in                  ; short         ; -                   ; open           ; open             ; open   ; 0 in             ; 0 H/in                 ; 0 F/in                 ; short        ; open          ; open            ; open  ; 0 V                 ; -                  ; n/a           ; n/a             ; n/a         ;
; ADDR_Prog[13]      ; 2.5 V        ; 0 in              ; 0 H/in                  ; 0 F/in                  ; short         ; -                   ; open           ; open             ; open   ; 0 in             ; 0 H/in                 ; 0 F/in                 ; short        ; open          ; open            ; open  ; 0 V                 ; -                  ; n/a           ; n/a             ; n/a         ;
; ADDR_Prog[14]      ; 2.5 V        ; 0 in              ; 0 H/in                  ; 0 F/in                  ; short         ; -                   ; open           ; open             ; open   ; 0 in             ; 0 H/in                 ; 0 F/in                 ; short        ; open          ; open            ; open  ; 0 V                 ; -                  ; n/a           ; n/a             ; n/a         ;
; ADDR_Prog[15]      ; 2.5 V        ; 0 in              ; 0 H/in                  ; 0 F/in                  ; short         ; -                   ; open           ; open             ; open   ; 0 in             ; 0 H/in                 ; 0 F/in                 ; short        ; open          ; open            ; open  ; 0 V                 ; -                  ; n/a           ; n/a             ; n/a         ;
; ADDR_Prog[16]      ; 2.5 V        ; 0 in              ; 0 H/in                  ; 0 F/in                  ; short         ; -                   ; open           ; open             ; open   ; 0 in             ; 0 H/in                 ; 0 F/in                 ; short        ; open          ; open            ; open  ; 0 V                 ; -                  ; n/a           ; n/a             ; n/a         ;
; ADDR_Prog[17]      ; 2.5 V        ; 0 in              ; 0 H/in                  ; 0 F/in                  ; short         ; -                   ; open           ; open             ; open   ; 0 in             ; 0 H/in                 ; 0 F/in                 ; short        ; open          ; open            ; open  ; 0 V                 ; -                  ; n/a           ; n/a             ; n/a         ;
; ADDR_Prog[18]      ; 2.5 V        ; 0 in              ; 0 H/in                  ; 0 F/in                  ; short         ; -                   ; open           ; open             ; open   ; 0 in             ; 0 H/in                 ; 0 F/in                 ; short        ; open          ; open            ; open  ; 0 V                 ; -                  ; n/a           ; n/a             ; n/a         ;
; ADDR_Prog[19]      ; 2.5 V        ; 0 in              ; 0 H/in                  ; 0 F/in                  ; short         ; -                   ; open           ; open             ; open   ; 0 in             ; 0 H/in                 ; 0 F/in                 ; short        ; open          ; open            ; open  ; 0 V                 ; -                  ; n/a           ; n/a             ; n/a         ;
; ADDR_Prog[20]      ; 2.5 V        ; 0 in              ; 0 H/in                  ; 0 F/in                  ; short         ; -                   ; open           ; open             ; open   ; 0 in             ; 0 H/in                 ; 0 F/in                 ; short        ; open          ; open            ; open  ; 0 V                 ; -                  ; n/a           ; n/a             ; n/a         ;
; ADDR_Prog[21]      ; 2.5 V        ; 0 in              ; 0 H/in                  ; 0 F/in                  ; short         ; -                   ; open           ; open             ; open   ; 0 in             ; 0 H/in                 ; 0 F/in                 ; short        ; open          ; open            ; open  ; 0 V                 ; -                  ; n/a           ; n/a             ; n/a         ;
; ADDR_Prog[22]      ; 2.5 V        ; 0 in              ; 0 H/in                  ; 0 F/in                  ; short         ; -                   ; open           ; open             ; open   ; 0 in             ; 0 H/in                 ; 0 F/in                 ; short        ; open          ; open            ; open  ; 0 V                 ; -                  ; n/a           ; n/a             ; n/a         ;
; ADDR_Prog[23]      ; 2.5 V        ; 0 in              ; 0 H/in                  ; 0 F/in                  ; short         ; -                   ; open           ; open             ; open   ; 0 in             ; 0 H/in                 ; 0 F/in                 ; short        ; open          ; open            ; open  ; 0 V                 ; -                  ; n/a           ; n/a             ; n/a         ;
; ADDR_Prog[24]      ; 2.5 V        ; 0 in              ; 0 H/in                  ; 0 F/in                  ; short         ; -                   ; open           ; open             ; open   ; 0 in             ; 0 H/in                 ; 0 F/in                 ; short        ; open          ; open            ; open  ; 0 V                 ; -                  ; n/a           ; n/a             ; n/a         ;
; ADDR_Prog[25]      ; 2.5 V        ; 0 in              ; 0 H/in                  ; 0 F/in                  ; short         ; -                   ; open           ; open             ; open   ; 0 in             ; 0 H/in                 ; 0 F/in                 ; short        ; open          ; open            ; open  ; 0 V                 ; -                  ; n/a           ; n/a             ; n/a         ;
; ADDR_Prog[26]      ; 2.5 V        ; 0 in              ; 0 H/in                  ; 0 F/in                  ; short         ; -                   ; open           ; open             ; open   ; 0 in             ; 0 H/in                 ; 0 F/in                 ; short        ; open          ; open            ; open  ; 0 V                 ; -                  ; n/a           ; n/a             ; n/a         ;
; ADDR_Prog[27]      ; 2.5 V        ; 0 in              ; 0 H/in                  ; 0 F/in                  ; short         ; -                   ; open           ; open             ; open   ; 0 in             ; 0 H/in                 ; 0 F/in                 ; short        ; open          ; open            ; open  ; 0 V                 ; -                  ; n/a           ; n/a             ; n/a         ;
; ADDR_Prog[28]      ; 2.5 V        ; 0 in              ; 0 H/in                  ; 0 F/in                  ; short         ; -                   ; open           ; open             ; open   ; 0 in             ; 0 H/in                 ; 0 F/in                 ; short        ; open          ; open            ; open  ; 0 V                 ; -                  ; n/a           ; n/a             ; n/a         ;
; ADDR_Prog[29]      ; 2.5 V        ; 0 in              ; 0 H/in                  ; 0 F/in                  ; short         ; -                   ; open           ; open             ; open   ; 0 in             ; 0 H/in                 ; 0 F/in                 ; short        ; open          ; open            ; open  ; 0 V                 ; -                  ; n/a           ; n/a             ; n/a         ;
; ADDR_Prog[30]      ; 2.5 V        ; 0 in              ; 0 H/in                  ; 0 F/in                  ; short         ; -                   ; open           ; open             ; open   ; 0 in             ; 0 H/in                 ; 0 F/in                 ; short        ; open          ; open            ; open  ; 0 V                 ; -                  ; n/a           ; n/a             ; n/a         ;
; ADDR_Prog[31]      ; 2.5 V        ; 0 in              ; 0 H/in                  ; 0 F/in                  ; short         ; -                   ; open           ; open             ; open   ; 0 in             ; 0 H/in                 ; 0 F/in                 ; short        ; open          ; open            ; open  ; 0 V                 ; -                  ; n/a           ; n/a             ; n/a         ;
; CS                 ; 2.5 V        ; 0 in              ; 0 H/in                  ; 0 F/in                  ; short         ; -                   ; open           ; open             ; open   ; 0 in             ; 0 H/in                 ; 0 F/in                 ; short        ; open          ; open            ; open  ; 0 V                 ; -                  ; n/a           ; n/a             ; n/a         ;
; WE                 ; 2.5 V        ; 0 in              ; 0 H/in                  ; 0 F/in                  ; short         ; -                   ; open           ; open             ; open   ; 0 in             ; 0 H/in                 ; 0 F/in                 ; short        ; open          ; open            ; open  ; 0 V                 ; -                  ; n/a           ; n/a             ; n/a         ;
; CS_P               ; 2.5 V        ; 0 in              ; 0 H/in                  ; 0 F/in                  ; short         ; -                   ; open           ; open             ; open   ; 0 in             ; 0 H/in                 ; 0 F/in                 ; short        ; open          ; open            ; open  ; 0 V                 ; -                  ; n/a           ; n/a             ; n/a         ;
; ~ALTERA_NCEO~      ; 2.5 V        ; 0 in              ; 0 H/in                  ; 0 F/in                  ; short         ; -                   ; open           ; open             ; open   ; 0 in             ; 0 H/in                 ; 0 F/in                 ; short        ; open          ; open            ; open  ; 0 V                 ; -                  ; n/a           ; n/a             ; n/a         ;
; ~ALTERA_DCLK~      ; 2.5 V        ; 0 in              ; 0 H/in                  ; 0 F/in                  ; short         ; -                   ; open           ; open             ; open   ; 0 in             ; 0 H/in                 ; 0 F/in                 ; short        ; open          ; open            ; open  ; 0 V                 ; -                  ; n/a           ; n/a             ; n/a         ;
+--------------------+--------------+-------------------+-------------------------+-------------------------+---------------+---------------------+----------------+------------------+--------+------------------+------------------------+------------------------+--------------+---------------+-----------------+-------+---------------------+--------------------+---------------+-----------------+-------------+


+------------------------------------------------------------------------+
; Input Transition Times                                                 ;
+---------------------+--------------+-----------------+-----------------+
; Pin                 ; I/O Standard ; 10-90 Rise Time ; 90-10 Fall Time ;
+---------------------+--------------+-----------------+-----------------+
; Reset               ; 2.5 V        ; 2000 ps         ; 2000 ps         ;
; CLK                 ; 2.5 V        ; 2000 ps         ; 2000 ps         ;
; Prog_BUS_READ[17]   ; 2.5 V        ; 2000 ps         ; 2000 ps         ;
; Prog_BUS_READ[27]   ; 2.5 V        ; 2000 ps         ; 2000 ps         ;
; Prog_BUS_READ[29]   ; 2.5 V        ; 2000 ps         ; 2000 ps         ;
; Prog_BUS_READ[26]   ; 2.5 V        ; 2000 ps         ; 2000 ps         ;
; Prog_BUS_READ[28]   ; 2.5 V        ; 2000 ps         ; 2000 ps         ;
; Prog_BUS_READ[31]   ; 2.5 V        ; 2000 ps         ; 2000 ps         ;
; Prog_BUS_READ[30]   ; 2.5 V        ; 2000 ps         ; 2000 ps         ;
; Prog_BUS_READ[1]    ; 2.5 V        ; 2000 ps         ; 2000 ps         ;
; Prog_BUS_READ[2]    ; 2.5 V        ; 2000 ps         ; 2000 ps         ;
; Prog_BUS_READ[0]    ; 2.5 V        ; 2000 ps         ; 2000 ps         ;
; Prog_BUS_READ[4]    ; 2.5 V        ; 2000 ps         ; 2000 ps         ;
; Prog_BUS_READ[5]    ; 2.5 V        ; 2000 ps         ; 2000 ps         ;
; Prog_BUS_READ[3]    ; 2.5 V        ; 2000 ps         ; 2000 ps         ;
; Prog_BUS_READ[16]   ; 2.5 V        ; 2000 ps         ; 2000 ps         ;
; Prog_BUS_READ[19]   ; 2.5 V        ; 2000 ps         ; 2000 ps         ;
; Prog_BUS_READ[18]   ; 2.5 V        ; 2000 ps         ; 2000 ps         ;
; Prog_BUS_READ[20]   ; 2.5 V        ; 2000 ps         ; 2000 ps         ;
; Prog_BUS_READ[6]    ; 2.5 V        ; 2000 ps         ; 2000 ps         ;
; Prog_BUS_READ[7]    ; 2.5 V        ; 2000 ps         ; 2000 ps         ;
; Prog_BUS_READ[8]    ; 2.5 V        ; 2000 ps         ; 2000 ps         ;
; Prog_BUS_READ[9]    ; 2.5 V        ; 2000 ps         ; 2000 ps         ;
; Prog_BUS_READ[10]   ; 2.5 V        ; 2000 ps         ; 2000 ps         ;
; Prog_BUS_READ[11]   ; 2.5 V        ; 2000 ps         ; 2000 ps         ;
; Prog_BUS_READ[12]   ; 2.5 V        ; 2000 ps         ; 2000 ps         ;
; Prog_BUS_READ[13]   ; 2.5 V        ; 2000 ps         ; 2000 ps         ;
; Prog_BUS_READ[14]   ; 2.5 V        ; 2000 ps         ; 2000 ps         ;
; Prog_BUS_READ[15]   ; 2.5 V        ; 2000 ps         ; 2000 ps         ;
; Data_BUS_READ[0]    ; 2.5 V        ; 2000 ps         ; 2000 ps         ;
; Data_BUS_READ[1]    ; 2.5 V        ; 2000 ps         ; 2000 ps         ;
; Data_BUS_READ[2]    ; 2.5 V        ; 2000 ps         ; 2000 ps         ;
; Data_BUS_READ[3]    ; 2.5 V        ; 2000 ps         ; 2000 ps         ;
; Data_BUS_READ[4]    ; 2.5 V        ; 2000 ps         ; 2000 ps         ;
; Data_BUS_READ[5]    ; 2.5 V        ; 2000 ps         ; 2000 ps         ;
; Data_BUS_READ[6]    ; 2.5 V        ; 2000 ps         ; 2000 ps         ;
; Data_BUS_READ[7]    ; 2.5 V        ; 2000 ps         ; 2000 ps         ;
; Data_BUS_READ[8]    ; 2.5 V        ; 2000 ps         ; 2000 ps         ;
; Data_BUS_READ[9]    ; 2.5 V        ; 2000 ps         ; 2000 ps         ;
; Data_BUS_READ[10]   ; 2.5 V        ; 2000 ps         ; 2000 ps         ;
; Data_BUS_READ[11]   ; 2.5 V        ; 2000 ps         ; 2000 ps         ;
; Data_BUS_READ[12]   ; 2.5 V        ; 2000 ps         ; 2000 ps         ;
; Data_BUS_READ[13]   ; 2.5 V        ; 2000 ps         ; 2000 ps         ;
; Data_BUS_READ[14]   ; 2.5 V        ; 2000 ps         ; 2000 ps         ;
; Data_BUS_READ[15]   ; 2.5 V        ; 2000 ps         ; 2000 ps         ;
; Data_BUS_READ[16]   ; 2.5 V        ; 2000 ps         ; 2000 ps         ;
; Data_BUS_READ[17]   ; 2.5 V        ; 2000 ps         ; 2000 ps         ;
; Data_BUS_READ[18]   ; 2.5 V        ; 2000 ps         ; 2000 ps         ;
; Data_BUS_READ[19]   ; 2.5 V        ; 2000 ps         ; 2000 ps         ;
; Data_BUS_READ[20]   ; 2.5 V        ; 2000 ps         ; 2000 ps         ;
; Data_BUS_READ[21]   ; 2.5 V        ; 2000 ps         ; 2000 ps         ;
; Data_BUS_READ[22]   ; 2.5 V        ; 2000 ps         ; 2000 ps         ;
; Data_BUS_READ[23]   ; 2.5 V        ; 2000 ps         ; 2000 ps         ;
; Data_BUS_READ[24]   ; 2.5 V        ; 2000 ps         ; 2000 ps         ;
; Data_BUS_READ[25]   ; 2.5 V        ; 2000 ps         ; 2000 ps         ;
; Data_BUS_READ[26]   ; 2.5 V        ; 2000 ps         ; 2000 ps         ;
; Data_BUS_READ[27]   ; 2.5 V        ; 2000 ps         ; 2000 ps         ;
; Data_BUS_READ[28]   ; 2.5 V        ; 2000 ps         ; 2000 ps         ;
; Data_BUS_READ[29]   ; 2.5 V        ; 2000 ps         ; 2000 ps         ;
; Data_BUS_READ[30]   ; 2.5 V        ; 2000 ps         ; 2000 ps         ;
; Data_BUS_READ[31]   ; 2.5 V        ; 2000 ps         ; 2000 ps         ;
; Prog_BUS_READ[22]   ; 2.5 V        ; 2000 ps         ; 2000 ps         ;
; Prog_BUS_READ[21]   ; 2.5 V        ; 2000 ps         ; 2000 ps         ;
; Prog_BUS_READ[24]   ; 2.5 V        ; 2000 ps         ; 2000 ps         ;
; Prog_BUS_READ[23]   ; 2.5 V        ; 2000 ps         ; 2000 ps         ;
; Prog_BUS_READ[25]   ; 2.5 V        ; 2000 ps         ; 2000 ps         ;
; ~ALTERA_DATA0~      ; 2.5 V        ; 2000 ps         ; 2000 ps         ;
; ~ALTERA_ASDO_DATA1~ ; 2.5 V        ; 2000 ps         ; 2000 ps         ;
; ~ALTERA_NCSO~       ; 2.5 V        ; 2000 ps         ; 2000 ps         ;
+---------------------+--------------+-----------------+-----------------+


+-------------------------------------------------------------------------------------------------------------------------------------------------------------------------------------------------------------------------------------------------------------------------------------------------------------------------------------------------------------------------------------------------------------------------------------------------------------------------------------------------------------------------------------------------------------------------------------------------------------------------------------------------------------------------------------------------+
; Signal Integrity Metrics (Slow 1200mv n40c Model)                                                                                                                                                                                                                                                                                                                                                                                                                                                                                                                                                                                                                                               ;
+--------------------+--------------+---------------------+---------------------+------------------------------+------------------------------+---------------------+---------------------+--------------------------------------+--------------------------------------+-----------------------------+-----------------------------+----------------------------+----------------------------+-----------------------------+-----------------------------+--------------------+--------------------+-------------------------------------+-------------------------------------+----------------------------+----------------------------+---------------------------+---------------------------+
; Pin                ; I/O Standard ; Board Delay on Rise ; Board Delay on Fall ; Steady State Voh at FPGA Pin ; Steady State Vol at FPGA Pin ; Voh Max at FPGA Pin ; Vol Min at FPGA Pin ; Ringback Voltage on Rise at FPGA Pin ; Ringback Voltage on Fall at FPGA Pin ; 10-90 Rise Time at FPGA Pin ; 90-10 Fall Time at FPGA Pin ; Monotonic Rise at FPGA Pin ; Monotonic Fall at FPGA Pin ; Steady State Voh at Far-end ; Steady State Vol at Far-end ; Voh Max at Far-end ; Vol Min at Far-end ; Ringback Voltage on Rise at Far-end ; Ringback Voltage on Fall at Far-end ; 10-90 Rise Time at Far-end ; 90-10 Fall Time at Far-end ; Monotonic Rise at Far-end ; Monotonic Fall at Far-end ;
+--------------------+--------------+---------------------+---------------------+------------------------------+------------------------------+---------------------+---------------------+--------------------------------------+--------------------------------------+-----------------------------+-----------------------------+----------------------------+----------------------------+-----------------------------+-----------------------------+--------------------+--------------------+-------------------------------------+-------------------------------------+----------------------------+----------------------------+---------------------------+---------------------------+
; ADDR[0]            ; 2.5 V        ; 0 s                 ; 0 s                 ; 2.32 V                       ; 1.4e-09 V                    ; 2.39 V              ; -0.0122 V           ; 0.154 V                              ; 0.017 V                              ; 4.74e-10 s                  ; 4.5e-10 s                   ; No                         ; Yes                        ; 2.32 V                      ; 1.4e-09 V                   ; 2.39 V             ; -0.0122 V          ; 0.154 V                             ; 0.017 V                             ; 4.74e-10 s                 ; 4.5e-10 s                  ; No                        ; Yes                       ;
; ADDR[1]            ; 2.5 V        ; 0 s                 ; 0 s                 ; 2.32 V                       ; 1.4e-09 V                    ; 2.39 V              ; -0.0122 V           ; 0.154 V                              ; 0.017 V                              ; 4.74e-10 s                  ; 4.5e-10 s                   ; No                         ; Yes                        ; 2.32 V                      ; 1.4e-09 V                   ; 2.39 V             ; -0.0122 V          ; 0.154 V                             ; 0.017 V                             ; 4.74e-10 s                 ; 4.5e-10 s                  ; No                        ; Yes                       ;
; ADDR[2]            ; 2.5 V        ; 0 s                 ; 0 s                 ; 2.32 V                       ; 1.74e-09 V                   ; 2.4 V               ; -0.0195 V           ; 0.196 V                              ; 0.023 V                              ; 2.87e-10 s                  ; 3.09e-10 s                  ; Yes                        ; Yes                        ; 2.32 V                      ; 1.74e-09 V                  ; 2.4 V              ; -0.0195 V          ; 0.196 V                             ; 0.023 V                             ; 2.87e-10 s                 ; 3.09e-10 s                 ; Yes                       ; Yes                       ;
; ADDR[3]            ; 2.5 V        ; 0 s                 ; 0 s                 ; 2.32 V                       ; 1.74e-09 V                   ; 2.4 V               ; -0.0195 V           ; 0.196 V                              ; 0.023 V                              ; 2.87e-10 s                  ; 3.09e-10 s                  ; Yes                        ; Yes                        ; 2.32 V                      ; 1.74e-09 V                  ; 2.4 V              ; -0.0195 V          ; 0.196 V                             ; 0.023 V                             ; 2.87e-10 s                 ; 3.09e-10 s                 ; Yes                       ; Yes                       ;
; ADDR[4]            ; 2.5 V        ; 0 s                 ; 0 s                 ; 2.32 V                       ; 1.4e-09 V                    ; 2.39 V              ; -0.0122 V           ; 0.154 V                              ; 0.017 V                              ; 4.74e-10 s                  ; 4.5e-10 s                   ; No                         ; Yes                        ; 2.32 V                      ; 1.4e-09 V                   ; 2.39 V             ; -0.0122 V          ; 0.154 V                             ; 0.017 V                             ; 4.74e-10 s                 ; 4.5e-10 s                  ; No                        ; Yes                       ;
; ADDR[5]            ; 2.5 V        ; 0 s                 ; 0 s                 ; 2.32 V                       ; 1.4e-09 V                    ; 2.39 V              ; -0.0122 V           ; 0.154 V                              ; 0.017 V                              ; 4.74e-10 s                  ; 4.5e-10 s                   ; No                         ; Yes                        ; 2.32 V                      ; 1.4e-09 V                   ; 2.39 V             ; -0.0122 V          ; 0.154 V                             ; 0.017 V                             ; 4.74e-10 s                 ; 4.5e-10 s                  ; No                        ; Yes                       ;
; ADDR[6]            ; 2.5 V        ; 0 s                 ; 0 s                 ; 2.32 V                       ; 1.4e-09 V                    ; 2.34 V              ; -0.00664 V          ; 0.204 V                              ; 0.106 V                              ; 2.63e-09 s                  ; 2.46e-09 s                  ; No                         ; Yes                        ; 2.32 V                      ; 1.4e-09 V                   ; 2.34 V             ; -0.00664 V         ; 0.204 V                             ; 0.106 V                             ; 2.63e-09 s                 ; 2.46e-09 s                 ; No                        ; Yes                       ;
; ADDR[7]            ; 2.5 V        ; 0 s                 ; 0 s                 ; 2.32 V                       ; 1.4e-09 V                    ; 2.39 V              ; -0.0122 V           ; 0.154 V                              ; 0.017 V                              ; 4.74e-10 s                  ; 4.5e-10 s                   ; No                         ; Yes                        ; 2.32 V                      ; 1.4e-09 V                   ; 2.39 V             ; -0.0122 V          ; 0.154 V                             ; 0.017 V                             ; 4.74e-10 s                 ; 4.5e-10 s                  ; No                        ; Yes                       ;
; ADDR[8]            ; 2.5 V        ; 0 s                 ; 0 s                 ; 2.32 V                       ; 1.4e-09 V                    ; 2.39 V              ; -0.0122 V           ; 0.154 V                              ; 0.017 V                              ; 4.74e-10 s                  ; 4.5e-10 s                   ; No                         ; Yes                        ; 2.32 V                      ; 1.4e-09 V                   ; 2.39 V             ; -0.0122 V          ; 0.154 V                             ; 0.017 V                             ; 4.74e-10 s                 ; 4.5e-10 s                  ; No                        ; Yes                       ;
; ADDR[9]            ; 2.5 V        ; 0 s                 ; 0 s                 ; 2.32 V                       ; 1.74e-09 V                   ; 2.4 V               ; -0.0195 V           ; 0.196 V                              ; 0.023 V                              ; 2.87e-10 s                  ; 3.09e-10 s                  ; Yes                        ; Yes                        ; 2.32 V                      ; 1.74e-09 V                  ; 2.4 V              ; -0.0195 V          ; 0.196 V                             ; 0.023 V                             ; 2.87e-10 s                 ; 3.09e-10 s                 ; Yes                       ; Yes                       ;
; ADDR[10]           ; 2.5 V        ; 0 s                 ; 0 s                 ; 2.32 V                       ; 1.4e-09 V                    ; 2.39 V              ; -0.0122 V           ; 0.154 V                              ; 0.017 V                              ; 4.74e-10 s                  ; 4.5e-10 s                   ; No                         ; Yes                        ; 2.32 V                      ; 1.4e-09 V                   ; 2.39 V             ; -0.0122 V          ; 0.154 V                             ; 0.017 V                             ; 4.74e-10 s                 ; 4.5e-10 s                  ; No                        ; Yes                       ;
; ADDR[11]           ; 2.5 V        ; 0 s                 ; 0 s                 ; 2.32 V                       ; 1.74e-09 V                   ; 2.4 V               ; -0.0195 V           ; 0.196 V                              ; 0.023 V                              ; 2.87e-10 s                  ; 3.09e-10 s                  ; Yes                        ; Yes                        ; 2.32 V                      ; 1.74e-09 V                  ; 2.4 V              ; -0.0195 V          ; 0.196 V                             ; 0.023 V                             ; 2.87e-10 s                 ; 3.09e-10 s                 ; Yes                       ; Yes                       ;
; ADDR[12]           ; 2.5 V        ; 0 s                 ; 0 s                 ; 2.32 V                       ; 1.4e-09 V                    ; 2.39 V              ; -0.0122 V           ; 0.154 V                              ; 0.017 V                              ; 4.74e-10 s                  ; 4.5e-10 s                   ; No                         ; Yes                        ; 2.32 V                      ; 1.4e-09 V                   ; 2.39 V             ; -0.0122 V          ; 0.154 V                             ; 0.017 V                             ; 4.74e-10 s                 ; 4.5e-10 s                  ; No                        ; Yes                       ;
; ADDR[13]           ; 2.5 V        ; 0 s                 ; 0 s                 ; 2.32 V                       ; 1.4e-09 V                    ; 2.39 V              ; -0.0122 V           ; 0.154 V                              ; 0.017 V                              ; 4.74e-10 s                  ; 4.5e-10 s                   ; No                         ; Yes                        ; 2.32 V                      ; 1.4e-09 V                   ; 2.39 V             ; -0.0122 V          ; 0.154 V                             ; 0.017 V                             ; 4.74e-10 s                 ; 4.5e-10 s                  ; No                        ; Yes                       ;
; ADDR[14]           ; 2.5 V        ; 0 s                 ; 0 s                 ; 2.32 V                       ; 1.74e-09 V                   ; 2.4 V               ; -0.0195 V           ; 0.196 V                              ; 0.023 V                              ; 2.87e-10 s                  ; 3.09e-10 s                  ; Yes                        ; Yes                        ; 2.32 V                      ; 1.74e-09 V                  ; 2.4 V              ; -0.0195 V          ; 0.196 V                             ; 0.023 V                             ; 2.87e-10 s                 ; 3.09e-10 s                 ; Yes                       ; Yes                       ;
; ADDR[15]           ; 2.5 V        ; 0 s                 ; 0 s                 ; 2.32 V                       ; 1.4e-09 V                    ; 2.39 V              ; -0.0122 V           ; 0.154 V                              ; 0.017 V                              ; 4.74e-10 s                  ; 4.5e-10 s                   ; No                         ; Yes                        ; 2.32 V                      ; 1.4e-09 V                   ; 2.39 V             ; -0.0122 V          ; 0.154 V                             ; 0.017 V                             ; 4.74e-10 s                 ; 4.5e-10 s                  ; No                        ; Yes                       ;
; ADDR[16]           ; 2.5 V        ; 0 s                 ; 0 s                 ; 2.32 V                       ; 1.74e-09 V                   ; 2.4 V               ; -0.0195 V           ; 0.196 V                              ; 0.023 V                              ; 2.87e-10 s                  ; 3.09e-10 s                  ; Yes                        ; Yes                        ; 2.32 V                      ; 1.74e-09 V                  ; 2.4 V              ; -0.0195 V          ; 0.196 V                             ; 0.023 V                             ; 2.87e-10 s                 ; 3.09e-10 s                 ; Yes                       ; Yes                       ;
; ADDR[17]           ; 2.5 V        ; 0 s                 ; 0 s                 ; 2.32 V                       ; 1.74e-09 V                   ; 2.4 V               ; -0.0195 V           ; 0.196 V                              ; 0.023 V                              ; 2.87e-10 s                  ; 3.09e-10 s                  ; Yes                        ; Yes                        ; 2.32 V                      ; 1.74e-09 V                  ; 2.4 V              ; -0.0195 V          ; 0.196 V                             ; 0.023 V                             ; 2.87e-10 s                 ; 3.09e-10 s                 ; Yes                       ; Yes                       ;
; ADDR[18]           ; 2.5 V        ; 0 s                 ; 0 s                 ; 2.32 V                       ; 1.74e-09 V                   ; 2.4 V               ; -0.0195 V           ; 0.196 V                              ; 0.023 V                              ; 2.87e-10 s                  ; 3.09e-10 s                  ; Yes                        ; Yes                        ; 2.32 V                      ; 1.74e-09 V                  ; 2.4 V              ; -0.0195 V          ; 0.196 V                             ; 0.023 V                             ; 2.87e-10 s                 ; 3.09e-10 s                 ; Yes                       ; Yes                       ;
; ADDR[19]           ; 2.5 V        ; 0 s                 ; 0 s                 ; 2.32 V                       ; 1.74e-09 V                   ; 2.4 V               ; -0.0195 V           ; 0.196 V                              ; 0.023 V                              ; 2.87e-10 s                  ; 3.09e-10 s                  ; Yes                        ; Yes                        ; 2.32 V                      ; 1.74e-09 V                  ; 2.4 V              ; -0.0195 V          ; 0.196 V                             ; 0.023 V                             ; 2.87e-10 s                 ; 3.09e-10 s                 ; Yes                       ; Yes                       ;
; ADDR[20]           ; 2.5 V        ; 0 s                 ; 0 s                 ; 2.32 V                       ; 1.74e-09 V                   ; 2.4 V               ; -0.0195 V           ; 0.196 V                              ; 0.023 V                              ; 2.87e-10 s                  ; 3.09e-10 s                  ; Yes                        ; Yes                        ; 2.32 V                      ; 1.74e-09 V                  ; 2.4 V              ; -0.0195 V          ; 0.196 V                             ; 0.023 V                             ; 2.87e-10 s                 ; 3.09e-10 s                 ; Yes                       ; Yes                       ;
; ADDR[21]           ; 2.5 V        ; 0 s                 ; 0 s                 ; 2.32 V                       ; 1.74e-09 V                   ; 2.4 V               ; -0.0195 V           ; 0.196 V                              ; 0.023 V                              ; 2.87e-10 s                  ; 3.09e-10 s                  ; Yes                        ; Yes                        ; 2.32 V                      ; 1.74e-09 V                  ; 2.4 V              ; -0.0195 V          ; 0.196 V                             ; 0.023 V                             ; 2.87e-10 s                 ; 3.09e-10 s                 ; Yes                       ; Yes                       ;
; ADDR[22]           ; 2.5 V        ; 0 s                 ; 0 s                 ; 2.32 V                       ; 1.74e-09 V                   ; 2.4 V               ; -0.0195 V           ; 0.196 V                              ; 0.023 V                              ; 2.87e-10 s                  ; 3.09e-10 s                  ; Yes                        ; Yes                        ; 2.32 V                      ; 1.74e-09 V                  ; 2.4 V              ; -0.0195 V          ; 0.196 V                             ; 0.023 V                             ; 2.87e-10 s                 ; 3.09e-10 s                 ; Yes                       ; Yes                       ;
; ADDR[23]           ; 2.5 V        ; 0 s                 ; 0 s                 ; 2.32 V                       ; 1.74e-09 V                   ; 2.4 V               ; -0.0195 V           ; 0.196 V                              ; 0.023 V                              ; 2.87e-10 s                  ; 3.09e-10 s                  ; Yes                        ; Yes                        ; 2.32 V                      ; 1.74e-09 V                  ; 2.4 V              ; -0.0195 V          ; 0.196 V                             ; 0.023 V                             ; 2.87e-10 s                 ; 3.09e-10 s                 ; Yes                       ; Yes                       ;
; ADDR[24]           ; 2.5 V        ; 0 s                 ; 0 s                 ; 2.32 V                       ; 1.4e-09 V                    ; 2.39 V              ; -0.0122 V           ; 0.154 V                              ; 0.017 V                              ; 4.74e-10 s                  ; 4.5e-10 s                   ; No                         ; Yes                        ; 2.32 V                      ; 1.4e-09 V                   ; 2.39 V             ; -0.0122 V          ; 0.154 V                             ; 0.017 V                             ; 4.74e-10 s                 ; 4.5e-10 s                  ; No                        ; Yes                       ;
; ADDR[25]           ; 2.5 V        ; 0 s                 ; 0 s                 ; 2.32 V                       ; 1.74e-09 V                   ; 2.4 V               ; -0.0195 V           ; 0.196 V                              ; 0.023 V                              ; 2.87e-10 s                  ; 3.09e-10 s                  ; Yes                        ; Yes                        ; 2.32 V                      ; 1.74e-09 V                  ; 2.4 V              ; -0.0195 V          ; 0.196 V                             ; 0.023 V                             ; 2.87e-10 s                 ; 3.09e-10 s                 ; Yes                       ; Yes                       ;
; ADDR[26]           ; 2.5 V        ; 0 s                 ; 0 s                 ; 2.32 V                       ; 1.4e-09 V                    ; 2.39 V              ; -0.0122 V           ; 0.154 V                              ; 0.017 V                              ; 4.74e-10 s                  ; 4.5e-10 s                   ; No                         ; Yes                        ; 2.32 V                      ; 1.4e-09 V                   ; 2.39 V             ; -0.0122 V          ; 0.154 V                             ; 0.017 V                             ; 4.74e-10 s                 ; 4.5e-10 s                  ; No                        ; Yes                       ;
; ADDR[27]           ; 2.5 V        ; 0 s                 ; 0 s                 ; 2.32 V                       ; 1.74e-09 V                   ; 2.4 V               ; -0.0195 V           ; 0.196 V                              ; 0.023 V                              ; 2.87e-10 s                  ; 3.09e-10 s                  ; Yes                        ; Yes                        ; 2.32 V                      ; 1.74e-09 V                  ; 2.4 V              ; -0.0195 V          ; 0.196 V                             ; 0.023 V                             ; 2.87e-10 s                 ; 3.09e-10 s                 ; Yes                       ; Yes                       ;
; ADDR[28]           ; 2.5 V        ; 0 s                 ; 0 s                 ; 2.32 V                       ; 1.74e-09 V                   ; 2.4 V               ; -0.0195 V           ; 0.196 V                              ; 0.023 V                              ; 2.87e-10 s                  ; 3.09e-10 s                  ; Yes                        ; Yes                        ; 2.32 V                      ; 1.74e-09 V                  ; 2.4 V              ; -0.0195 V          ; 0.196 V                             ; 0.023 V                             ; 2.87e-10 s                 ; 3.09e-10 s                 ; Yes                       ; Yes                       ;
; ADDR[29]           ; 2.5 V        ; 0 s                 ; 0 s                 ; 2.32 V                       ; 1.4e-09 V                    ; 2.39 V              ; -0.0122 V           ; 0.154 V                              ; 0.017 V                              ; 4.74e-10 s                  ; 4.5e-10 s                   ; No                         ; Yes                        ; 2.32 V                      ; 1.4e-09 V                   ; 2.39 V             ; -0.0122 V          ; 0.154 V                             ; 0.017 V                             ; 4.74e-10 s                 ; 4.5e-10 s                  ; No                        ; Yes                       ;
; ADDR[30]           ; 2.5 V        ; 0 s                 ; 0 s                 ; 2.32 V                       ; 1.74e-09 V                   ; 2.34 V              ; -0.00643 V          ; 0.21 V                               ; 0.072 V                              ; 2.63e-09 s                  ; 2.47e-09 s                  ; No                         ; Yes                        ; 2.32 V                      ; 1.74e-09 V                  ; 2.34 V             ; -0.00643 V         ; 0.21 V                              ; 0.072 V                             ; 2.63e-09 s                 ; 2.47e-09 s                 ; No                        ; Yes                       ;
; ADDR[31]           ; 2.5 V        ; 0 s                 ; 0 s                 ; 2.32 V                       ; 1.4e-09 V                    ; 2.39 V              ; -0.0122 V           ; 0.154 V                              ; 0.017 V                              ; 4.74e-10 s                  ; 4.5e-10 s                   ; No                         ; Yes                        ; 2.32 V                      ; 1.4e-09 V                   ; 2.39 V             ; -0.0122 V          ; 0.154 V                             ; 0.017 V                             ; 4.74e-10 s                 ; 4.5e-10 s                  ; No                        ; Yes                       ;
; Data_BUS_WRITE[0]  ; 2.5 V        ; 0 s                 ; 0 s                 ; 2.32 V                       ; 1.74e-09 V                   ; 2.4 V               ; -0.0195 V           ; 0.196 V                              ; 0.023 V                              ; 2.87e-10 s                  ; 3.09e-10 s                  ; Yes                        ; Yes                        ; 2.32 V                      ; 1.74e-09 V                  ; 2.4 V              ; -0.0195 V          ; 0.196 V                             ; 0.023 V                             ; 2.87e-10 s                 ; 3.09e-10 s                 ; Yes                       ; Yes                       ;
; Data_BUS_WRITE[1]  ; 2.5 V        ; 0 s                 ; 0 s                 ; 2.32 V                       ; 1.74e-09 V                   ; 2.4 V               ; -0.0195 V           ; 0.196 V                              ; 0.023 V                              ; 2.87e-10 s                  ; 3.09e-10 s                  ; Yes                        ; Yes                        ; 2.32 V                      ; 1.74e-09 V                  ; 2.4 V              ; -0.0195 V          ; 0.196 V                             ; 0.023 V                             ; 2.87e-10 s                 ; 3.09e-10 s                 ; Yes                       ; Yes                       ;
; Data_BUS_WRITE[2]  ; 2.5 V        ; 0 s                 ; 0 s                 ; 2.32 V                       ; 1.4e-09 V                    ; 2.39 V              ; -0.0122 V           ; 0.154 V                              ; 0.017 V                              ; 4.74e-10 s                  ; 4.5e-10 s                   ; No                         ; Yes                        ; 2.32 V                      ; 1.4e-09 V                   ; 2.39 V             ; -0.0122 V          ; 0.154 V                             ; 0.017 V                             ; 4.74e-10 s                 ; 4.5e-10 s                  ; No                        ; Yes                       ;
; Data_BUS_WRITE[3]  ; 2.5 V        ; 0 s                 ; 0 s                 ; 2.32 V                       ; 1.74e-09 V                   ; 2.4 V               ; -0.0195 V           ; 0.196 V                              ; 0.023 V                              ; 2.87e-10 s                  ; 3.09e-10 s                  ; Yes                        ; Yes                        ; 2.32 V                      ; 1.74e-09 V                  ; 2.4 V              ; -0.0195 V          ; 0.196 V                             ; 0.023 V                             ; 2.87e-10 s                 ; 3.09e-10 s                 ; Yes                       ; Yes                       ;
; Data_BUS_WRITE[4]  ; 2.5 V        ; 0 s                 ; 0 s                 ; 2.32 V                       ; 1.74e-09 V                   ; 2.4 V               ; -0.0195 V           ; 0.196 V                              ; 0.023 V                              ; 2.87e-10 s                  ; 3.09e-10 s                  ; Yes                        ; Yes                        ; 2.32 V                      ; 1.74e-09 V                  ; 2.4 V              ; -0.0195 V          ; 0.196 V                             ; 0.023 V                             ; 2.87e-10 s                 ; 3.09e-10 s                 ; Yes                       ; Yes                       ;
; Data_BUS_WRITE[5]  ; 2.5 V        ; 0 s                 ; 0 s                 ; 2.32 V                       ; 1.74e-09 V                   ; 2.4 V               ; -0.0195 V           ; 0.196 V                              ; 0.023 V                              ; 2.87e-10 s                  ; 3.09e-10 s                  ; Yes                        ; Yes                        ; 2.32 V                      ; 1.74e-09 V                  ; 2.4 V              ; -0.0195 V          ; 0.196 V                             ; 0.023 V                             ; 2.87e-10 s                 ; 3.09e-10 s                 ; Yes                       ; Yes                       ;
; Data_BUS_WRITE[6]  ; 2.5 V        ; 0 s                 ; 0 s                 ; 2.32 V                       ; 1.4e-09 V                    ; 2.39 V              ; -0.0122 V           ; 0.154 V                              ; 0.017 V                              ; 4.74e-10 s                  ; 4.5e-10 s                   ; No                         ; Yes                        ; 2.32 V                      ; 1.4e-09 V                   ; 2.39 V             ; -0.0122 V          ; 0.154 V                             ; 0.017 V                             ; 4.74e-10 s                 ; 4.5e-10 s                  ; No                        ; Yes                       ;
; Data_BUS_WRITE[7]  ; 2.5 V        ; 0 s                 ; 0 s                 ; 2.32 V                       ; 1.4e-09 V                    ; 2.39 V              ; -0.0122 V           ; 0.154 V                              ; 0.017 V                              ; 4.74e-10 s                  ; 4.5e-10 s                   ; No                         ; Yes                        ; 2.32 V                      ; 1.4e-09 V                   ; 2.39 V             ; -0.0122 V          ; 0.154 V                             ; 0.017 V                             ; 4.74e-10 s                 ; 4.5e-10 s                  ; No                        ; Yes                       ;
; Data_BUS_WRITE[8]  ; 2.5 V        ; 0 s                 ; 0 s                 ; 2.32 V                       ; 1.4e-09 V                    ; 2.34 V              ; -0.00664 V          ; 0.204 V                              ; 0.106 V                              ; 2.63e-09 s                  ; 2.46e-09 s                  ; No                         ; Yes                        ; 2.32 V                      ; 1.4e-09 V                   ; 2.34 V             ; -0.00664 V         ; 0.204 V                             ; 0.106 V                             ; 2.63e-09 s                 ; 2.46e-09 s                 ; No                        ; Yes                       ;
; Data_BUS_WRITE[9]  ; 2.5 V        ; 0 s                 ; 0 s                 ; 2.32 V                       ; 1.4e-09 V                    ; 2.39 V              ; -0.0122 V           ; 0.154 V                              ; 0.017 V                              ; 4.74e-10 s                  ; 4.5e-10 s                   ; No                         ; Yes                        ; 2.32 V                      ; 1.4e-09 V                   ; 2.39 V             ; -0.0122 V          ; 0.154 V                             ; 0.017 V                             ; 4.74e-10 s                 ; 4.5e-10 s                  ; No                        ; Yes                       ;
; Data_BUS_WRITE[10] ; 2.5 V        ; 0 s                 ; 0 s                 ; 2.32 V                       ; 1.74e-09 V                   ; 2.4 V               ; -0.0195 V           ; 0.196 V                              ; 0.023 V                              ; 2.87e-10 s                  ; 3.09e-10 s                  ; Yes                        ; Yes                        ; 2.32 V                      ; 1.74e-09 V                  ; 2.4 V              ; -0.0195 V          ; 0.196 V                             ; 0.023 V                             ; 2.87e-10 s                 ; 3.09e-10 s                 ; Yes                       ; Yes                       ;
; Data_BUS_WRITE[11] ; 2.5 V        ; 0 s                 ; 0 s                 ; 2.32 V                       ; 1.74e-09 V                   ; 2.4 V               ; -0.0195 V           ; 0.196 V                              ; 0.023 V                              ; 2.87e-10 s                  ; 3.09e-10 s                  ; Yes                        ; Yes                        ; 2.32 V                      ; 1.74e-09 V                  ; 2.4 V              ; -0.0195 V          ; 0.196 V                             ; 0.023 V                             ; 2.87e-10 s                 ; 3.09e-10 s                 ; Yes                       ; Yes                       ;
; Data_BUS_WRITE[12] ; 2.5 V        ; 0 s                 ; 0 s                 ; 2.32 V                       ; 1.4e-09 V                    ; 2.39 V              ; -0.0122 V           ; 0.154 V                              ; 0.017 V                              ; 4.74e-10 s                  ; 4.5e-10 s                   ; No                         ; Yes                        ; 2.32 V                      ; 1.4e-09 V                   ; 2.39 V             ; -0.0122 V          ; 0.154 V                             ; 0.017 V                             ; 4.74e-10 s                 ; 4.5e-10 s                  ; No                        ; Yes                       ;
; Data_BUS_WRITE[13] ; 2.5 V        ; 0 s                 ; 0 s                 ; 2.32 V                       ; 1.4e-09 V                    ; 2.39 V              ; -0.0122 V           ; 0.154 V                              ; 0.017 V                              ; 4.74e-10 s                  ; 4.5e-10 s                   ; No                         ; Yes                        ; 2.32 V                      ; 1.4e-09 V                   ; 2.39 V             ; -0.0122 V          ; 0.154 V                             ; 0.017 V                             ; 4.74e-10 s                 ; 4.5e-10 s                  ; No                        ; Yes                       ;
; Data_BUS_WRITE[14] ; 2.5 V        ; 0 s                 ; 0 s                 ; 2.32 V                       ; 1.74e-09 V                   ; 2.4 V               ; -0.0195 V           ; 0.196 V                              ; 0.023 V                              ; 2.87e-10 s                  ; 3.09e-10 s                  ; Yes                        ; Yes                        ; 2.32 V                      ; 1.74e-09 V                  ; 2.4 V              ; -0.0195 V          ; 0.196 V                             ; 0.023 V                             ; 2.87e-10 s                 ; 3.09e-10 s                 ; Yes                       ; Yes                       ;
; Data_BUS_WRITE[15] ; 2.5 V        ; 0 s                 ; 0 s                 ; 2.32 V                       ; 1.4e-09 V                    ; 2.39 V              ; -0.0122 V           ; 0.154 V                              ; 0.017 V                              ; 4.74e-10 s                  ; 4.5e-10 s                   ; No                         ; Yes                        ; 2.32 V                      ; 1.4e-09 V                   ; 2.39 V             ; -0.0122 V          ; 0.154 V                             ; 0.017 V                             ; 4.74e-10 s                 ; 4.5e-10 s                  ; No                        ; Yes                       ;
; Data_BUS_WRITE[16] ; 2.5 V        ; 0 s                 ; 0 s                 ; 2.32 V                       ; 1.74e-09 V                   ; 2.4 V               ; -0.0195 V           ; 0.196 V                              ; 0.023 V                              ; 2.87e-10 s                  ; 3.09e-10 s                  ; Yes                        ; Yes                        ; 2.32 V                      ; 1.74e-09 V                  ; 2.4 V              ; -0.0195 V          ; 0.196 V                             ; 0.023 V                             ; 2.87e-10 s                 ; 3.09e-10 s                 ; Yes                       ; Yes                       ;
; Data_BUS_WRITE[17] ; 2.5 V        ; 0 s                 ; 0 s                 ; 2.32 V                       ; 1.74e-09 V                   ; 2.4 V               ; -0.0195 V           ; 0.196 V                              ; 0.023 V                              ; 2.87e-10 s                  ; 3.09e-10 s                  ; Yes                        ; Yes                        ; 2.32 V                      ; 1.74e-09 V                  ; 2.4 V              ; -0.0195 V          ; 0.196 V                             ; 0.023 V                             ; 2.87e-10 s                 ; 3.09e-10 s                 ; Yes                       ; Yes                       ;
; Data_BUS_WRITE[18] ; 2.5 V        ; 0 s                 ; 0 s                 ; 2.32 V                       ; 1.74e-09 V                   ; 2.4 V               ; -0.0195 V           ; 0.196 V                              ; 0.023 V                              ; 2.87e-10 s                  ; 3.09e-10 s                  ; Yes                        ; Yes                        ; 2.32 V                      ; 1.74e-09 V                  ; 2.4 V              ; -0.0195 V          ; 0.196 V                             ; 0.023 V                             ; 2.87e-10 s                 ; 3.09e-10 s                 ; Yes                       ; Yes                       ;
; Data_BUS_WRITE[19] ; 2.5 V        ; 0 s                 ; 0 s                 ; 2.32 V                       ; 1.74e-09 V                   ; 2.4 V               ; -0.0195 V           ; 0.196 V                              ; 0.023 V                              ; 2.87e-10 s                  ; 3.09e-10 s                  ; Yes                        ; Yes                        ; 2.32 V                      ; 1.74e-09 V                  ; 2.4 V              ; -0.0195 V          ; 0.196 V                             ; 0.023 V                             ; 2.87e-10 s                 ; 3.09e-10 s                 ; Yes                       ; Yes                       ;
; Data_BUS_WRITE[20] ; 2.5 V        ; 0 s                 ; 0 s                 ; 2.32 V                       ; 1.74e-09 V                   ; 2.4 V               ; -0.0195 V           ; 0.196 V                              ; 0.023 V                              ; 2.87e-10 s                  ; 3.09e-10 s                  ; Yes                        ; Yes                        ; 2.32 V                      ; 1.74e-09 V                  ; 2.4 V              ; -0.0195 V          ; 0.196 V                             ; 0.023 V                             ; 2.87e-10 s                 ; 3.09e-10 s                 ; Yes                       ; Yes                       ;
; Data_BUS_WRITE[21] ; 2.5 V        ; 0 s                 ; 0 s                 ; 2.32 V                       ; 1.74e-09 V                   ; 2.4 V               ; -0.0195 V           ; 0.196 V                              ; 0.023 V                              ; 2.87e-10 s                  ; 3.09e-10 s                  ; Yes                        ; Yes                        ; 2.32 V                      ; 1.74e-09 V                  ; 2.4 V              ; -0.0195 V          ; 0.196 V                             ; 0.023 V                             ; 2.87e-10 s                 ; 3.09e-10 s                 ; Yes                       ; Yes                       ;
; Data_BUS_WRITE[22] ; 2.5 V        ; 0 s                 ; 0 s                 ; 2.32 V                       ; 1.4e-09 V                    ; 2.39 V              ; -0.0122 V           ; 0.154 V                              ; 0.017 V                              ; 4.74e-10 s                  ; 4.5e-10 s                   ; No                         ; Yes                        ; 2.32 V                      ; 1.4e-09 V                   ; 2.39 V             ; -0.0122 V          ; 0.154 V                             ; 0.017 V                             ; 4.74e-10 s                 ; 4.5e-10 s                  ; No                        ; Yes                       ;
; Data_BUS_WRITE[23] ; 2.5 V        ; 0 s                 ; 0 s                 ; 2.32 V                       ; 1.74e-09 V                   ; 2.4 V               ; -0.0195 V           ; 0.196 V                              ; 0.023 V                              ; 2.87e-10 s                  ; 3.09e-10 s                  ; Yes                        ; Yes                        ; 2.32 V                      ; 1.74e-09 V                  ; 2.4 V              ; -0.0195 V          ; 0.196 V                             ; 0.023 V                             ; 2.87e-10 s                 ; 3.09e-10 s                 ; Yes                       ; Yes                       ;
; Data_BUS_WRITE[24] ; 2.5 V        ; 0 s                 ; 0 s                 ; 2.32 V                       ; 1.4e-09 V                    ; 2.39 V              ; -0.0122 V           ; 0.154 V                              ; 0.017 V                              ; 4.74e-10 s                  ; 4.5e-10 s                   ; No                         ; Yes                        ; 2.32 V                      ; 1.4e-09 V                   ; 2.39 V             ; -0.0122 V          ; 0.154 V                             ; 0.017 V                             ; 4.74e-10 s                 ; 4.5e-10 s                  ; No                        ; Yes                       ;
; Data_BUS_WRITE[25] ; 2.5 V        ; 0 s                 ; 0 s                 ; 2.32 V                       ; 1.4e-09 V                    ; 2.39 V              ; -0.0122 V           ; 0.154 V                              ; 0.017 V                              ; 4.74e-10 s                  ; 4.5e-10 s                   ; No                         ; Yes                        ; 2.32 V                      ; 1.4e-09 V                   ; 2.39 V             ; -0.0122 V          ; 0.154 V                             ; 0.017 V                             ; 4.74e-10 s                 ; 4.5e-10 s                  ; No                        ; Yes                       ;
; Data_BUS_WRITE[26] ; 2.5 V        ; 0 s                 ; 0 s                 ; 2.32 V                       ; 1.74e-09 V                   ; 2.4 V               ; -0.0195 V           ; 0.196 V                              ; 0.023 V                              ; 2.87e-10 s                  ; 3.09e-10 s                  ; Yes                        ; Yes                        ; 2.32 V                      ; 1.74e-09 V                  ; 2.4 V              ; -0.0195 V          ; 0.196 V                             ; 0.023 V                             ; 2.87e-10 s                 ; 3.09e-10 s                 ; Yes                       ; Yes                       ;
; Data_BUS_WRITE[27] ; 2.5 V        ; 0 s                 ; 0 s                 ; 2.32 V                       ; 1.74e-09 V                   ; 2.4 V               ; -0.0195 V           ; 0.196 V                              ; 0.023 V                              ; 2.87e-10 s                  ; 3.09e-10 s                  ; Yes                        ; Yes                        ; 2.32 V                      ; 1.74e-09 V                  ; 2.4 V              ; -0.0195 V          ; 0.196 V                             ; 0.023 V                             ; 2.87e-10 s                 ; 3.09e-10 s                 ; Yes                       ; Yes                       ;
; Data_BUS_WRITE[28] ; 2.5 V        ; 0 s                 ; 0 s                 ; 2.32 V                       ; 1.74e-09 V                   ; 2.4 V               ; -0.0195 V           ; 0.196 V                              ; 0.023 V                              ; 2.87e-10 s                  ; 3.09e-10 s                  ; Yes                        ; Yes                        ; 2.32 V                      ; 1.74e-09 V                  ; 2.4 V              ; -0.0195 V          ; 0.196 V                             ; 0.023 V                             ; 2.87e-10 s                 ; 3.09e-10 s                 ; Yes                       ; Yes                       ;
; Data_BUS_WRITE[29] ; 2.5 V        ; 0 s                 ; 0 s                 ; 2.32 V                       ; 1.74e-09 V                   ; 2.4 V               ; -0.0195 V           ; 0.196 V                              ; 0.023 V                              ; 2.87e-10 s                  ; 3.09e-10 s                  ; Yes                        ; Yes                        ; 2.32 V                      ; 1.74e-09 V                  ; 2.4 V              ; -0.0195 V          ; 0.196 V                             ; 0.023 V                             ; 2.87e-10 s                 ; 3.09e-10 s                 ; Yes                       ; Yes                       ;
; Data_BUS_WRITE[30] ; 2.5 V        ; 0 s                 ; 0 s                 ; 2.32 V                       ; 1.74e-09 V                   ; 2.4 V               ; -0.0195 V           ; 0.196 V                              ; 0.023 V                              ; 2.87e-10 s                  ; 3.09e-10 s                  ; Yes                        ; Yes                        ; 2.32 V                      ; 1.74e-09 V                  ; 2.4 V              ; -0.0195 V          ; 0.196 V                             ; 0.023 V                             ; 2.87e-10 s                 ; 3.09e-10 s                 ; Yes                       ; Yes                       ;
; Data_BUS_WRITE[31] ; 2.5 V        ; 0 s                 ; 0 s                 ; 2.32 V                       ; 1.4e-09 V                    ; 2.39 V              ; -0.0122 V           ; 0.154 V                              ; 0.017 V                              ; 4.74e-10 s                  ; 4.5e-10 s                   ; No                         ; Yes                        ; 2.32 V                      ; 1.4e-09 V                   ; 2.39 V             ; -0.0122 V          ; 0.154 V                             ; 0.017 V                             ; 4.74e-10 s                 ; 4.5e-10 s                  ; No                        ; Yes                       ;
; ADDR_Prog[0]       ; 2.5 V        ; 0 s                 ; 0 s                 ; 2.32 V                       ; 1.4e-09 V                    ; 2.39 V              ; -0.0122 V           ; 0.154 V                              ; 0.017 V                              ; 4.74e-10 s                  ; 4.5e-10 s                   ; No                         ; Yes                        ; 2.32 V                      ; 1.4e-09 V                   ; 2.39 V             ; -0.0122 V          ; 0.154 V                             ; 0.017 V                             ; 4.74e-10 s                 ; 4.5e-10 s                  ; No                        ; Yes                       ;
; ADDR_Prog[1]       ; 2.5 V        ; 0 s                 ; 0 s                 ; 2.32 V                       ; 1.4e-09 V                    ; 2.39 V              ; -0.0122 V           ; 0.154 V                              ; 0.017 V                              ; 4.74e-10 s                  ; 4.5e-10 s                   ; No                         ; Yes                        ; 2.32 V                      ; 1.4e-09 V                   ; 2.39 V             ; -0.0122 V          ; 0.154 V                             ; 0.017 V                             ; 4.74e-10 s                 ; 4.5e-10 s                  ; No                        ; Yes                       ;
; ADDR_Prog[2]       ; 2.5 V        ; 0 s                 ; 0 s                 ; 2.32 V                       ; 1.4e-09 V                    ; 2.39 V              ; -0.0122 V           ; 0.154 V                              ; 0.017 V                              ; 4.74e-10 s                  ; 4.5e-10 s                   ; No                         ; Yes                        ; 2.32 V                      ; 1.4e-09 V                   ; 2.39 V             ; -0.0122 V          ; 0.154 V                             ; 0.017 V                             ; 4.74e-10 s                 ; 4.5e-10 s                  ; No                        ; Yes                       ;
; ADDR_Prog[3]       ; 2.5 V        ; 0 s                 ; 0 s                 ; 2.32 V                       ; 1.4e-09 V                    ; 2.39 V              ; -0.0122 V           ; 0.154 V                              ; 0.017 V                              ; 4.74e-10 s                  ; 4.5e-10 s                   ; No                         ; Yes                        ; 2.32 V                      ; 1.4e-09 V                   ; 2.39 V             ; -0.0122 V          ; 0.154 V                             ; 0.017 V                             ; 4.74e-10 s                 ; 4.5e-10 s                  ; No                        ; Yes                       ;
; ADDR_Prog[4]       ; 2.5 V        ; 0 s                 ; 0 s                 ; 2.32 V                       ; 1.4e-09 V                    ; 2.39 V              ; -0.0122 V           ; 0.154 V                              ; 0.017 V                              ; 4.74e-10 s                  ; 4.5e-10 s                   ; No                         ; Yes                        ; 2.32 V                      ; 1.4e-09 V                   ; 2.39 V             ; -0.0122 V          ; 0.154 V                             ; 0.017 V                             ; 4.74e-10 s                 ; 4.5e-10 s                  ; No                        ; Yes                       ;
; ADDR_Prog[5]       ; 2.5 V        ; 0 s                 ; 0 s                 ; 2.32 V                       ; 1.4e-09 V                    ; 2.39 V              ; -0.0122 V           ; 0.154 V                              ; 0.017 V                              ; 4.74e-10 s                  ; 4.5e-10 s                   ; No                         ; Yes                        ; 2.32 V                      ; 1.4e-09 V                   ; 2.39 V             ; -0.0122 V          ; 0.154 V                             ; 0.017 V                             ; 4.74e-10 s                 ; 4.5e-10 s                  ; No                        ; Yes                       ;
; ADDR_Prog[6]       ; 2.5 V        ; 0 s                 ; 0 s                 ; 2.32 V                       ; 1.4e-09 V                    ; 2.39 V              ; -0.0122 V           ; 0.154 V                              ; 0.017 V                              ; 4.74e-10 s                  ; 4.5e-10 s                   ; No                         ; Yes                        ; 2.32 V                      ; 1.4e-09 V                   ; 2.39 V             ; -0.0122 V          ; 0.154 V                             ; 0.017 V                             ; 4.74e-10 s                 ; 4.5e-10 s                  ; No                        ; Yes                       ;
; ADDR_Prog[7]       ; 2.5 V        ; 0 s                 ; 0 s                 ; 2.32 V                       ; 1.4e-09 V                    ; 2.39 V              ; -0.0122 V           ; 0.154 V                              ; 0.017 V                              ; 4.74e-10 s                  ; 4.5e-10 s                   ; No                         ; Yes                        ; 2.32 V                      ; 1.4e-09 V                   ; 2.39 V             ; -0.0122 V          ; 0.154 V                             ; 0.017 V                             ; 4.74e-10 s                 ; 4.5e-10 s                  ; No                        ; Yes                       ;
; ADDR_Prog[8]       ; 2.5 V        ; 0 s                 ; 0 s                 ; 2.32 V                       ; 1.4e-09 V                    ; 2.39 V              ; -0.0122 V           ; 0.154 V                              ; 0.017 V                              ; 4.74e-10 s                  ; 4.5e-10 s                   ; No                         ; Yes                        ; 2.32 V                      ; 1.4e-09 V                   ; 2.39 V             ; -0.0122 V          ; 0.154 V                             ; 0.017 V                             ; 4.74e-10 s                 ; 4.5e-10 s                  ; No                        ; Yes                       ;
; ADDR_Prog[9]       ; 2.5 V        ; 0 s                 ; 0 s                 ; 2.32 V                       ; 1.4e-09 V                    ; 2.39 V              ; -0.0122 V           ; 0.154 V                              ; 0.017 V                              ; 4.74e-10 s                  ; 4.5e-10 s                   ; No                         ; Yes                        ; 2.32 V                      ; 1.4e-09 V                   ; 2.39 V             ; -0.0122 V          ; 0.154 V                             ; 0.017 V                             ; 4.74e-10 s                 ; 4.5e-10 s                  ; No                        ; Yes                       ;
; ADDR_Prog[10]      ; 2.5 V        ; 0 s                 ; 0 s                 ; 2.32 V                       ; 1.4e-09 V                    ; 2.39 V              ; -0.0122 V           ; 0.154 V                              ; 0.017 V                              ; 4.74e-10 s                  ; 4.5e-10 s                   ; No                         ; Yes                        ; 2.32 V                      ; 1.4e-09 V                   ; 2.39 V             ; -0.0122 V          ; 0.154 V                             ; 0.017 V                             ; 4.74e-10 s                 ; 4.5e-10 s                  ; No                        ; Yes                       ;
; ADDR_Prog[11]      ; 2.5 V        ; 0 s                 ; 0 s                 ; 2.32 V                       ; 1.4e-09 V                    ; 2.39 V              ; -0.0122 V           ; 0.154 V                              ; 0.017 V                              ; 4.74e-10 s                  ; 4.5e-10 s                   ; No                         ; Yes                        ; 2.32 V                      ; 1.4e-09 V                   ; 2.39 V             ; -0.0122 V          ; 0.154 V                             ; 0.017 V                             ; 4.74e-10 s                 ; 4.5e-10 s                  ; No                        ; Yes                       ;
; ADDR_Prog[12]      ; 2.5 V        ; 0 s                 ; 0 s                 ; 2.32 V                       ; 1.4e-09 V                    ; 2.39 V              ; -0.0122 V           ; 0.154 V                              ; 0.017 V                              ; 4.74e-10 s                  ; 4.5e-10 s                   ; No                         ; Yes                        ; 2.32 V                      ; 1.4e-09 V                   ; 2.39 V             ; -0.0122 V          ; 0.154 V                             ; 0.017 V                             ; 4.74e-10 s                 ; 4.5e-10 s                  ; No                        ; Yes                       ;
; ADDR_Prog[13]      ; 2.5 V        ; 0 s                 ; 0 s                 ; 2.32 V                       ; 1.4e-09 V                    ; 2.39 V              ; -0.0122 V           ; 0.154 V                              ; 0.017 V                              ; 4.74e-10 s                  ; 4.5e-10 s                   ; No                         ; Yes                        ; 2.32 V                      ; 1.4e-09 V                   ; 2.39 V             ; -0.0122 V          ; 0.154 V                             ; 0.017 V                             ; 4.74e-10 s                 ; 4.5e-10 s                  ; No                        ; Yes                       ;
; ADDR_Prog[14]      ; 2.5 V        ; 0 s                 ; 0 s                 ; 2.32 V                       ; 1.4e-09 V                    ; 2.39 V              ; -0.0122 V           ; 0.154 V                              ; 0.017 V                              ; 4.74e-10 s                  ; 4.5e-10 s                   ; No                         ; Yes                        ; 2.32 V                      ; 1.4e-09 V                   ; 2.39 V             ; -0.0122 V          ; 0.154 V                             ; 0.017 V                             ; 4.74e-10 s                 ; 4.5e-10 s                  ; No                        ; Yes                       ;
; ADDR_Prog[15]      ; 2.5 V        ; 0 s                 ; 0 s                 ; 2.32 V                       ; 1.4e-09 V                    ; 2.39 V              ; -0.0122 V           ; 0.154 V                              ; 0.017 V                              ; 4.74e-10 s                  ; 4.5e-10 s                   ; No                         ; Yes                        ; 2.32 V                      ; 1.4e-09 V                   ; 2.39 V             ; -0.0122 V          ; 0.154 V                             ; 0.017 V                             ; 4.74e-10 s                 ; 4.5e-10 s                  ; No                        ; Yes                       ;
; ADDR_Prog[16]      ; 2.5 V        ; 0 s                 ; 0 s                 ; 2.32 V                       ; 1.4e-09 V                    ; 2.39 V              ; -0.0122 V           ; 0.154 V                              ; 0.017 V                              ; 4.74e-10 s                  ; 4.5e-10 s                   ; No                         ; Yes                        ; 2.32 V                      ; 1.4e-09 V                   ; 2.39 V             ; -0.0122 V          ; 0.154 V                             ; 0.017 V                             ; 4.74e-10 s                 ; 4.5e-10 s                  ; No                        ; Yes                       ;
; ADDR_Prog[17]      ; 2.5 V        ; 0 s                 ; 0 s                 ; 2.32 V                       ; 1.74e-09 V                   ; 2.4 V               ; -0.0195 V           ; 0.196 V                              ; 0.023 V                              ; 2.87e-10 s                  ; 3.09e-10 s                  ; Yes                        ; Yes                        ; 2.32 V                      ; 1.74e-09 V                  ; 2.4 V              ; -0.0195 V          ; 0.196 V                             ; 0.023 V                             ; 2.87e-10 s                 ; 3.09e-10 s                 ; Yes                       ; Yes                       ;
; ADDR_Prog[18]      ; 2.5 V        ; 0 s                 ; 0 s                 ; 2.32 V                       ; 1.74e-09 V                   ; 2.4 V               ; -0.0195 V           ; 0.196 V                              ; 0.023 V                              ; 2.87e-10 s                  ; 3.09e-10 s                  ; Yes                        ; Yes                        ; 2.32 V                      ; 1.74e-09 V                  ; 2.4 V              ; -0.0195 V          ; 0.196 V                             ; 0.023 V                             ; 2.87e-10 s                 ; 3.09e-10 s                 ; Yes                       ; Yes                       ;
; ADDR_Prog[19]      ; 2.5 V        ; 0 s                 ; 0 s                 ; 2.32 V                       ; 1.4e-09 V                    ; 2.34 V              ; -0.00664 V          ; 0.204 V                              ; 0.106 V                              ; 2.63e-09 s                  ; 2.46e-09 s                  ; No                         ; Yes                        ; 2.32 V                      ; 1.4e-09 V                   ; 2.34 V             ; -0.00664 V         ; 0.204 V                             ; 0.106 V                             ; 2.63e-09 s                 ; 2.46e-09 s                 ; No                        ; Yes                       ;
; ADDR_Prog[20]      ; 2.5 V        ; 0 s                 ; 0 s                 ; 2.32 V                       ; 1.74e-09 V                   ; 2.4 V               ; -0.0195 V           ; 0.196 V                              ; 0.023 V                              ; 2.87e-10 s                  ; 3.09e-10 s                  ; Yes                        ; Yes                        ; 2.32 V                      ; 1.74e-09 V                  ; 2.4 V              ; -0.0195 V          ; 0.196 V                             ; 0.023 V                             ; 2.87e-10 s                 ; 3.09e-10 s                 ; Yes                       ; Yes                       ;
; ADDR_Prog[21]      ; 2.5 V        ; 0 s                 ; 0 s                 ; 2.32 V                       ; 1.74e-09 V                   ; 2.4 V               ; -0.0195 V           ; 0.196 V                              ; 0.023 V                              ; 2.87e-10 s                  ; 3.09e-10 s                  ; Yes                        ; Yes                        ; 2.32 V                      ; 1.74e-09 V                  ; 2.4 V              ; -0.0195 V          ; 0.196 V                             ; 0.023 V                             ; 2.87e-10 s                 ; 3.09e-10 s                 ; Yes                       ; Yes                       ;
; ADDR_Prog[22]      ; 2.5 V        ; 0 s                 ; 0 s                 ; 2.32 V                       ; 1.4e-09 V                    ; 2.39 V              ; -0.0122 V           ; 0.154 V                              ; 0.017 V                              ; 4.74e-10 s                  ; 4.5e-10 s                   ; No                         ; Yes                        ; 2.32 V                      ; 1.4e-09 V                   ; 2.39 V             ; -0.0122 V          ; 0.154 V                             ; 0.017 V                             ; 4.74e-10 s                 ; 4.5e-10 s                  ; No                        ; Yes                       ;
; ADDR_Prog[23]      ; 2.5 V        ; 0 s                 ; 0 s                 ; 2.32 V                       ; 1.4e-09 V                    ; 2.39 V              ; -0.0122 V           ; 0.154 V                              ; 0.017 V                              ; 4.74e-10 s                  ; 4.5e-10 s                   ; No                         ; Yes                        ; 2.32 V                      ; 1.4e-09 V                   ; 2.39 V             ; -0.0122 V          ; 0.154 V                             ; 0.017 V                             ; 4.74e-10 s                 ; 4.5e-10 s                  ; No                        ; Yes                       ;
; ADDR_Prog[24]      ; 2.5 V        ; 0 s                 ; 0 s                 ; 2.32 V                       ; 1.74e-09 V                   ; 2.4 V               ; -0.0195 V           ; 0.196 V                              ; 0.023 V                              ; 2.87e-10 s                  ; 3.09e-10 s                  ; Yes                        ; Yes                        ; 2.32 V                      ; 1.74e-09 V                  ; 2.4 V              ; -0.0195 V          ; 0.196 V                             ; 0.023 V                             ; 2.87e-10 s                 ; 3.09e-10 s                 ; Yes                       ; Yes                       ;
; ADDR_Prog[25]      ; 2.5 V        ; 0 s                 ; 0 s                 ; 2.32 V                       ; 1.4e-09 V                    ; 2.39 V              ; -0.0122 V           ; 0.154 V                              ; 0.017 V                              ; 4.74e-10 s                  ; 4.5e-10 s                   ; No                         ; Yes                        ; 2.32 V                      ; 1.4e-09 V                   ; 2.39 V             ; -0.0122 V          ; 0.154 V                             ; 0.017 V                             ; 4.74e-10 s                 ; 4.5e-10 s                  ; No                        ; Yes                       ;
; ADDR_Prog[26]      ; 2.5 V        ; 0 s                 ; 0 s                 ; 2.32 V                       ; 1.74e-09 V                   ; 2.4 V               ; -0.0195 V           ; 0.196 V                              ; 0.023 V                              ; 2.87e-10 s                  ; 3.09e-10 s                  ; Yes                        ; Yes                        ; 2.32 V                      ; 1.74e-09 V                  ; 2.4 V              ; -0.0195 V          ; 0.196 V                             ; 0.023 V                             ; 2.87e-10 s                 ; 3.09e-10 s                 ; Yes                       ; Yes                       ;
; ADDR_Prog[27]      ; 2.5 V        ; 0 s                 ; 0 s                 ; 2.32 V                       ; 1.4e-09 V                    ; 2.39 V              ; -0.0122 V           ; 0.154 V                              ; 0.017 V                              ; 4.74e-10 s                  ; 4.5e-10 s                   ; No                         ; Yes                        ; 2.32 V                      ; 1.4e-09 V                   ; 2.39 V             ; -0.0122 V          ; 0.154 V                             ; 0.017 V                             ; 4.74e-10 s                 ; 4.5e-10 s                  ; No                        ; Yes                       ;
; ADDR_Prog[28]      ; 2.5 V        ; 0 s                 ; 0 s                 ; 2.32 V                       ; 1.4e-09 V                    ; 2.39 V              ; -0.0122 V           ; 0.154 V                              ; 0.017 V                              ; 4.74e-10 s                  ; 4.5e-10 s                   ; No                         ; Yes                        ; 2.32 V                      ; 1.4e-09 V                   ; 2.39 V             ; -0.0122 V          ; 0.154 V                             ; 0.017 V                             ; 4.74e-10 s                 ; 4.5e-10 s                  ; No                        ; Yes                       ;
; ADDR_Prog[29]      ; 2.5 V        ; 0 s                 ; 0 s                 ; 2.32 V                       ; 1.4e-09 V                    ; 2.39 V              ; -0.0122 V           ; 0.154 V                              ; 0.017 V                              ; 4.74e-10 s                  ; 4.5e-10 s                   ; No                         ; Yes                        ; 2.32 V                      ; 1.4e-09 V                   ; 2.39 V             ; -0.0122 V          ; 0.154 V                             ; 0.017 V                             ; 4.74e-10 s                 ; 4.5e-10 s                  ; No                        ; Yes                       ;
; ADDR_Prog[30]      ; 2.5 V        ; 0 s                 ; 0 s                 ; 2.32 V                       ; 1.4e-09 V                    ; 2.39 V              ; -0.0122 V           ; 0.154 V                              ; 0.017 V                              ; 4.74e-10 s                  ; 4.5e-10 s                   ; No                         ; Yes                        ; 2.32 V                      ; 1.4e-09 V                   ; 2.39 V             ; -0.0122 V          ; 0.154 V                             ; 0.017 V                             ; 4.74e-10 s                 ; 4.5e-10 s                  ; No                        ; Yes                       ;
; ADDR_Prog[31]      ; 2.5 V        ; 0 s                 ; 0 s                 ; 2.32 V                       ; 1.4e-09 V                    ; 2.39 V              ; -0.0122 V           ; 0.154 V                              ; 0.017 V                              ; 4.74e-10 s                  ; 4.5e-10 s                   ; No                         ; Yes                        ; 2.32 V                      ; 1.4e-09 V                   ; 2.39 V             ; -0.0122 V          ; 0.154 V                             ; 0.017 V                             ; 4.74e-10 s                 ; 4.5e-10 s                  ; No                        ; Yes                       ;
; CS                 ; 2.5 V        ; 0 s                 ; 0 s                 ; 2.32 V                       ; 1.74e-09 V                   ; 2.4 V               ; -0.0195 V           ; 0.196 V                              ; 0.023 V                              ; 2.87e-10 s                  ; 3.09e-10 s                  ; Yes                        ; Yes                        ; 2.32 V                      ; 1.74e-09 V                  ; 2.4 V              ; -0.0195 V          ; 0.196 V                             ; 0.023 V                             ; 2.87e-10 s                 ; 3.09e-10 s                 ; Yes                       ; Yes                       ;
; WE                 ; 2.5 V        ; 0 s                 ; 0 s                 ; 2.32 V                       ; 1.4e-09 V                    ; 2.39 V              ; -0.0122 V           ; 0.154 V                              ; 0.017 V                              ; 4.74e-10 s                  ; 4.5e-10 s                   ; No                         ; Yes                        ; 2.32 V                      ; 1.4e-09 V                   ; 2.39 V             ; -0.0122 V          ; 0.154 V                             ; 0.017 V                             ; 4.74e-10 s                 ; 4.5e-10 s                  ; No                        ; Yes                       ;
; CS_P               ; 2.5 V        ; 0 s                 ; 0 s                 ; 2.32 V                       ; 1.4e-09 V                    ; 2.39 V              ; -0.0122 V           ; 0.154 V                              ; 0.017 V                              ; 4.74e-10 s                  ; 4.5e-10 s                   ; No                         ; Yes                        ; 2.32 V                      ; 1.4e-09 V                   ; 2.39 V             ; -0.0122 V          ; 0.154 V                             ; 0.017 V                             ; 4.74e-10 s                 ; 4.5e-10 s                  ; No                        ; Yes                       ;
; ~ALTERA_NCEO~      ; 2.5 V        ; 0 s                 ; 0 s                 ; 2.32 V                       ; 1.1e-09 V                    ; 2.58 V              ; -0.0544 V           ; 0.311 V                              ; 0.084 V                              ; 1.05e-10 s                  ; 2.03e-10 s                  ; No                         ; Yes                        ; 2.32 V                      ; 1.1e-09 V                   ; 2.58 V             ; -0.0544 V          ; 0.311 V                             ; 0.084 V                             ; 1.05e-10 s                 ; 2.03e-10 s                 ; No                        ; Yes                       ;
; ~ALTERA_DCLK~      ; 2.5 V        ; 0 s                 ; 0 s                 ; 2.32 V                       ; 1.44e-09 V                   ; 2.39 V              ; -0.0693 V           ; 0.141 V                              ; 0.097 V                              ; 2.77e-10 s                  ; 2.57e-10 s                  ; Yes                        ; Yes                        ; 2.32 V                      ; 1.44e-09 V                  ; 2.39 V             ; -0.0693 V          ; 0.141 V                             ; 0.097 V                             ; 2.77e-10 s                 ; 2.57e-10 s                 ; Yes                       ; Yes                       ;
+--------------------+--------------+---------------------+---------------------+------------------------------+------------------------------+---------------------+---------------------+--------------------------------------+--------------------------------------+-----------------------------+-----------------------------+----------------------------+----------------------------+-----------------------------+-----------------------------+--------------------+--------------------+-------------------------------------+-------------------------------------+----------------------------+----------------------------+---------------------------+---------------------------+


+-------------------------------------------------------------------------------------------------------------------------------------------------------------------------------------------------------------------------------------------------------------------------------------------------------------------------------------------------------------------------------------------------------------------------------------------------------------------------------------------------------------------------------------------------------------------------------------------------------------------------------------------------------------------------------------------------+
; Signal Integrity Metrics (Slow 1200mv 100c Model)                                                                                                                                                                                                                                                                                                                                                                                                                                                                                                                                                                                                                                               ;
+--------------------+--------------+---------------------+---------------------+------------------------------+------------------------------+---------------------+---------------------+--------------------------------------+--------------------------------------+-----------------------------+-----------------------------+----------------------------+----------------------------+-----------------------------+-----------------------------+--------------------+--------------------+-------------------------------------+-------------------------------------+----------------------------+----------------------------+---------------------------+---------------------------+
; Pin                ; I/O Standard ; Board Delay on Rise ; Board Delay on Fall ; Steady State Voh at FPGA Pin ; Steady State Vol at FPGA Pin ; Voh Max at FPGA Pin ; Vol Min at FPGA Pin ; Ringback Voltage on Rise at FPGA Pin ; Ringback Voltage on Fall at FPGA Pin ; 10-90 Rise Time at FPGA Pin ; 90-10 Fall Time at FPGA Pin ; Monotonic Rise at FPGA Pin ; Monotonic Fall at FPGA Pin ; Steady State Voh at Far-end ; Steady State Vol at Far-end ; Voh Max at Far-end ; Vol Min at Far-end ; Ringback Voltage on Rise at Far-end ; Ringback Voltage on Fall at Far-end ; 10-90 Rise Time at Far-end ; 90-10 Fall Time at Far-end ; Monotonic Rise at Far-end ; Monotonic Fall at Far-end ;
+--------------------+--------------+---------------------+---------------------+------------------------------+------------------------------+---------------------+---------------------+--------------------------------------+--------------------------------------+-----------------------------+-----------------------------+----------------------------+----------------------------+-----------------------------+-----------------------------+--------------------+--------------------+-------------------------------------+-------------------------------------+----------------------------+----------------------------+---------------------------+---------------------------+
; ADDR[0]            ; 2.5 V        ; 0 s                 ; 0 s                 ; 2.32 V                       ; 9.69e-07 V                   ; 2.35 V              ; -0.00962 V          ; 0.125 V                              ; 0.041 V                              ; 6.76e-10 s                  ; 6.43e-10 s                  ; Yes                        ; Yes                        ; 2.32 V                      ; 9.69e-07 V                  ; 2.35 V             ; -0.00962 V         ; 0.125 V                             ; 0.041 V                             ; 6.76e-10 s                 ; 6.43e-10 s                 ; Yes                       ; Yes                       ;
; ADDR[1]            ; 2.5 V        ; 0 s                 ; 0 s                 ; 2.32 V                       ; 9.69e-07 V                   ; 2.35 V              ; -0.00962 V          ; 0.125 V                              ; 0.041 V                              ; 6.76e-10 s                  ; 6.43e-10 s                  ; Yes                        ; Yes                        ; 2.32 V                      ; 9.69e-07 V                  ; 2.35 V             ; -0.00962 V         ; 0.125 V                             ; 0.041 V                             ; 6.76e-10 s                 ; 6.43e-10 s                 ; Yes                       ; Yes                       ;
; ADDR[2]            ; 2.5 V        ; 0 s                 ; 0 s                 ; 2.32 V                       ; 1.44e-06 V                   ; 2.35 V              ; -0.0112 V           ; 0.129 V                              ; 0.036 V                              ; 4.71e-10 s                  ; 4.65e-10 s                  ; Yes                        ; Yes                        ; 2.32 V                      ; 1.44e-06 V                  ; 2.35 V             ; -0.0112 V          ; 0.129 V                             ; 0.036 V                             ; 4.71e-10 s                 ; 4.65e-10 s                 ; Yes                       ; Yes                       ;
; ADDR[3]            ; 2.5 V        ; 0 s                 ; 0 s                 ; 2.32 V                       ; 1.44e-06 V                   ; 2.35 V              ; -0.0112 V           ; 0.129 V                              ; 0.036 V                              ; 4.71e-10 s                  ; 4.65e-10 s                  ; Yes                        ; Yes                        ; 2.32 V                      ; 1.44e-06 V                  ; 2.35 V             ; -0.0112 V          ; 0.129 V                             ; 0.036 V                             ; 4.71e-10 s                 ; 4.65e-10 s                 ; Yes                       ; Yes                       ;
; ADDR[4]            ; 2.5 V        ; 0 s                 ; 0 s                 ; 2.32 V                       ; 9.69e-07 V                   ; 2.35 V              ; -0.00962 V          ; 0.125 V                              ; 0.041 V                              ; 6.76e-10 s                  ; 6.43e-10 s                  ; Yes                        ; Yes                        ; 2.32 V                      ; 9.69e-07 V                  ; 2.35 V             ; -0.00962 V         ; 0.125 V                             ; 0.041 V                             ; 6.76e-10 s                 ; 6.43e-10 s                 ; Yes                       ; Yes                       ;
; ADDR[5]            ; 2.5 V        ; 0 s                 ; 0 s                 ; 2.32 V                       ; 9.69e-07 V                   ; 2.35 V              ; -0.00962 V          ; 0.125 V                              ; 0.041 V                              ; 6.76e-10 s                  ; 6.43e-10 s                  ; Yes                        ; Yes                        ; 2.32 V                      ; 9.69e-07 V                  ; 2.35 V             ; -0.00962 V         ; 0.125 V                             ; 0.041 V                             ; 6.76e-10 s                 ; 6.43e-10 s                 ; Yes                       ; Yes                       ;
; ADDR[6]            ; 2.5 V        ; 0 s                 ; 0 s                 ; 2.32 V                       ; 9.69e-07 V                   ; 2.33 V              ; -0.00252 V          ; 0.116 V                              ; 0.051 V                              ; 3.6e-09 s                   ; 3.43e-09 s                  ; Yes                        ; Yes                        ; 2.32 V                      ; 9.69e-07 V                  ; 2.33 V             ; -0.00252 V         ; 0.116 V                             ; 0.051 V                             ; 3.6e-09 s                  ; 3.43e-09 s                 ; Yes                       ; Yes                       ;
; ADDR[7]            ; 2.5 V        ; 0 s                 ; 0 s                 ; 2.32 V                       ; 9.69e-07 V                   ; 2.35 V              ; -0.00962 V          ; 0.125 V                              ; 0.041 V                              ; 6.76e-10 s                  ; 6.43e-10 s                  ; Yes                        ; Yes                        ; 2.32 V                      ; 9.69e-07 V                  ; 2.35 V             ; -0.00962 V         ; 0.125 V                             ; 0.041 V                             ; 6.76e-10 s                 ; 6.43e-10 s                 ; Yes                       ; Yes                       ;
; ADDR[8]            ; 2.5 V        ; 0 s                 ; 0 s                 ; 2.32 V                       ; 9.69e-07 V                   ; 2.35 V              ; -0.00962 V          ; 0.125 V                              ; 0.041 V                              ; 6.76e-10 s                  ; 6.43e-10 s                  ; Yes                        ; Yes                        ; 2.32 V                      ; 9.69e-07 V                  ; 2.35 V             ; -0.00962 V         ; 0.125 V                             ; 0.041 V                             ; 6.76e-10 s                 ; 6.43e-10 s                 ; Yes                       ; Yes                       ;
; ADDR[9]            ; 2.5 V        ; 0 s                 ; 0 s                 ; 2.32 V                       ; 1.44e-06 V                   ; 2.35 V              ; -0.0112 V           ; 0.129 V                              ; 0.036 V                              ; 4.71e-10 s                  ; 4.65e-10 s                  ; Yes                        ; Yes                        ; 2.32 V                      ; 1.44e-06 V                  ; 2.35 V             ; -0.0112 V          ; 0.129 V                             ; 0.036 V                             ; 4.71e-10 s                 ; 4.65e-10 s                 ; Yes                       ; Yes                       ;
; ADDR[10]           ; 2.5 V        ; 0 s                 ; 0 s                 ; 2.32 V                       ; 9.69e-07 V                   ; 2.35 V              ; -0.00962 V          ; 0.125 V                              ; 0.041 V                              ; 6.76e-10 s                  ; 6.43e-10 s                  ; Yes                        ; Yes                        ; 2.32 V                      ; 9.69e-07 V                  ; 2.35 V             ; -0.00962 V         ; 0.125 V                             ; 0.041 V                             ; 6.76e-10 s                 ; 6.43e-10 s                 ; Yes                       ; Yes                       ;
; ADDR[11]           ; 2.5 V        ; 0 s                 ; 0 s                 ; 2.32 V                       ; 1.44e-06 V                   ; 2.35 V              ; -0.0112 V           ; 0.129 V                              ; 0.036 V                              ; 4.71e-10 s                  ; 4.65e-10 s                  ; Yes                        ; Yes                        ; 2.32 V                      ; 1.44e-06 V                  ; 2.35 V             ; -0.0112 V          ; 0.129 V                             ; 0.036 V                             ; 4.71e-10 s                 ; 4.65e-10 s                 ; Yes                       ; Yes                       ;
; ADDR[12]           ; 2.5 V        ; 0 s                 ; 0 s                 ; 2.32 V                       ; 9.69e-07 V                   ; 2.35 V              ; -0.00962 V          ; 0.125 V                              ; 0.041 V                              ; 6.76e-10 s                  ; 6.43e-10 s                  ; Yes                        ; Yes                        ; 2.32 V                      ; 9.69e-07 V                  ; 2.35 V             ; -0.00962 V         ; 0.125 V                             ; 0.041 V                             ; 6.76e-10 s                 ; 6.43e-10 s                 ; Yes                       ; Yes                       ;
; ADDR[13]           ; 2.5 V        ; 0 s                 ; 0 s                 ; 2.32 V                       ; 9.69e-07 V                   ; 2.35 V              ; -0.00962 V          ; 0.125 V                              ; 0.041 V                              ; 6.76e-10 s                  ; 6.43e-10 s                  ; Yes                        ; Yes                        ; 2.32 V                      ; 9.69e-07 V                  ; 2.35 V             ; -0.00962 V         ; 0.125 V                             ; 0.041 V                             ; 6.76e-10 s                 ; 6.43e-10 s                 ; Yes                       ; Yes                       ;
; ADDR[14]           ; 2.5 V        ; 0 s                 ; 0 s                 ; 2.32 V                       ; 1.44e-06 V                   ; 2.35 V              ; -0.0112 V           ; 0.129 V                              ; 0.036 V                              ; 4.71e-10 s                  ; 4.65e-10 s                  ; Yes                        ; Yes                        ; 2.32 V                      ; 1.44e-06 V                  ; 2.35 V             ; -0.0112 V          ; 0.129 V                             ; 0.036 V                             ; 4.71e-10 s                 ; 4.65e-10 s                 ; Yes                       ; Yes                       ;
; ADDR[15]           ; 2.5 V        ; 0 s                 ; 0 s                 ; 2.32 V                       ; 9.69e-07 V                   ; 2.35 V              ; -0.00962 V          ; 0.125 V                              ; 0.041 V                              ; 6.76e-10 s                  ; 6.43e-10 s                  ; Yes                        ; Yes                        ; 2.32 V                      ; 9.69e-07 V                  ; 2.35 V             ; -0.00962 V         ; 0.125 V                             ; 0.041 V                             ; 6.76e-10 s                 ; 6.43e-10 s                 ; Yes                       ; Yes                       ;
; ADDR[16]           ; 2.5 V        ; 0 s                 ; 0 s                 ; 2.32 V                       ; 1.44e-06 V                   ; 2.35 V              ; -0.0112 V           ; 0.129 V                              ; 0.036 V                              ; 4.71e-10 s                  ; 4.65e-10 s                  ; Yes                        ; Yes                        ; 2.32 V                      ; 1.44e-06 V                  ; 2.35 V             ; -0.0112 V          ; 0.129 V                             ; 0.036 V                             ; 4.71e-10 s                 ; 4.65e-10 s                 ; Yes                       ; Yes                       ;
; ADDR[17]           ; 2.5 V        ; 0 s                 ; 0 s                 ; 2.32 V                       ; 1.44e-06 V                   ; 2.35 V              ; -0.0112 V           ; 0.129 V                              ; 0.036 V                              ; 4.71e-10 s                  ; 4.65e-10 s                  ; Yes                        ; Yes                        ; 2.32 V                      ; 1.44e-06 V                  ; 2.35 V             ; -0.0112 V          ; 0.129 V                             ; 0.036 V                             ; 4.71e-10 s                 ; 4.65e-10 s                 ; Yes                       ; Yes                       ;
; ADDR[18]           ; 2.5 V        ; 0 s                 ; 0 s                 ; 2.32 V                       ; 1.44e-06 V                   ; 2.35 V              ; -0.0112 V           ; 0.129 V                              ; 0.036 V                              ; 4.71e-10 s                  ; 4.65e-10 s                  ; Yes                        ; Yes                        ; 2.32 V                      ; 1.44e-06 V                  ; 2.35 V             ; -0.0112 V          ; 0.129 V                             ; 0.036 V                             ; 4.71e-10 s                 ; 4.65e-10 s                 ; Yes                       ; Yes                       ;
; ADDR[19]           ; 2.5 V        ; 0 s                 ; 0 s                 ; 2.32 V                       ; 1.44e-06 V                   ; 2.35 V              ; -0.0112 V           ; 0.129 V                              ; 0.036 V                              ; 4.71e-10 s                  ; 4.65e-10 s                  ; Yes                        ; Yes                        ; 2.32 V                      ; 1.44e-06 V                  ; 2.35 V             ; -0.0112 V          ; 0.129 V                             ; 0.036 V                             ; 4.71e-10 s                 ; 4.65e-10 s                 ; Yes                       ; Yes                       ;
; ADDR[20]           ; 2.5 V        ; 0 s                 ; 0 s                 ; 2.32 V                       ; 1.44e-06 V                   ; 2.35 V              ; -0.0112 V           ; 0.129 V                              ; 0.036 V                              ; 4.71e-10 s                  ; 4.65e-10 s                  ; Yes                        ; Yes                        ; 2.32 V                      ; 1.44e-06 V                  ; 2.35 V             ; -0.0112 V          ; 0.129 V                             ; 0.036 V                             ; 4.71e-10 s                 ; 4.65e-10 s                 ; Yes                       ; Yes                       ;
; ADDR[21]           ; 2.5 V        ; 0 s                 ; 0 s                 ; 2.32 V                       ; 1.44e-06 V                   ; 2.35 V              ; -0.0112 V           ; 0.129 V                              ; 0.036 V                              ; 4.71e-10 s                  ; 4.65e-10 s                  ; Yes                        ; Yes                        ; 2.32 V                      ; 1.44e-06 V                  ; 2.35 V             ; -0.0112 V          ; 0.129 V                             ; 0.036 V                             ; 4.71e-10 s                 ; 4.65e-10 s                 ; Yes                       ; Yes                       ;
; ADDR[22]           ; 2.5 V        ; 0 s                 ; 0 s                 ; 2.32 V                       ; 1.44e-06 V                   ; 2.35 V              ; -0.0112 V           ; 0.129 V                              ; 0.036 V                              ; 4.71e-10 s                  ; 4.65e-10 s                  ; Yes                        ; Yes                        ; 2.32 V                      ; 1.44e-06 V                  ; 2.35 V             ; -0.0112 V          ; 0.129 V                             ; 0.036 V                             ; 4.71e-10 s                 ; 4.65e-10 s                 ; Yes                       ; Yes                       ;
; ADDR[23]           ; 2.5 V        ; 0 s                 ; 0 s                 ; 2.32 V                       ; 1.44e-06 V                   ; 2.35 V              ; -0.0112 V           ; 0.129 V                              ; 0.036 V                              ; 4.71e-10 s                  ; 4.65e-10 s                  ; Yes                        ; Yes                        ; 2.32 V                      ; 1.44e-06 V                  ; 2.35 V             ; -0.0112 V          ; 0.129 V                             ; 0.036 V                             ; 4.71e-10 s                 ; 4.65e-10 s                 ; Yes                       ; Yes                       ;
; ADDR[24]           ; 2.5 V        ; 0 s                 ; 0 s                 ; 2.32 V                       ; 9.69e-07 V                   ; 2.35 V              ; -0.00962 V          ; 0.125 V                              ; 0.041 V                              ; 6.76e-10 s                  ; 6.43e-10 s                  ; Yes                        ; Yes                        ; 2.32 V                      ; 9.69e-07 V                  ; 2.35 V             ; -0.00962 V         ; 0.125 V                             ; 0.041 V                             ; 6.76e-10 s                 ; 6.43e-10 s                 ; Yes                       ; Yes                       ;
; ADDR[25]           ; 2.5 V        ; 0 s                 ; 0 s                 ; 2.32 V                       ; 1.44e-06 V                   ; 2.35 V              ; -0.0112 V           ; 0.129 V                              ; 0.036 V                              ; 4.71e-10 s                  ; 4.65e-10 s                  ; Yes                        ; Yes                        ; 2.32 V                      ; 1.44e-06 V                  ; 2.35 V             ; -0.0112 V          ; 0.129 V                             ; 0.036 V                             ; 4.71e-10 s                 ; 4.65e-10 s                 ; Yes                       ; Yes                       ;
; ADDR[26]           ; 2.5 V        ; 0 s                 ; 0 s                 ; 2.32 V                       ; 9.69e-07 V                   ; 2.35 V              ; -0.00962 V          ; 0.125 V                              ; 0.041 V                              ; 6.76e-10 s                  ; 6.43e-10 s                  ; Yes                        ; Yes                        ; 2.32 V                      ; 9.69e-07 V                  ; 2.35 V             ; -0.00962 V         ; 0.125 V                             ; 0.041 V                             ; 6.76e-10 s                 ; 6.43e-10 s                 ; Yes                       ; Yes                       ;
; ADDR[27]           ; 2.5 V        ; 0 s                 ; 0 s                 ; 2.32 V                       ; 1.44e-06 V                   ; 2.35 V              ; -0.0112 V           ; 0.129 V                              ; 0.036 V                              ; 4.71e-10 s                  ; 4.65e-10 s                  ; Yes                        ; Yes                        ; 2.32 V                      ; 1.44e-06 V                  ; 2.35 V             ; -0.0112 V          ; 0.129 V                             ; 0.036 V                             ; 4.71e-10 s                 ; 4.65e-10 s                 ; Yes                       ; Yes                       ;
; ADDR[28]           ; 2.5 V        ; 0 s                 ; 0 s                 ; 2.32 V                       ; 1.44e-06 V                   ; 2.35 V              ; -0.0112 V           ; 0.129 V                              ; 0.036 V                              ; 4.71e-10 s                  ; 4.65e-10 s                  ; Yes                        ; Yes                        ; 2.32 V                      ; 1.44e-06 V                  ; 2.35 V             ; -0.0112 V          ; 0.129 V                             ; 0.036 V                             ; 4.71e-10 s                 ; 4.65e-10 s                 ; Yes                       ; Yes                       ;
; ADDR[29]           ; 2.5 V        ; 0 s                 ; 0 s                 ; 2.32 V                       ; 9.69e-07 V                   ; 2.35 V              ; -0.00962 V          ; 0.125 V                              ; 0.041 V                              ; 6.76e-10 s                  ; 6.43e-10 s                  ; Yes                        ; Yes                        ; 2.32 V                      ; 9.69e-07 V                  ; 2.35 V             ; -0.00962 V         ; 0.125 V                             ; 0.041 V                             ; 6.76e-10 s                 ; 6.43e-10 s                 ; Yes                       ; Yes                       ;
; ADDR[30]           ; 2.5 V        ; 0 s                 ; 0 s                 ; 2.32 V                       ; 1.44e-06 V                   ; 2.33 V              ; -0.00254 V          ; 0.097 V                              ; 0.068 V                              ; 3.61e-09 s                  ; 3.44e-09 s                  ; Yes                        ; Yes                        ; 2.32 V                      ; 1.44e-06 V                  ; 2.33 V             ; -0.00254 V         ; 0.097 V                             ; 0.068 V                             ; 3.61e-09 s                 ; 3.44e-09 s                 ; Yes                       ; Yes                       ;
; ADDR[31]           ; 2.5 V        ; 0 s                 ; 0 s                 ; 2.32 V                       ; 9.69e-07 V                   ; 2.35 V              ; -0.00962 V          ; 0.125 V                              ; 0.041 V                              ; 6.76e-10 s                  ; 6.43e-10 s                  ; Yes                        ; Yes                        ; 2.32 V                      ; 9.69e-07 V                  ; 2.35 V             ; -0.00962 V         ; 0.125 V                             ; 0.041 V                             ; 6.76e-10 s                 ; 6.43e-10 s                 ; Yes                       ; Yes                       ;
; Data_BUS_WRITE[0]  ; 2.5 V        ; 0 s                 ; 0 s                 ; 2.32 V                       ; 1.44e-06 V                   ; 2.35 V              ; -0.0112 V           ; 0.129 V                              ; 0.036 V                              ; 4.71e-10 s                  ; 4.65e-10 s                  ; Yes                        ; Yes                        ; 2.32 V                      ; 1.44e-06 V                  ; 2.35 V             ; -0.0112 V          ; 0.129 V                             ; 0.036 V                             ; 4.71e-10 s                 ; 4.65e-10 s                 ; Yes                       ; Yes                       ;
; Data_BUS_WRITE[1]  ; 2.5 V        ; 0 s                 ; 0 s                 ; 2.32 V                       ; 1.44e-06 V                   ; 2.35 V              ; -0.0112 V           ; 0.129 V                              ; 0.036 V                              ; 4.71e-10 s                  ; 4.65e-10 s                  ; Yes                        ; Yes                        ; 2.32 V                      ; 1.44e-06 V                  ; 2.35 V             ; -0.0112 V          ; 0.129 V                             ; 0.036 V                             ; 4.71e-10 s                 ; 4.65e-10 s                 ; Yes                       ; Yes                       ;
; Data_BUS_WRITE[2]  ; 2.5 V        ; 0 s                 ; 0 s                 ; 2.32 V                       ; 9.69e-07 V                   ; 2.35 V              ; -0.00962 V          ; 0.125 V                              ; 0.041 V                              ; 6.76e-10 s                  ; 6.43e-10 s                  ; Yes                        ; Yes                        ; 2.32 V                      ; 9.69e-07 V                  ; 2.35 V             ; -0.00962 V         ; 0.125 V                             ; 0.041 V                             ; 6.76e-10 s                 ; 6.43e-10 s                 ; Yes                       ; Yes                       ;
; Data_BUS_WRITE[3]  ; 2.5 V        ; 0 s                 ; 0 s                 ; 2.32 V                       ; 1.44e-06 V                   ; 2.35 V              ; -0.0112 V           ; 0.129 V                              ; 0.036 V                              ; 4.71e-10 s                  ; 4.65e-10 s                  ; Yes                        ; Yes                        ; 2.32 V                      ; 1.44e-06 V                  ; 2.35 V             ; -0.0112 V          ; 0.129 V                             ; 0.036 V                             ; 4.71e-10 s                 ; 4.65e-10 s                 ; Yes                       ; Yes                       ;
; Data_BUS_WRITE[4]  ; 2.5 V        ; 0 s                 ; 0 s                 ; 2.32 V                       ; 1.44e-06 V                   ; 2.35 V              ; -0.0112 V           ; 0.129 V                              ; 0.036 V                              ; 4.71e-10 s                  ; 4.65e-10 s                  ; Yes                        ; Yes                        ; 2.32 V                      ; 1.44e-06 V                  ; 2.35 V             ; -0.0112 V          ; 0.129 V                             ; 0.036 V                             ; 4.71e-10 s                 ; 4.65e-10 s                 ; Yes                       ; Yes                       ;
; Data_BUS_WRITE[5]  ; 2.5 V        ; 0 s                 ; 0 s                 ; 2.32 V                       ; 1.44e-06 V                   ; 2.35 V              ; -0.0112 V           ; 0.129 V                              ; 0.036 V                              ; 4.71e-10 s                  ; 4.65e-10 s                  ; Yes                        ; Yes                        ; 2.32 V                      ; 1.44e-06 V                  ; 2.35 V             ; -0.0112 V          ; 0.129 V                             ; 0.036 V                             ; 4.71e-10 s                 ; 4.65e-10 s                 ; Yes                       ; Yes                       ;
; Data_BUS_WRITE[6]  ; 2.5 V        ; 0 s                 ; 0 s                 ; 2.32 V                       ; 9.69e-07 V                   ; 2.35 V              ; -0.00962 V          ; 0.125 V                              ; 0.041 V                              ; 6.76e-10 s                  ; 6.43e-10 s                  ; Yes                        ; Yes                        ; 2.32 V                      ; 9.69e-07 V                  ; 2.35 V             ; -0.00962 V         ; 0.125 V                             ; 0.041 V                             ; 6.76e-10 s                 ; 6.43e-10 s                 ; Yes                       ; Yes                       ;
; Data_BUS_WRITE[7]  ; 2.5 V        ; 0 s                 ; 0 s                 ; 2.32 V                       ; 9.69e-07 V                   ; 2.35 V              ; -0.00962 V          ; 0.125 V                              ; 0.041 V                              ; 6.76e-10 s                  ; 6.43e-10 s                  ; Yes                        ; Yes                        ; 2.32 V                      ; 9.69e-07 V                  ; 2.35 V             ; -0.00962 V         ; 0.125 V                             ; 0.041 V                             ; 6.76e-10 s                 ; 6.43e-10 s                 ; Yes                       ; Yes                       ;
; Data_BUS_WRITE[8]  ; 2.5 V        ; 0 s                 ; 0 s                 ; 2.32 V                       ; 9.69e-07 V                   ; 2.33 V              ; -0.00252 V          ; 0.116 V                              ; 0.051 V                              ; 3.6e-09 s                   ; 3.43e-09 s                  ; Yes                        ; Yes                        ; 2.32 V                      ; 9.69e-07 V                  ; 2.33 V             ; -0.00252 V         ; 0.116 V                             ; 0.051 V                             ; 3.6e-09 s                  ; 3.43e-09 s                 ; Yes                       ; Yes                       ;
; Data_BUS_WRITE[9]  ; 2.5 V        ; 0 s                 ; 0 s                 ; 2.32 V                       ; 9.69e-07 V                   ; 2.35 V              ; -0.00962 V          ; 0.125 V                              ; 0.041 V                              ; 6.76e-10 s                  ; 6.43e-10 s                  ; Yes                        ; Yes                        ; 2.32 V                      ; 9.69e-07 V                  ; 2.35 V             ; -0.00962 V         ; 0.125 V                             ; 0.041 V                             ; 6.76e-10 s                 ; 6.43e-10 s                 ; Yes                       ; Yes                       ;
; Data_BUS_WRITE[10] ; 2.5 V        ; 0 s                 ; 0 s                 ; 2.32 V                       ; 1.44e-06 V                   ; 2.35 V              ; -0.0112 V           ; 0.129 V                              ; 0.036 V                              ; 4.71e-10 s                  ; 4.65e-10 s                  ; Yes                        ; Yes                        ; 2.32 V                      ; 1.44e-06 V                  ; 2.35 V             ; -0.0112 V          ; 0.129 V                             ; 0.036 V                             ; 4.71e-10 s                 ; 4.65e-10 s                 ; Yes                       ; Yes                       ;
; Data_BUS_WRITE[11] ; 2.5 V        ; 0 s                 ; 0 s                 ; 2.32 V                       ; 1.44e-06 V                   ; 2.35 V              ; -0.0112 V           ; 0.129 V                              ; 0.036 V                              ; 4.71e-10 s                  ; 4.65e-10 s                  ; Yes                        ; Yes                        ; 2.32 V                      ; 1.44e-06 V                  ; 2.35 V             ; -0.0112 V          ; 0.129 V                             ; 0.036 V                             ; 4.71e-10 s                 ; 4.65e-10 s                 ; Yes                       ; Yes                       ;
; Data_BUS_WRITE[12] ; 2.5 V        ; 0 s                 ; 0 s                 ; 2.32 V                       ; 9.69e-07 V                   ; 2.35 V              ; -0.00962 V          ; 0.125 V                              ; 0.041 V                              ; 6.76e-10 s                  ; 6.43e-10 s                  ; Yes                        ; Yes                        ; 2.32 V                      ; 9.69e-07 V                  ; 2.35 V             ; -0.00962 V         ; 0.125 V                             ; 0.041 V                             ; 6.76e-10 s                 ; 6.43e-10 s                 ; Yes                       ; Yes                       ;
; Data_BUS_WRITE[13] ; 2.5 V        ; 0 s                 ; 0 s                 ; 2.32 V                       ; 9.69e-07 V                   ; 2.35 V              ; -0.00962 V          ; 0.125 V                              ; 0.041 V                              ; 6.76e-10 s                  ; 6.43e-10 s                  ; Yes                        ; Yes                        ; 2.32 V                      ; 9.69e-07 V                  ; 2.35 V             ; -0.00962 V         ; 0.125 V                             ; 0.041 V                             ; 6.76e-10 s                 ; 6.43e-10 s                 ; Yes                       ; Yes                       ;
; Data_BUS_WRITE[14] ; 2.5 V        ; 0 s                 ; 0 s                 ; 2.32 V                       ; 1.44e-06 V                   ; 2.35 V              ; -0.0112 V           ; 0.129 V                              ; 0.036 V                              ; 4.71e-10 s                  ; 4.65e-10 s                  ; Yes                        ; Yes                        ; 2.32 V                      ; 1.44e-06 V                  ; 2.35 V             ; -0.0112 V          ; 0.129 V                             ; 0.036 V                             ; 4.71e-10 s                 ; 4.65e-10 s                 ; Yes                       ; Yes                       ;
; Data_BUS_WRITE[15] ; 2.5 V        ; 0 s                 ; 0 s                 ; 2.32 V                       ; 9.69e-07 V                   ; 2.35 V              ; -0.00962 V          ; 0.125 V                              ; 0.041 V                              ; 6.76e-10 s                  ; 6.43e-10 s                  ; Yes                        ; Yes                        ; 2.32 V                      ; 9.69e-07 V                  ; 2.35 V             ; -0.00962 V         ; 0.125 V                             ; 0.041 V                             ; 6.76e-10 s                 ; 6.43e-10 s                 ; Yes                       ; Yes                       ;
; Data_BUS_WRITE[16] ; 2.5 V        ; 0 s                 ; 0 s                 ; 2.32 V                       ; 1.44e-06 V                   ; 2.35 V              ; -0.0112 V           ; 0.129 V                              ; 0.036 V                              ; 4.71e-10 s                  ; 4.65e-10 s                  ; Yes                        ; Yes                        ; 2.32 V                      ; 1.44e-06 V                  ; 2.35 V             ; -0.0112 V          ; 0.129 V                             ; 0.036 V                             ; 4.71e-10 s                 ; 4.65e-10 s                 ; Yes                       ; Yes                       ;
; Data_BUS_WRITE[17] ; 2.5 V        ; 0 s                 ; 0 s                 ; 2.32 V                       ; 1.44e-06 V                   ; 2.35 V              ; -0.0112 V           ; 0.129 V                              ; 0.036 V                              ; 4.71e-10 s                  ; 4.65e-10 s                  ; Yes                        ; Yes                        ; 2.32 V                      ; 1.44e-06 V                  ; 2.35 V             ; -0.0112 V          ; 0.129 V                             ; 0.036 V                             ; 4.71e-10 s                 ; 4.65e-10 s                 ; Yes                       ; Yes                       ;
; Data_BUS_WRITE[18] ; 2.5 V        ; 0 s                 ; 0 s                 ; 2.32 V                       ; 1.44e-06 V                   ; 2.35 V              ; -0.0112 V           ; 0.129 V                              ; 0.036 V                              ; 4.71e-10 s                  ; 4.65e-10 s                  ; Yes                        ; Yes                        ; 2.32 V                      ; 1.44e-06 V                  ; 2.35 V             ; -0.0112 V          ; 0.129 V                             ; 0.036 V                             ; 4.71e-10 s                 ; 4.65e-10 s                 ; Yes                       ; Yes                       ;
; Data_BUS_WRITE[19] ; 2.5 V        ; 0 s                 ; 0 s                 ; 2.32 V                       ; 1.44e-06 V                   ; 2.35 V              ; -0.0112 V           ; 0.129 V                              ; 0.036 V                              ; 4.71e-10 s                  ; 4.65e-10 s                  ; Yes                        ; Yes                        ; 2.32 V                      ; 1.44e-06 V                  ; 2.35 V             ; -0.0112 V          ; 0.129 V                             ; 0.036 V                             ; 4.71e-10 s                 ; 4.65e-10 s                 ; Yes                       ; Yes                       ;
; Data_BUS_WRITE[20] ; 2.5 V        ; 0 s                 ; 0 s                 ; 2.32 V                       ; 1.44e-06 V                   ; 2.35 V              ; -0.0112 V           ; 0.129 V                              ; 0.036 V                              ; 4.71e-10 s                  ; 4.65e-10 s                  ; Yes                        ; Yes                        ; 2.32 V                      ; 1.44e-06 V                  ; 2.35 V             ; -0.0112 V          ; 0.129 V                             ; 0.036 V                             ; 4.71e-10 s                 ; 4.65e-10 s                 ; Yes                       ; Yes                       ;
; Data_BUS_WRITE[21] ; 2.5 V        ; 0 s                 ; 0 s                 ; 2.32 V                       ; 1.44e-06 V                   ; 2.35 V              ; -0.0112 V           ; 0.129 V                              ; 0.036 V                              ; 4.71e-10 s                  ; 4.65e-10 s                  ; Yes                        ; Yes                        ; 2.32 V                      ; 1.44e-06 V                  ; 2.35 V             ; -0.0112 V          ; 0.129 V                             ; 0.036 V                             ; 4.71e-10 s                 ; 4.65e-10 s                 ; Yes                       ; Yes                       ;
; Data_BUS_WRITE[22] ; 2.5 V        ; 0 s                 ; 0 s                 ; 2.32 V                       ; 9.69e-07 V                   ; 2.35 V              ; -0.00962 V          ; 0.125 V                              ; 0.041 V                              ; 6.76e-10 s                  ; 6.43e-10 s                  ; Yes                        ; Yes                        ; 2.32 V                      ; 9.69e-07 V                  ; 2.35 V             ; -0.00962 V         ; 0.125 V                             ; 0.041 V                             ; 6.76e-10 s                 ; 6.43e-10 s                 ; Yes                       ; Yes                       ;
; Data_BUS_WRITE[23] ; 2.5 V        ; 0 s                 ; 0 s                 ; 2.32 V                       ; 1.44e-06 V                   ; 2.35 V              ; -0.0112 V           ; 0.129 V                              ; 0.036 V                              ; 4.71e-10 s                  ; 4.65e-10 s                  ; Yes                        ; Yes                        ; 2.32 V                      ; 1.44e-06 V                  ; 2.35 V             ; -0.0112 V          ; 0.129 V                             ; 0.036 V                             ; 4.71e-10 s                 ; 4.65e-10 s                 ; Yes                       ; Yes                       ;
; Data_BUS_WRITE[24] ; 2.5 V        ; 0 s                 ; 0 s                 ; 2.32 V                       ; 9.69e-07 V                   ; 2.35 V              ; -0.00962 V          ; 0.125 V                              ; 0.041 V                              ; 6.76e-10 s                  ; 6.43e-10 s                  ; Yes                        ; Yes                        ; 2.32 V                      ; 9.69e-07 V                  ; 2.35 V             ; -0.00962 V         ; 0.125 V                             ; 0.041 V                             ; 6.76e-10 s                 ; 6.43e-10 s                 ; Yes                       ; Yes                       ;
; Data_BUS_WRITE[25] ; 2.5 V        ; 0 s                 ; 0 s                 ; 2.32 V                       ; 9.69e-07 V                   ; 2.35 V              ; -0.00962 V          ; 0.125 V                              ; 0.041 V                              ; 6.76e-10 s                  ; 6.43e-10 s                  ; Yes                        ; Yes                        ; 2.32 V                      ; 9.69e-07 V                  ; 2.35 V             ; -0.00962 V         ; 0.125 V                             ; 0.041 V                             ; 6.76e-10 s                 ; 6.43e-10 s                 ; Yes                       ; Yes                       ;
; Data_BUS_WRITE[26] ; 2.5 V        ; 0 s                 ; 0 s                 ; 2.32 V                       ; 1.44e-06 V                   ; 2.35 V              ; -0.0112 V           ; 0.129 V                              ; 0.036 V                              ; 4.71e-10 s                  ; 4.65e-10 s                  ; Yes                        ; Yes                        ; 2.32 V                      ; 1.44e-06 V                  ; 2.35 V             ; -0.0112 V          ; 0.129 V                             ; 0.036 V                             ; 4.71e-10 s                 ; 4.65e-10 s                 ; Yes                       ; Yes                       ;
; Data_BUS_WRITE[27] ; 2.5 V        ; 0 s                 ; 0 s                 ; 2.32 V                       ; 1.44e-06 V                   ; 2.35 V              ; -0.0112 V           ; 0.129 V                              ; 0.036 V                              ; 4.71e-10 s                  ; 4.65e-10 s                  ; Yes                        ; Yes                        ; 2.32 V                      ; 1.44e-06 V                  ; 2.35 V             ; -0.0112 V          ; 0.129 V                             ; 0.036 V                             ; 4.71e-10 s                 ; 4.65e-10 s                 ; Yes                       ; Yes                       ;
; Data_BUS_WRITE[28] ; 2.5 V        ; 0 s                 ; 0 s                 ; 2.32 V                       ; 1.44e-06 V                   ; 2.35 V              ; -0.0112 V           ; 0.129 V                              ; 0.036 V                              ; 4.71e-10 s                  ; 4.65e-10 s                  ; Yes                        ; Yes                        ; 2.32 V                      ; 1.44e-06 V                  ; 2.35 V             ; -0.0112 V          ; 0.129 V                             ; 0.036 V                             ; 4.71e-10 s                 ; 4.65e-10 s                 ; Yes                       ; Yes                       ;
; Data_BUS_WRITE[29] ; 2.5 V        ; 0 s                 ; 0 s                 ; 2.32 V                       ; 1.44e-06 V                   ; 2.35 V              ; -0.0112 V           ; 0.129 V                              ; 0.036 V                              ; 4.71e-10 s                  ; 4.65e-10 s                  ; Yes                        ; Yes                        ; 2.32 V                      ; 1.44e-06 V                  ; 2.35 V             ; -0.0112 V          ; 0.129 V                             ; 0.036 V                             ; 4.71e-10 s                 ; 4.65e-10 s                 ; Yes                       ; Yes                       ;
; Data_BUS_WRITE[30] ; 2.5 V        ; 0 s                 ; 0 s                 ; 2.32 V                       ; 1.44e-06 V                   ; 2.35 V              ; -0.0112 V           ; 0.129 V                              ; 0.036 V                              ; 4.71e-10 s                  ; 4.65e-10 s                  ; Yes                        ; Yes                        ; 2.32 V                      ; 1.44e-06 V                  ; 2.35 V             ; -0.0112 V          ; 0.129 V                             ; 0.036 V                             ; 4.71e-10 s                 ; 4.65e-10 s                 ; Yes                       ; Yes                       ;
; Data_BUS_WRITE[31] ; 2.5 V        ; 0 s                 ; 0 s                 ; 2.32 V                       ; 9.69e-07 V                   ; 2.35 V              ; -0.00962 V          ; 0.125 V                              ; 0.041 V                              ; 6.76e-10 s                  ; 6.43e-10 s                  ; Yes                        ; Yes                        ; 2.32 V                      ; 9.69e-07 V                  ; 2.35 V             ; -0.00962 V         ; 0.125 V                             ; 0.041 V                             ; 6.76e-10 s                 ; 6.43e-10 s                 ; Yes                       ; Yes                       ;
; ADDR_Prog[0]       ; 2.5 V        ; 0 s                 ; 0 s                 ; 2.32 V                       ; 9.69e-07 V                   ; 2.35 V              ; -0.00962 V          ; 0.125 V                              ; 0.041 V                              ; 6.76e-10 s                  ; 6.43e-10 s                  ; Yes                        ; Yes                        ; 2.32 V                      ; 9.69e-07 V                  ; 2.35 V             ; -0.00962 V         ; 0.125 V                             ; 0.041 V                             ; 6.76e-10 s                 ; 6.43e-10 s                 ; Yes                       ; Yes                       ;
; ADDR_Prog[1]       ; 2.5 V        ; 0 s                 ; 0 s                 ; 2.32 V                       ; 9.69e-07 V                   ; 2.35 V              ; -0.00962 V          ; 0.125 V                              ; 0.041 V                              ; 6.76e-10 s                  ; 6.43e-10 s                  ; Yes                        ; Yes                        ; 2.32 V                      ; 9.69e-07 V                  ; 2.35 V             ; -0.00962 V         ; 0.125 V                             ; 0.041 V                             ; 6.76e-10 s                 ; 6.43e-10 s                 ; Yes                       ; Yes                       ;
; ADDR_Prog[2]       ; 2.5 V        ; 0 s                 ; 0 s                 ; 2.32 V                       ; 9.69e-07 V                   ; 2.35 V              ; -0.00962 V          ; 0.125 V                              ; 0.041 V                              ; 6.76e-10 s                  ; 6.43e-10 s                  ; Yes                        ; Yes                        ; 2.32 V                      ; 9.69e-07 V                  ; 2.35 V             ; -0.00962 V         ; 0.125 V                             ; 0.041 V                             ; 6.76e-10 s                 ; 6.43e-10 s                 ; Yes                       ; Yes                       ;
; ADDR_Prog[3]       ; 2.5 V        ; 0 s                 ; 0 s                 ; 2.32 V                       ; 9.69e-07 V                   ; 2.35 V              ; -0.00962 V          ; 0.125 V                              ; 0.041 V                              ; 6.76e-10 s                  ; 6.43e-10 s                  ; Yes                        ; Yes                        ; 2.32 V                      ; 9.69e-07 V                  ; 2.35 V             ; -0.00962 V         ; 0.125 V                             ; 0.041 V                             ; 6.76e-10 s                 ; 6.43e-10 s                 ; Yes                       ; Yes                       ;
; ADDR_Prog[4]       ; 2.5 V        ; 0 s                 ; 0 s                 ; 2.32 V                       ; 9.69e-07 V                   ; 2.35 V              ; -0.00962 V          ; 0.125 V                              ; 0.041 V                              ; 6.76e-10 s                  ; 6.43e-10 s                  ; Yes                        ; Yes                        ; 2.32 V                      ; 9.69e-07 V                  ; 2.35 V             ; -0.00962 V         ; 0.125 V                             ; 0.041 V                             ; 6.76e-10 s                 ; 6.43e-10 s                 ; Yes                       ; Yes                       ;
; ADDR_Prog[5]       ; 2.5 V        ; 0 s                 ; 0 s                 ; 2.32 V                       ; 9.69e-07 V                   ; 2.35 V              ; -0.00962 V          ; 0.125 V                              ; 0.041 V                              ; 6.76e-10 s                  ; 6.43e-10 s                  ; Yes                        ; Yes                        ; 2.32 V                      ; 9.69e-07 V                  ; 2.35 V             ; -0.00962 V         ; 0.125 V                             ; 0.041 V                             ; 6.76e-10 s                 ; 6.43e-10 s                 ; Yes                       ; Yes                       ;
; ADDR_Prog[6]       ; 2.5 V        ; 0 s                 ; 0 s                 ; 2.32 V                       ; 9.69e-07 V                   ; 2.35 V              ; -0.00962 V          ; 0.125 V                              ; 0.041 V                              ; 6.76e-10 s                  ; 6.43e-10 s                  ; Yes                        ; Yes                        ; 2.32 V                      ; 9.69e-07 V                  ; 2.35 V             ; -0.00962 V         ; 0.125 V                             ; 0.041 V                             ; 6.76e-10 s                 ; 6.43e-10 s                 ; Yes                       ; Yes                       ;
; ADDR_Prog[7]       ; 2.5 V        ; 0 s                 ; 0 s                 ; 2.32 V                       ; 9.69e-07 V                   ; 2.35 V              ; -0.00962 V          ; 0.125 V                              ; 0.041 V                              ; 6.76e-10 s                  ; 6.43e-10 s                  ; Yes                        ; Yes                        ; 2.32 V                      ; 9.69e-07 V                  ; 2.35 V             ; -0.00962 V         ; 0.125 V                             ; 0.041 V                             ; 6.76e-10 s                 ; 6.43e-10 s                 ; Yes                       ; Yes                       ;
; ADDR_Prog[8]       ; 2.5 V        ; 0 s                 ; 0 s                 ; 2.32 V                       ; 9.69e-07 V                   ; 2.35 V              ; -0.00962 V          ; 0.125 V                              ; 0.041 V                              ; 6.76e-10 s                  ; 6.43e-10 s                  ; Yes                        ; Yes                        ; 2.32 V                      ; 9.69e-07 V                  ; 2.35 V             ; -0.00962 V         ; 0.125 V                             ; 0.041 V                             ; 6.76e-10 s                 ; 6.43e-10 s                 ; Yes                       ; Yes                       ;
; ADDR_Prog[9]       ; 2.5 V        ; 0 s                 ; 0 s                 ; 2.32 V                       ; 9.69e-07 V                   ; 2.35 V              ; -0.00962 V          ; 0.125 V                              ; 0.041 V                              ; 6.76e-10 s                  ; 6.43e-10 s                  ; Yes                        ; Yes                        ; 2.32 V                      ; 9.69e-07 V                  ; 2.35 V             ; -0.00962 V         ; 0.125 V                             ; 0.041 V                             ; 6.76e-10 s                 ; 6.43e-10 s                 ; Yes                       ; Yes                       ;
; ADDR_Prog[10]      ; 2.5 V        ; 0 s                 ; 0 s                 ; 2.32 V                       ; 9.69e-07 V                   ; 2.35 V              ; -0.00962 V          ; 0.125 V                              ; 0.041 V                              ; 6.76e-10 s                  ; 6.43e-10 s                  ; Yes                        ; Yes                        ; 2.32 V                      ; 9.69e-07 V                  ; 2.35 V             ; -0.00962 V         ; 0.125 V                             ; 0.041 V                             ; 6.76e-10 s                 ; 6.43e-10 s                 ; Yes                       ; Yes                       ;
; ADDR_Prog[11]      ; 2.5 V        ; 0 s                 ; 0 s                 ; 2.32 V                       ; 9.69e-07 V                   ; 2.35 V              ; -0.00962 V          ; 0.125 V                              ; 0.041 V                              ; 6.76e-10 s                  ; 6.43e-10 s                  ; Yes                        ; Yes                        ; 2.32 V                      ; 9.69e-07 V                  ; 2.35 V             ; -0.00962 V         ; 0.125 V                             ; 0.041 V                             ; 6.76e-10 s                 ; 6.43e-10 s                 ; Yes                       ; Yes                       ;
; ADDR_Prog[12]      ; 2.5 V        ; 0 s                 ; 0 s                 ; 2.32 V                       ; 9.69e-07 V                   ; 2.35 V              ; -0.00962 V          ; 0.125 V                              ; 0.041 V                              ; 6.76e-10 s                  ; 6.43e-10 s                  ; Yes                        ; Yes                        ; 2.32 V                      ; 9.69e-07 V                  ; 2.35 V             ; -0.00962 V         ; 0.125 V                             ; 0.041 V                             ; 6.76e-10 s                 ; 6.43e-10 s                 ; Yes                       ; Yes                       ;
; ADDR_Prog[13]      ; 2.5 V        ; 0 s                 ; 0 s                 ; 2.32 V                       ; 9.69e-07 V                   ; 2.35 V              ; -0.00962 V          ; 0.125 V                              ; 0.041 V                              ; 6.76e-10 s                  ; 6.43e-10 s                  ; Yes                        ; Yes                        ; 2.32 V                      ; 9.69e-07 V                  ; 2.35 V             ; -0.00962 V         ; 0.125 V                             ; 0.041 V                             ; 6.76e-10 s                 ; 6.43e-10 s                 ; Yes                       ; Yes                       ;
; ADDR_Prog[14]      ; 2.5 V        ; 0 s                 ; 0 s                 ; 2.32 V                       ; 9.69e-07 V                   ; 2.35 V              ; -0.00962 V          ; 0.125 V                              ; 0.041 V                              ; 6.76e-10 s                  ; 6.43e-10 s                  ; Yes                        ; Yes                        ; 2.32 V                      ; 9.69e-07 V                  ; 2.35 V             ; -0.00962 V         ; 0.125 V                             ; 0.041 V                             ; 6.76e-10 s                 ; 6.43e-10 s                 ; Yes                       ; Yes                       ;
; ADDR_Prog[15]      ; 2.5 V        ; 0 s                 ; 0 s                 ; 2.32 V                       ; 9.69e-07 V                   ; 2.35 V              ; -0.00962 V          ; 0.125 V                              ; 0.041 V                              ; 6.76e-10 s                  ; 6.43e-10 s                  ; Yes                        ; Yes                        ; 2.32 V                      ; 9.69e-07 V                  ; 2.35 V             ; -0.00962 V         ; 0.125 V                             ; 0.041 V                             ; 6.76e-10 s                 ; 6.43e-10 s                 ; Yes                       ; Yes                       ;
; ADDR_Prog[16]      ; 2.5 V        ; 0 s                 ; 0 s                 ; 2.32 V                       ; 9.69e-07 V                   ; 2.35 V              ; -0.00962 V          ; 0.125 V                              ; 0.041 V                              ; 6.76e-10 s                  ; 6.43e-10 s                  ; Yes                        ; Yes                        ; 2.32 V                      ; 9.69e-07 V                  ; 2.35 V             ; -0.00962 V         ; 0.125 V                             ; 0.041 V                             ; 6.76e-10 s                 ; 6.43e-10 s                 ; Yes                       ; Yes                       ;
; ADDR_Prog[17]      ; 2.5 V        ; 0 s                 ; 0 s                 ; 2.32 V                       ; 1.44e-06 V                   ; 2.35 V              ; -0.0112 V           ; 0.129 V                              ; 0.036 V                              ; 4.71e-10 s                  ; 4.65e-10 s                  ; Yes                        ; Yes                        ; 2.32 V                      ; 1.44e-06 V                  ; 2.35 V             ; -0.0112 V          ; 0.129 V                             ; 0.036 V                             ; 4.71e-10 s                 ; 4.65e-10 s                 ; Yes                       ; Yes                       ;
; ADDR_Prog[18]      ; 2.5 V        ; 0 s                 ; 0 s                 ; 2.32 V                       ; 1.44e-06 V                   ; 2.35 V              ; -0.0112 V           ; 0.129 V                              ; 0.036 V                              ; 4.71e-10 s                  ; 4.65e-10 s                  ; Yes                        ; Yes                        ; 2.32 V                      ; 1.44e-06 V                  ; 2.35 V             ; -0.0112 V          ; 0.129 V                             ; 0.036 V                             ; 4.71e-10 s                 ; 4.65e-10 s                 ; Yes                       ; Yes                       ;
; ADDR_Prog[19]      ; 2.5 V        ; 0 s                 ; 0 s                 ; 2.32 V                       ; 9.69e-07 V                   ; 2.33 V              ; -0.00252 V          ; 0.116 V                              ; 0.051 V                              ; 3.6e-09 s                   ; 3.43e-09 s                  ; Yes                        ; Yes                        ; 2.32 V                      ; 9.69e-07 V                  ; 2.33 V             ; -0.00252 V         ; 0.116 V                             ; 0.051 V                             ; 3.6e-09 s                  ; 3.43e-09 s                 ; Yes                       ; Yes                       ;
; ADDR_Prog[20]      ; 2.5 V        ; 0 s                 ; 0 s                 ; 2.32 V                       ; 1.44e-06 V                   ; 2.35 V              ; -0.0112 V           ; 0.129 V                              ; 0.036 V                              ; 4.71e-10 s                  ; 4.65e-10 s                  ; Yes                        ; Yes                        ; 2.32 V                      ; 1.44e-06 V                  ; 2.35 V             ; -0.0112 V          ; 0.129 V                             ; 0.036 V                             ; 4.71e-10 s                 ; 4.65e-10 s                 ; Yes                       ; Yes                       ;
; ADDR_Prog[21]      ; 2.5 V        ; 0 s                 ; 0 s                 ; 2.32 V                       ; 1.44e-06 V                   ; 2.35 V              ; -0.0112 V           ; 0.129 V                              ; 0.036 V                              ; 4.71e-10 s                  ; 4.65e-10 s                  ; Yes                        ; Yes                        ; 2.32 V                      ; 1.44e-06 V                  ; 2.35 V             ; -0.0112 V          ; 0.129 V                             ; 0.036 V                             ; 4.71e-10 s                 ; 4.65e-10 s                 ; Yes                       ; Yes                       ;
; ADDR_Prog[22]      ; 2.5 V        ; 0 s                 ; 0 s                 ; 2.32 V                       ; 9.69e-07 V                   ; 2.35 V              ; -0.00962 V          ; 0.125 V                              ; 0.041 V                              ; 6.76e-10 s                  ; 6.43e-10 s                  ; Yes                        ; Yes                        ; 2.32 V                      ; 9.69e-07 V                  ; 2.35 V             ; -0.00962 V         ; 0.125 V                             ; 0.041 V                             ; 6.76e-10 s                 ; 6.43e-10 s                 ; Yes                       ; Yes                       ;
; ADDR_Prog[23]      ; 2.5 V        ; 0 s                 ; 0 s                 ; 2.32 V                       ; 9.69e-07 V                   ; 2.35 V              ; -0.00962 V          ; 0.125 V                              ; 0.041 V                              ; 6.76e-10 s                  ; 6.43e-10 s                  ; Yes                        ; Yes                        ; 2.32 V                      ; 9.69e-07 V                  ; 2.35 V             ; -0.00962 V         ; 0.125 V                             ; 0.041 V                             ; 6.76e-10 s                 ; 6.43e-10 s                 ; Yes                       ; Yes                       ;
; ADDR_Prog[24]      ; 2.5 V        ; 0 s                 ; 0 s                 ; 2.32 V                       ; 1.44e-06 V                   ; 2.35 V              ; -0.0112 V           ; 0.129 V                              ; 0.036 V                              ; 4.71e-10 s                  ; 4.65e-10 s                  ; Yes                        ; Yes                        ; 2.32 V                      ; 1.44e-06 V                  ; 2.35 V             ; -0.0112 V          ; 0.129 V                             ; 0.036 V                             ; 4.71e-10 s                 ; 4.65e-10 s                 ; Yes                       ; Yes                       ;
; ADDR_Prog[25]      ; 2.5 V        ; 0 s                 ; 0 s                 ; 2.32 V                       ; 9.69e-07 V                   ; 2.35 V              ; -0.00962 V          ; 0.125 V                              ; 0.041 V                              ; 6.76e-10 s                  ; 6.43e-10 s                  ; Yes                        ; Yes                        ; 2.32 V                      ; 9.69e-07 V                  ; 2.35 V             ; -0.00962 V         ; 0.125 V                             ; 0.041 V                             ; 6.76e-10 s                 ; 6.43e-10 s                 ; Yes                       ; Yes                       ;
; ADDR_Prog[26]      ; 2.5 V        ; 0 s                 ; 0 s                 ; 2.32 V                       ; 1.44e-06 V                   ; 2.35 V              ; -0.0112 V           ; 0.129 V                              ; 0.036 V                              ; 4.71e-10 s                  ; 4.65e-10 s                  ; Yes                        ; Yes                        ; 2.32 V                      ; 1.44e-06 V                  ; 2.35 V             ; -0.0112 V          ; 0.129 V                             ; 0.036 V                             ; 4.71e-10 s                 ; 4.65e-10 s                 ; Yes                       ; Yes                       ;
; ADDR_Prog[27]      ; 2.5 V        ; 0 s                 ; 0 s                 ; 2.32 V                       ; 9.69e-07 V                   ; 2.35 V              ; -0.00962 V          ; 0.125 V                              ; 0.041 V                              ; 6.76e-10 s                  ; 6.43e-10 s                  ; Yes                        ; Yes                        ; 2.32 V                      ; 9.69e-07 V                  ; 2.35 V             ; -0.00962 V         ; 0.125 V                             ; 0.041 V                             ; 6.76e-10 s                 ; 6.43e-10 s                 ; Yes                       ; Yes                       ;
; ADDR_Prog[28]      ; 2.5 V        ; 0 s                 ; 0 s                 ; 2.32 V                       ; 9.69e-07 V                   ; 2.35 V              ; -0.00962 V          ; 0.125 V                              ; 0.041 V                              ; 6.76e-10 s                  ; 6.43e-10 s                  ; Yes                        ; Yes                        ; 2.32 V                      ; 9.69e-07 V                  ; 2.35 V             ; -0.00962 V         ; 0.125 V                             ; 0.041 V                             ; 6.76e-10 s                 ; 6.43e-10 s                 ; Yes                       ; Yes                       ;
; ADDR_Prog[29]      ; 2.5 V        ; 0 s                 ; 0 s                 ; 2.32 V                       ; 9.69e-07 V                   ; 2.35 V              ; -0.00962 V          ; 0.125 V                              ; 0.041 V                              ; 6.76e-10 s                  ; 6.43e-10 s                  ; Yes                        ; Yes                        ; 2.32 V                      ; 9.69e-07 V                  ; 2.35 V             ; -0.00962 V         ; 0.125 V                             ; 0.041 V                             ; 6.76e-10 s                 ; 6.43e-10 s                 ; Yes                       ; Yes                       ;
; ADDR_Prog[30]      ; 2.5 V        ; 0 s                 ; 0 s                 ; 2.32 V                       ; 9.69e-07 V                   ; 2.35 V              ; -0.00962 V          ; 0.125 V                              ; 0.041 V                              ; 6.76e-10 s                  ; 6.43e-10 s                  ; Yes                        ; Yes                        ; 2.32 V                      ; 9.69e-07 V                  ; 2.35 V             ; -0.00962 V         ; 0.125 V                             ; 0.041 V                             ; 6.76e-10 s                 ; 6.43e-10 s                 ; Yes                       ; Yes                       ;
; ADDR_Prog[31]      ; 2.5 V        ; 0 s                 ; 0 s                 ; 2.32 V                       ; 9.69e-07 V                   ; 2.35 V              ; -0.00962 V          ; 0.125 V                              ; 0.041 V                              ; 6.76e-10 s                  ; 6.43e-10 s                  ; Yes                        ; Yes                        ; 2.32 V                      ; 9.69e-07 V                  ; 2.35 V             ; -0.00962 V         ; 0.125 V                             ; 0.041 V                             ; 6.76e-10 s                 ; 6.43e-10 s                 ; Yes                       ; Yes                       ;
; CS                 ; 2.5 V        ; 0 s                 ; 0 s                 ; 2.32 V                       ; 1.44e-06 V                   ; 2.35 V              ; -0.0112 V           ; 0.129 V                              ; 0.036 V                              ; 4.71e-10 s                  ; 4.65e-10 s                  ; Yes                        ; Yes                        ; 2.32 V                      ; 1.44e-06 V                  ; 2.35 V             ; -0.0112 V          ; 0.129 V                             ; 0.036 V                             ; 4.71e-10 s                 ; 4.65e-10 s                 ; Yes                       ; Yes                       ;
; WE                 ; 2.5 V        ; 0 s                 ; 0 s                 ; 2.32 V                       ; 9.69e-07 V                   ; 2.35 V              ; -0.00962 V          ; 0.125 V                              ; 0.041 V                              ; 6.76e-10 s                  ; 6.43e-10 s                  ; Yes                        ; Yes                        ; 2.32 V                      ; 9.69e-07 V                  ; 2.35 V             ; -0.00962 V         ; 0.125 V                             ; 0.041 V                             ; 6.76e-10 s                 ; 6.43e-10 s                 ; Yes                       ; Yes                       ;
; CS_P               ; 2.5 V        ; 0 s                 ; 0 s                 ; 2.32 V                       ; 9.69e-07 V                   ; 2.35 V              ; -0.00962 V          ; 0.125 V                              ; 0.041 V                              ; 6.76e-10 s                  ; 6.43e-10 s                  ; Yes                        ; Yes                        ; 2.32 V                      ; 9.69e-07 V                  ; 2.35 V             ; -0.00962 V         ; 0.125 V                             ; 0.041 V                             ; 6.76e-10 s                 ; 6.43e-10 s                 ; Yes                       ; Yes                       ;
; ~ALTERA_NCEO~      ; 2.5 V        ; 0 s                 ; 0 s                 ; 2.32 V                       ; 9.46e-07 V                   ; 2.35 V              ; -0.0216 V           ; 0.041 V                              ; 0.044 V                              ; 2.35e-10 s                  ; 3.4e-10 s                   ; Yes                        ; Yes                        ; 2.32 V                      ; 9.46e-07 V                  ; 2.35 V             ; -0.0216 V          ; 0.041 V                             ; 0.044 V                             ; 2.35e-10 s                 ; 3.4e-10 s                  ; Yes                       ; Yes                       ;
; ~ALTERA_DCLK~      ; 2.5 V        ; 0 s                 ; 0 s                 ; 2.32 V                       ; 1.15e-06 V                   ; 2.35 V              ; -0.00816 V          ; 0.1 V                                ; 0.012 V                              ; 4.51e-10 s                  ; 3.91e-10 s                  ; Yes                        ; Yes                        ; 2.32 V                      ; 1.15e-06 V                  ; 2.35 V             ; -0.00816 V         ; 0.1 V                               ; 0.012 V                             ; 4.51e-10 s                 ; 3.91e-10 s                 ; Yes                       ; Yes                       ;
+--------------------+--------------+---------------------+---------------------+------------------------------+------------------------------+---------------------+---------------------+--------------------------------------+--------------------------------------+-----------------------------+-----------------------------+----------------------------+----------------------------+-----------------------------+-----------------------------+--------------------+--------------------+-------------------------------------+-------------------------------------+----------------------------+----------------------------+---------------------------+---------------------------+


+-------------------------------------------------------------------------------------------------------------------------------------------------------------------------------------------------------------------------------------------------------------------------------------------------------------------------------------------------------------------------------------------------------------------------------------------------------------------------------------------------------------------------------------------------------------------------------------------------------------------------------------------------------------------------------------------------+
; Signal Integrity Metrics (Fast 1200mv n40c Model)                                                                                                                                                                                                                                                                                                                                                                                                                                                                                                                                                                                                                                               ;
+--------------------+--------------+---------------------+---------------------+------------------------------+------------------------------+---------------------+---------------------+--------------------------------------+--------------------------------------+-----------------------------+-----------------------------+----------------------------+----------------------------+-----------------------------+-----------------------------+--------------------+--------------------+-------------------------------------+-------------------------------------+----------------------------+----------------------------+---------------------------+---------------------------+
; Pin                ; I/O Standard ; Board Delay on Rise ; Board Delay on Fall ; Steady State Voh at FPGA Pin ; Steady State Vol at FPGA Pin ; Voh Max at FPGA Pin ; Vol Min at FPGA Pin ; Ringback Voltage on Rise at FPGA Pin ; Ringback Voltage on Fall at FPGA Pin ; 10-90 Rise Time at FPGA Pin ; 90-10 Fall Time at FPGA Pin ; Monotonic Rise at FPGA Pin ; Monotonic Fall at FPGA Pin ; Steady State Voh at Far-end ; Steady State Vol at Far-end ; Voh Max at Far-end ; Vol Min at Far-end ; Ringback Voltage on Rise at Far-end ; Ringback Voltage on Fall at Far-end ; 10-90 Rise Time at Far-end ; 90-10 Fall Time at Far-end ; Monotonic Rise at Far-end ; Monotonic Fall at Far-end ;
+--------------------+--------------+---------------------+---------------------+------------------------------+------------------------------+---------------------+---------------------+--------------------------------------+--------------------------------------+-----------------------------+-----------------------------+----------------------------+----------------------------+-----------------------------+-----------------------------+--------------------+--------------------+-------------------------------------+-------------------------------------+----------------------------+----------------------------+---------------------------+---------------------------+
; ADDR[0]            ; 2.5 V        ; 0 s                 ; 0 s                 ; 2.62 V                       ; 2.24e-09 V                   ; 2.74 V              ; -0.0529 V           ; 0.285 V                              ; 0.071 V                              ; 2.99e-10 s                  ; 3.3e-10 s                   ; No                         ; Yes                        ; 2.62 V                      ; 2.24e-09 V                  ; 2.74 V             ; -0.0529 V          ; 0.285 V                             ; 0.071 V                             ; 2.99e-10 s                 ; 3.3e-10 s                  ; No                        ; Yes                       ;
; ADDR[1]            ; 2.5 V        ; 0 s                 ; 0 s                 ; 2.62 V                       ; 2.24e-09 V                   ; 2.74 V              ; -0.0529 V           ; 0.285 V                              ; 0.071 V                              ; 2.99e-10 s                  ; 3.3e-10 s                   ; No                         ; Yes                        ; 2.62 V                      ; 2.24e-09 V                  ; 2.74 V             ; -0.0529 V          ; 0.285 V                             ; 0.071 V                             ; 2.99e-10 s                 ; 3.3e-10 s                  ; No                        ; Yes                       ;
; ADDR[2]            ; 2.5 V        ; 0 s                 ; 0 s                 ; 2.62 V                       ; 3.18e-09 V                   ; 2.74 V              ; -0.0527 V           ; 0.162 V                              ; 0.083 V                              ; 2.61e-10 s                  ; 2.44e-10 s                  ; Yes                        ; Yes                        ; 2.62 V                      ; 3.18e-09 V                  ; 2.74 V             ; -0.0527 V          ; 0.162 V                             ; 0.083 V                             ; 2.61e-10 s                 ; 2.44e-10 s                 ; Yes                       ; Yes                       ;
; ADDR[3]            ; 2.5 V        ; 0 s                 ; 0 s                 ; 2.62 V                       ; 3.18e-09 V                   ; 2.74 V              ; -0.0527 V           ; 0.162 V                              ; 0.083 V                              ; 2.61e-10 s                  ; 2.44e-10 s                  ; Yes                        ; Yes                        ; 2.62 V                      ; 3.18e-09 V                  ; 2.74 V             ; -0.0527 V          ; 0.162 V                             ; 0.083 V                             ; 2.61e-10 s                 ; 2.44e-10 s                 ; Yes                       ; Yes                       ;
; ADDR[4]            ; 2.5 V        ; 0 s                 ; 0 s                 ; 2.62 V                       ; 2.24e-09 V                   ; 2.74 V              ; -0.0529 V           ; 0.285 V                              ; 0.071 V                              ; 2.99e-10 s                  ; 3.3e-10 s                   ; No                         ; Yes                        ; 2.62 V                      ; 2.24e-09 V                  ; 2.74 V             ; -0.0529 V          ; 0.285 V                             ; 0.071 V                             ; 2.99e-10 s                 ; 3.3e-10 s                  ; No                        ; Yes                       ;
; ADDR[5]            ; 2.5 V        ; 0 s                 ; 0 s                 ; 2.62 V                       ; 2.24e-09 V                   ; 2.74 V              ; -0.0529 V           ; 0.285 V                              ; 0.071 V                              ; 2.99e-10 s                  ; 3.3e-10 s                   ; No                         ; Yes                        ; 2.62 V                      ; 2.24e-09 V                  ; 2.74 V             ; -0.0529 V          ; 0.285 V                             ; 0.071 V                             ; 2.99e-10 s                 ; 3.3e-10 s                  ; No                        ; Yes                       ;
; ADDR[6]            ; 2.5 V        ; 0 s                 ; 0 s                 ; 2.62 V                       ; 2.24e-09 V                   ; 2.65 V              ; -0.0149 V           ; 0.207 V                              ; 0.176 V                              ; 2.15e-09 s                  ; 2.03e-09 s                  ; No                         ; Yes                        ; 2.62 V                      ; 2.24e-09 V                  ; 2.65 V             ; -0.0149 V          ; 0.207 V                             ; 0.176 V                             ; 2.15e-09 s                 ; 2.03e-09 s                 ; No                        ; Yes                       ;
; ADDR[7]            ; 2.5 V        ; 0 s                 ; 0 s                 ; 2.62 V                       ; 2.24e-09 V                   ; 2.74 V              ; -0.0529 V           ; 0.285 V                              ; 0.071 V                              ; 2.99e-10 s                  ; 3.3e-10 s                   ; No                         ; Yes                        ; 2.62 V                      ; 2.24e-09 V                  ; 2.74 V             ; -0.0529 V          ; 0.285 V                             ; 0.071 V                             ; 2.99e-10 s                 ; 3.3e-10 s                  ; No                        ; Yes                       ;
; ADDR[8]            ; 2.5 V        ; 0 s                 ; 0 s                 ; 2.62 V                       ; 2.24e-09 V                   ; 2.74 V              ; -0.0529 V           ; 0.285 V                              ; 0.071 V                              ; 2.99e-10 s                  ; 3.3e-10 s                   ; No                         ; Yes                        ; 2.62 V                      ; 2.24e-09 V                  ; 2.74 V             ; -0.0529 V          ; 0.285 V                             ; 0.071 V                             ; 2.99e-10 s                 ; 3.3e-10 s                  ; No                        ; Yes                       ;
; ADDR[9]            ; 2.5 V        ; 0 s                 ; 0 s                 ; 2.62 V                       ; 3.18e-09 V                   ; 2.74 V              ; -0.0527 V           ; 0.162 V                              ; 0.083 V                              ; 2.61e-10 s                  ; 2.44e-10 s                  ; Yes                        ; Yes                        ; 2.62 V                      ; 3.18e-09 V                  ; 2.74 V             ; -0.0527 V          ; 0.162 V                             ; 0.083 V                             ; 2.61e-10 s                 ; 2.44e-10 s                 ; Yes                       ; Yes                       ;
; ADDR[10]           ; 2.5 V        ; 0 s                 ; 0 s                 ; 2.62 V                       ; 2.24e-09 V                   ; 2.74 V              ; -0.0529 V           ; 0.285 V                              ; 0.071 V                              ; 2.99e-10 s                  ; 3.3e-10 s                   ; No                         ; Yes                        ; 2.62 V                      ; 2.24e-09 V                  ; 2.74 V             ; -0.0529 V          ; 0.285 V                             ; 0.071 V                             ; 2.99e-10 s                 ; 3.3e-10 s                  ; No                        ; Yes                       ;
; ADDR[11]           ; 2.5 V        ; 0 s                 ; 0 s                 ; 2.62 V                       ; 3.18e-09 V                   ; 2.74 V              ; -0.0527 V           ; 0.162 V                              ; 0.083 V                              ; 2.61e-10 s                  ; 2.44e-10 s                  ; Yes                        ; Yes                        ; 2.62 V                      ; 3.18e-09 V                  ; 2.74 V             ; -0.0527 V          ; 0.162 V                             ; 0.083 V                             ; 2.61e-10 s                 ; 2.44e-10 s                 ; Yes                       ; Yes                       ;
; ADDR[12]           ; 2.5 V        ; 0 s                 ; 0 s                 ; 2.62 V                       ; 2.24e-09 V                   ; 2.74 V              ; -0.0529 V           ; 0.285 V                              ; 0.071 V                              ; 2.99e-10 s                  ; 3.3e-10 s                   ; No                         ; Yes                        ; 2.62 V                      ; 2.24e-09 V                  ; 2.74 V             ; -0.0529 V          ; 0.285 V                             ; 0.071 V                             ; 2.99e-10 s                 ; 3.3e-10 s                  ; No                        ; Yes                       ;
; ADDR[13]           ; 2.5 V        ; 0 s                 ; 0 s                 ; 2.62 V                       ; 2.24e-09 V                   ; 2.74 V              ; -0.0529 V           ; 0.285 V                              ; 0.071 V                              ; 2.99e-10 s                  ; 3.3e-10 s                   ; No                         ; Yes                        ; 2.62 V                      ; 2.24e-09 V                  ; 2.74 V             ; -0.0529 V          ; 0.285 V                             ; 0.071 V                             ; 2.99e-10 s                 ; 3.3e-10 s                  ; No                        ; Yes                       ;
; ADDR[14]           ; 2.5 V        ; 0 s                 ; 0 s                 ; 2.62 V                       ; 3.18e-09 V                   ; 2.74 V              ; -0.0527 V           ; 0.162 V                              ; 0.083 V                              ; 2.61e-10 s                  ; 2.44e-10 s                  ; Yes                        ; Yes                        ; 2.62 V                      ; 3.18e-09 V                  ; 2.74 V             ; -0.0527 V          ; 0.162 V                             ; 0.083 V                             ; 2.61e-10 s                 ; 2.44e-10 s                 ; Yes                       ; Yes                       ;
; ADDR[15]           ; 2.5 V        ; 0 s                 ; 0 s                 ; 2.62 V                       ; 2.24e-09 V                   ; 2.74 V              ; -0.0529 V           ; 0.285 V                              ; 0.071 V                              ; 2.99e-10 s                  ; 3.3e-10 s                   ; No                         ; Yes                        ; 2.62 V                      ; 2.24e-09 V                  ; 2.74 V             ; -0.0529 V          ; 0.285 V                             ; 0.071 V                             ; 2.99e-10 s                 ; 3.3e-10 s                  ; No                        ; Yes                       ;
; ADDR[16]           ; 2.5 V        ; 0 s                 ; 0 s                 ; 2.62 V                       ; 3.18e-09 V                   ; 2.74 V              ; -0.0527 V           ; 0.162 V                              ; 0.083 V                              ; 2.61e-10 s                  ; 2.44e-10 s                  ; Yes                        ; Yes                        ; 2.62 V                      ; 3.18e-09 V                  ; 2.74 V             ; -0.0527 V          ; 0.162 V                             ; 0.083 V                             ; 2.61e-10 s                 ; 2.44e-10 s                 ; Yes                       ; Yes                       ;
; ADDR[17]           ; 2.5 V        ; 0 s                 ; 0 s                 ; 2.62 V                       ; 3.18e-09 V                   ; 2.74 V              ; -0.0527 V           ; 0.162 V                              ; 0.083 V                              ; 2.61e-10 s                  ; 2.44e-10 s                  ; Yes                        ; Yes                        ; 2.62 V                      ; 3.18e-09 V                  ; 2.74 V             ; -0.0527 V          ; 0.162 V                             ; 0.083 V                             ; 2.61e-10 s                 ; 2.44e-10 s                 ; Yes                       ; Yes                       ;
; ADDR[18]           ; 2.5 V        ; 0 s                 ; 0 s                 ; 2.62 V                       ; 3.18e-09 V                   ; 2.74 V              ; -0.0527 V           ; 0.162 V                              ; 0.083 V                              ; 2.61e-10 s                  ; 2.44e-10 s                  ; Yes                        ; Yes                        ; 2.62 V                      ; 3.18e-09 V                  ; 2.74 V             ; -0.0527 V          ; 0.162 V                             ; 0.083 V                             ; 2.61e-10 s                 ; 2.44e-10 s                 ; Yes                       ; Yes                       ;
; ADDR[19]           ; 2.5 V        ; 0 s                 ; 0 s                 ; 2.62 V                       ; 3.18e-09 V                   ; 2.74 V              ; -0.0527 V           ; 0.162 V                              ; 0.083 V                              ; 2.61e-10 s                  ; 2.44e-10 s                  ; Yes                        ; Yes                        ; 2.62 V                      ; 3.18e-09 V                  ; 2.74 V             ; -0.0527 V          ; 0.162 V                             ; 0.083 V                             ; 2.61e-10 s                 ; 2.44e-10 s                 ; Yes                       ; Yes                       ;
; ADDR[20]           ; 2.5 V        ; 0 s                 ; 0 s                 ; 2.62 V                       ; 3.18e-09 V                   ; 2.74 V              ; -0.0527 V           ; 0.162 V                              ; 0.083 V                              ; 2.61e-10 s                  ; 2.44e-10 s                  ; Yes                        ; Yes                        ; 2.62 V                      ; 3.18e-09 V                  ; 2.74 V             ; -0.0527 V          ; 0.162 V                             ; 0.083 V                             ; 2.61e-10 s                 ; 2.44e-10 s                 ; Yes                       ; Yes                       ;
; ADDR[21]           ; 2.5 V        ; 0 s                 ; 0 s                 ; 2.62 V                       ; 3.18e-09 V                   ; 2.74 V              ; -0.0527 V           ; 0.162 V                              ; 0.083 V                              ; 2.61e-10 s                  ; 2.44e-10 s                  ; Yes                        ; Yes                        ; 2.62 V                      ; 3.18e-09 V                  ; 2.74 V             ; -0.0527 V          ; 0.162 V                             ; 0.083 V                             ; 2.61e-10 s                 ; 2.44e-10 s                 ; Yes                       ; Yes                       ;
; ADDR[22]           ; 2.5 V        ; 0 s                 ; 0 s                 ; 2.62 V                       ; 3.18e-09 V                   ; 2.74 V              ; -0.0527 V           ; 0.162 V                              ; 0.083 V                              ; 2.61e-10 s                  ; 2.44e-10 s                  ; Yes                        ; Yes                        ; 2.62 V                      ; 3.18e-09 V                  ; 2.74 V             ; -0.0527 V          ; 0.162 V                             ; 0.083 V                             ; 2.61e-10 s                 ; 2.44e-10 s                 ; Yes                       ; Yes                       ;
; ADDR[23]           ; 2.5 V        ; 0 s                 ; 0 s                 ; 2.62 V                       ; 3.18e-09 V                   ; 2.74 V              ; -0.0527 V           ; 0.162 V                              ; 0.083 V                              ; 2.61e-10 s                  ; 2.44e-10 s                  ; Yes                        ; Yes                        ; 2.62 V                      ; 3.18e-09 V                  ; 2.74 V             ; -0.0527 V          ; 0.162 V                             ; 0.083 V                             ; 2.61e-10 s                 ; 2.44e-10 s                 ; Yes                       ; Yes                       ;
; ADDR[24]           ; 2.5 V        ; 0 s                 ; 0 s                 ; 2.62 V                       ; 2.24e-09 V                   ; 2.74 V              ; -0.0529 V           ; 0.285 V                              ; 0.071 V                              ; 2.99e-10 s                  ; 3.3e-10 s                   ; No                         ; Yes                        ; 2.62 V                      ; 2.24e-09 V                  ; 2.74 V             ; -0.0529 V          ; 0.285 V                             ; 0.071 V                             ; 2.99e-10 s                 ; 3.3e-10 s                  ; No                        ; Yes                       ;
; ADDR[25]           ; 2.5 V        ; 0 s                 ; 0 s                 ; 2.62 V                       ; 3.18e-09 V                   ; 2.74 V              ; -0.0527 V           ; 0.162 V                              ; 0.083 V                              ; 2.61e-10 s                  ; 2.44e-10 s                  ; Yes                        ; Yes                        ; 2.62 V                      ; 3.18e-09 V                  ; 2.74 V             ; -0.0527 V          ; 0.162 V                             ; 0.083 V                             ; 2.61e-10 s                 ; 2.44e-10 s                 ; Yes                       ; Yes                       ;
; ADDR[26]           ; 2.5 V        ; 0 s                 ; 0 s                 ; 2.62 V                       ; 2.24e-09 V                   ; 2.74 V              ; -0.0529 V           ; 0.285 V                              ; 0.071 V                              ; 2.99e-10 s                  ; 3.3e-10 s                   ; No                         ; Yes                        ; 2.62 V                      ; 2.24e-09 V                  ; 2.74 V             ; -0.0529 V          ; 0.285 V                             ; 0.071 V                             ; 2.99e-10 s                 ; 3.3e-10 s                  ; No                        ; Yes                       ;
; ADDR[27]           ; 2.5 V        ; 0 s                 ; 0 s                 ; 2.62 V                       ; 3.18e-09 V                   ; 2.74 V              ; -0.0527 V           ; 0.162 V                              ; 0.083 V                              ; 2.61e-10 s                  ; 2.44e-10 s                  ; Yes                        ; Yes                        ; 2.62 V                      ; 3.18e-09 V                  ; 2.74 V             ; -0.0527 V          ; 0.162 V                             ; 0.083 V                             ; 2.61e-10 s                 ; 2.44e-10 s                 ; Yes                       ; Yes                       ;
; ADDR[28]           ; 2.5 V        ; 0 s                 ; 0 s                 ; 2.62 V                       ; 3.18e-09 V                   ; 2.74 V              ; -0.0527 V           ; 0.162 V                              ; 0.083 V                              ; 2.61e-10 s                  ; 2.44e-10 s                  ; Yes                        ; Yes                        ; 2.62 V                      ; 3.18e-09 V                  ; 2.74 V             ; -0.0527 V          ; 0.162 V                             ; 0.083 V                             ; 2.61e-10 s                 ; 2.44e-10 s                 ; Yes                       ; Yes                       ;
; ADDR[29]           ; 2.5 V        ; 0 s                 ; 0 s                 ; 2.62 V                       ; 2.24e-09 V                   ; 2.74 V              ; -0.0529 V           ; 0.285 V                              ; 0.071 V                              ; 2.99e-10 s                  ; 3.3e-10 s                   ; No                         ; Yes                        ; 2.62 V                      ; 2.24e-09 V                  ; 2.74 V             ; -0.0529 V          ; 0.285 V                             ; 0.071 V                             ; 2.99e-10 s                 ; 3.3e-10 s                  ; No                        ; Yes                       ;
; ADDR[30]           ; 2.5 V        ; 0 s                 ; 0 s                 ; 2.62 V                       ; 3.18e-09 V                   ; 2.65 V              ; -0.0147 V           ; 0.207 V                              ; 0.176 V                              ; 2.16e-09 s                  ; 2.03e-09 s                  ; No                         ; Yes                        ; 2.62 V                      ; 3.18e-09 V                  ; 2.65 V             ; -0.0147 V          ; 0.207 V                             ; 0.176 V                             ; 2.16e-09 s                 ; 2.03e-09 s                 ; No                        ; Yes                       ;
; ADDR[31]           ; 2.5 V        ; 0 s                 ; 0 s                 ; 2.62 V                       ; 2.24e-09 V                   ; 2.74 V              ; -0.0529 V           ; 0.285 V                              ; 0.071 V                              ; 2.99e-10 s                  ; 3.3e-10 s                   ; No                         ; Yes                        ; 2.62 V                      ; 2.24e-09 V                  ; 2.74 V             ; -0.0529 V          ; 0.285 V                             ; 0.071 V                             ; 2.99e-10 s                 ; 3.3e-10 s                  ; No                        ; Yes                       ;
; Data_BUS_WRITE[0]  ; 2.5 V        ; 0 s                 ; 0 s                 ; 2.62 V                       ; 3.18e-09 V                   ; 2.74 V              ; -0.0527 V           ; 0.162 V                              ; 0.083 V                              ; 2.61e-10 s                  ; 2.44e-10 s                  ; Yes                        ; Yes                        ; 2.62 V                      ; 3.18e-09 V                  ; 2.74 V             ; -0.0527 V          ; 0.162 V                             ; 0.083 V                             ; 2.61e-10 s                 ; 2.44e-10 s                 ; Yes                       ; Yes                       ;
; Data_BUS_WRITE[1]  ; 2.5 V        ; 0 s                 ; 0 s                 ; 2.62 V                       ; 3.18e-09 V                   ; 2.74 V              ; -0.0527 V           ; 0.162 V                              ; 0.083 V                              ; 2.61e-10 s                  ; 2.44e-10 s                  ; Yes                        ; Yes                        ; 2.62 V                      ; 3.18e-09 V                  ; 2.74 V             ; -0.0527 V          ; 0.162 V                             ; 0.083 V                             ; 2.61e-10 s                 ; 2.44e-10 s                 ; Yes                       ; Yes                       ;
; Data_BUS_WRITE[2]  ; 2.5 V        ; 0 s                 ; 0 s                 ; 2.62 V                       ; 2.24e-09 V                   ; 2.74 V              ; -0.0529 V           ; 0.285 V                              ; 0.071 V                              ; 2.99e-10 s                  ; 3.3e-10 s                   ; No                         ; Yes                        ; 2.62 V                      ; 2.24e-09 V                  ; 2.74 V             ; -0.0529 V          ; 0.285 V                             ; 0.071 V                             ; 2.99e-10 s                 ; 3.3e-10 s                  ; No                        ; Yes                       ;
; Data_BUS_WRITE[3]  ; 2.5 V        ; 0 s                 ; 0 s                 ; 2.62 V                       ; 3.18e-09 V                   ; 2.74 V              ; -0.0527 V           ; 0.162 V                              ; 0.083 V                              ; 2.61e-10 s                  ; 2.44e-10 s                  ; Yes                        ; Yes                        ; 2.62 V                      ; 3.18e-09 V                  ; 2.74 V             ; -0.0527 V          ; 0.162 V                             ; 0.083 V                             ; 2.61e-10 s                 ; 2.44e-10 s                 ; Yes                       ; Yes                       ;
; Data_BUS_WRITE[4]  ; 2.5 V        ; 0 s                 ; 0 s                 ; 2.62 V                       ; 3.18e-09 V                   ; 2.74 V              ; -0.0527 V           ; 0.162 V                              ; 0.083 V                              ; 2.61e-10 s                  ; 2.44e-10 s                  ; Yes                        ; Yes                        ; 2.62 V                      ; 3.18e-09 V                  ; 2.74 V             ; -0.0527 V          ; 0.162 V                             ; 0.083 V                             ; 2.61e-10 s                 ; 2.44e-10 s                 ; Yes                       ; Yes                       ;
; Data_BUS_WRITE[5]  ; 2.5 V        ; 0 s                 ; 0 s                 ; 2.62 V                       ; 3.18e-09 V                   ; 2.74 V              ; -0.0527 V           ; 0.162 V                              ; 0.083 V                              ; 2.61e-10 s                  ; 2.44e-10 s                  ; Yes                        ; Yes                        ; 2.62 V                      ; 3.18e-09 V                  ; 2.74 V             ; -0.0527 V          ; 0.162 V                             ; 0.083 V                             ; 2.61e-10 s                 ; 2.44e-10 s                 ; Yes                       ; Yes                       ;
; Data_BUS_WRITE[6]  ; 2.5 V        ; 0 s                 ; 0 s                 ; 2.62 V                       ; 2.24e-09 V                   ; 2.74 V              ; -0.0529 V           ; 0.285 V                              ; 0.071 V                              ; 2.99e-10 s                  ; 3.3e-10 s                   ; No                         ; Yes                        ; 2.62 V                      ; 2.24e-09 V                  ; 2.74 V             ; -0.0529 V          ; 0.285 V                             ; 0.071 V                             ; 2.99e-10 s                 ; 3.3e-10 s                  ; No                        ; Yes                       ;
; Data_BUS_WRITE[7]  ; 2.5 V        ; 0 s                 ; 0 s                 ; 2.62 V                       ; 2.24e-09 V                   ; 2.74 V              ; -0.0529 V           ; 0.285 V                              ; 0.071 V                              ; 2.99e-10 s                  ; 3.3e-10 s                   ; No                         ; Yes                        ; 2.62 V                      ; 2.24e-09 V                  ; 2.74 V             ; -0.0529 V          ; 0.285 V                             ; 0.071 V                             ; 2.99e-10 s                 ; 3.3e-10 s                  ; No                        ; Yes                       ;
; Data_BUS_WRITE[8]  ; 2.5 V        ; 0 s                 ; 0 s                 ; 2.62 V                       ; 2.24e-09 V                   ; 2.65 V              ; -0.0149 V           ; 0.207 V                              ; 0.176 V                              ; 2.15e-09 s                  ; 2.03e-09 s                  ; No                         ; Yes                        ; 2.62 V                      ; 2.24e-09 V                  ; 2.65 V             ; -0.0149 V          ; 0.207 V                             ; 0.176 V                             ; 2.15e-09 s                 ; 2.03e-09 s                 ; No                        ; Yes                       ;
; Data_BUS_WRITE[9]  ; 2.5 V        ; 0 s                 ; 0 s                 ; 2.62 V                       ; 2.24e-09 V                   ; 2.74 V              ; -0.0529 V           ; 0.285 V                              ; 0.071 V                              ; 2.99e-10 s                  ; 3.3e-10 s                   ; No                         ; Yes                        ; 2.62 V                      ; 2.24e-09 V                  ; 2.74 V             ; -0.0529 V          ; 0.285 V                             ; 0.071 V                             ; 2.99e-10 s                 ; 3.3e-10 s                  ; No                        ; Yes                       ;
; Data_BUS_WRITE[10] ; 2.5 V        ; 0 s                 ; 0 s                 ; 2.62 V                       ; 3.18e-09 V                   ; 2.74 V              ; -0.0527 V           ; 0.162 V                              ; 0.083 V                              ; 2.61e-10 s                  ; 2.44e-10 s                  ; Yes                        ; Yes                        ; 2.62 V                      ; 3.18e-09 V                  ; 2.74 V             ; -0.0527 V          ; 0.162 V                             ; 0.083 V                             ; 2.61e-10 s                 ; 2.44e-10 s                 ; Yes                       ; Yes                       ;
; Data_BUS_WRITE[11] ; 2.5 V        ; 0 s                 ; 0 s                 ; 2.62 V                       ; 3.18e-09 V                   ; 2.74 V              ; -0.0527 V           ; 0.162 V                              ; 0.083 V                              ; 2.61e-10 s                  ; 2.44e-10 s                  ; Yes                        ; Yes                        ; 2.62 V                      ; 3.18e-09 V                  ; 2.74 V             ; -0.0527 V          ; 0.162 V                             ; 0.083 V                             ; 2.61e-10 s                 ; 2.44e-10 s                 ; Yes                       ; Yes                       ;
; Data_BUS_WRITE[12] ; 2.5 V        ; 0 s                 ; 0 s                 ; 2.62 V                       ; 2.24e-09 V                   ; 2.74 V              ; -0.0529 V           ; 0.285 V                              ; 0.071 V                              ; 2.99e-10 s                  ; 3.3e-10 s                   ; No                         ; Yes                        ; 2.62 V                      ; 2.24e-09 V                  ; 2.74 V             ; -0.0529 V          ; 0.285 V                             ; 0.071 V                             ; 2.99e-10 s                 ; 3.3e-10 s                  ; No                        ; Yes                       ;
; Data_BUS_WRITE[13] ; 2.5 V        ; 0 s                 ; 0 s                 ; 2.62 V                       ; 2.24e-09 V                   ; 2.74 V              ; -0.0529 V           ; 0.285 V                              ; 0.071 V                              ; 2.99e-10 s                  ; 3.3e-10 s                   ; No                         ; Yes                        ; 2.62 V                      ; 2.24e-09 V                  ; 2.74 V             ; -0.0529 V          ; 0.285 V                             ; 0.071 V                             ; 2.99e-10 s                 ; 3.3e-10 s                  ; No                        ; Yes                       ;
; Data_BUS_WRITE[14] ; 2.5 V        ; 0 s                 ; 0 s                 ; 2.62 V                       ; 3.18e-09 V                   ; 2.74 V              ; -0.0527 V           ; 0.162 V                              ; 0.083 V                              ; 2.61e-10 s                  ; 2.44e-10 s                  ; Yes                        ; Yes                        ; 2.62 V                      ; 3.18e-09 V                  ; 2.74 V             ; -0.0527 V          ; 0.162 V                             ; 0.083 V                             ; 2.61e-10 s                 ; 2.44e-10 s                 ; Yes                       ; Yes                       ;
; Data_BUS_WRITE[15] ; 2.5 V        ; 0 s                 ; 0 s                 ; 2.62 V                       ; 2.24e-09 V                   ; 2.74 V              ; -0.0529 V           ; 0.285 V                              ; 0.071 V                              ; 2.99e-10 s                  ; 3.3e-10 s                   ; No                         ; Yes                        ; 2.62 V                      ; 2.24e-09 V                  ; 2.74 V             ; -0.0529 V          ; 0.285 V                             ; 0.071 V                             ; 2.99e-10 s                 ; 3.3e-10 s                  ; No                        ; Yes                       ;
; Data_BUS_WRITE[16] ; 2.5 V        ; 0 s                 ; 0 s                 ; 2.62 V                       ; 3.18e-09 V                   ; 2.74 V              ; -0.0527 V           ; 0.162 V                              ; 0.083 V                              ; 2.61e-10 s                  ; 2.44e-10 s                  ; Yes                        ; Yes                        ; 2.62 V                      ; 3.18e-09 V                  ; 2.74 V             ; -0.0527 V          ; 0.162 V                             ; 0.083 V                             ; 2.61e-10 s                 ; 2.44e-10 s                 ; Yes                       ; Yes                       ;
; Data_BUS_WRITE[17] ; 2.5 V        ; 0 s                 ; 0 s                 ; 2.62 V                       ; 3.18e-09 V                   ; 2.74 V              ; -0.0527 V           ; 0.162 V                              ; 0.083 V                              ; 2.61e-10 s                  ; 2.44e-10 s                  ; Yes                        ; Yes                        ; 2.62 V                      ; 3.18e-09 V                  ; 2.74 V             ; -0.0527 V          ; 0.162 V                             ; 0.083 V                             ; 2.61e-10 s                 ; 2.44e-10 s                 ; Yes                       ; Yes                       ;
; Data_BUS_WRITE[18] ; 2.5 V        ; 0 s                 ; 0 s                 ; 2.62 V                       ; 3.18e-09 V                   ; 2.74 V              ; -0.0527 V           ; 0.162 V                              ; 0.083 V                              ; 2.61e-10 s                  ; 2.44e-10 s                  ; Yes                        ; Yes                        ; 2.62 V                      ; 3.18e-09 V                  ; 2.74 V             ; -0.0527 V          ; 0.162 V                             ; 0.083 V                             ; 2.61e-10 s                 ; 2.44e-10 s                 ; Yes                       ; Yes                       ;
; Data_BUS_WRITE[19] ; 2.5 V        ; 0 s                 ; 0 s                 ; 2.62 V                       ; 3.18e-09 V                   ; 2.74 V              ; -0.0527 V           ; 0.162 V                              ; 0.083 V                              ; 2.61e-10 s                  ; 2.44e-10 s                  ; Yes                        ; Yes                        ; 2.62 V                      ; 3.18e-09 V                  ; 2.74 V             ; -0.0527 V          ; 0.162 V                             ; 0.083 V                             ; 2.61e-10 s                 ; 2.44e-10 s                 ; Yes                       ; Yes                       ;
; Data_BUS_WRITE[20] ; 2.5 V        ; 0 s                 ; 0 s                 ; 2.62 V                       ; 3.18e-09 V                   ; 2.74 V              ; -0.0527 V           ; 0.162 V                              ; 0.083 V                              ; 2.61e-10 s                  ; 2.44e-10 s                  ; Yes                        ; Yes                        ; 2.62 V                      ; 3.18e-09 V                  ; 2.74 V             ; -0.0527 V          ; 0.162 V                             ; 0.083 V                             ; 2.61e-10 s                 ; 2.44e-10 s                 ; Yes                       ; Yes                       ;
; Data_BUS_WRITE[21] ; 2.5 V        ; 0 s                 ; 0 s                 ; 2.62 V                       ; 3.18e-09 V                   ; 2.74 V              ; -0.0527 V           ; 0.162 V                              ; 0.083 V                              ; 2.61e-10 s                  ; 2.44e-10 s                  ; Yes                        ; Yes                        ; 2.62 V                      ; 3.18e-09 V                  ; 2.74 V             ; -0.0527 V          ; 0.162 V                             ; 0.083 V                             ; 2.61e-10 s                 ; 2.44e-10 s                 ; Yes                       ; Yes                       ;
; Data_BUS_WRITE[22] ; 2.5 V        ; 0 s                 ; 0 s                 ; 2.62 V                       ; 2.24e-09 V                   ; 2.74 V              ; -0.0529 V           ; 0.285 V                              ; 0.071 V                              ; 2.99e-10 s                  ; 3.3e-10 s                   ; No                         ; Yes                        ; 2.62 V                      ; 2.24e-09 V                  ; 2.74 V             ; -0.0529 V          ; 0.285 V                             ; 0.071 V                             ; 2.99e-10 s                 ; 3.3e-10 s                  ; No                        ; Yes                       ;
; Data_BUS_WRITE[23] ; 2.5 V        ; 0 s                 ; 0 s                 ; 2.62 V                       ; 3.18e-09 V                   ; 2.74 V              ; -0.0527 V           ; 0.162 V                              ; 0.083 V                              ; 2.61e-10 s                  ; 2.44e-10 s                  ; Yes                        ; Yes                        ; 2.62 V                      ; 3.18e-09 V                  ; 2.74 V             ; -0.0527 V          ; 0.162 V                             ; 0.083 V                             ; 2.61e-10 s                 ; 2.44e-10 s                 ; Yes                       ; Yes                       ;
; Data_BUS_WRITE[24] ; 2.5 V        ; 0 s                 ; 0 s                 ; 2.62 V                       ; 2.24e-09 V                   ; 2.74 V              ; -0.0529 V           ; 0.285 V                              ; 0.071 V                              ; 2.99e-10 s                  ; 3.3e-10 s                   ; No                         ; Yes                        ; 2.62 V                      ; 2.24e-09 V                  ; 2.74 V             ; -0.0529 V          ; 0.285 V                             ; 0.071 V                             ; 2.99e-10 s                 ; 3.3e-10 s                  ; No                        ; Yes                       ;
; Data_BUS_WRITE[25] ; 2.5 V        ; 0 s                 ; 0 s                 ; 2.62 V                       ; 2.24e-09 V                   ; 2.74 V              ; -0.0529 V           ; 0.285 V                              ; 0.071 V                              ; 2.99e-10 s                  ; 3.3e-10 s                   ; No                         ; Yes                        ; 2.62 V                      ; 2.24e-09 V                  ; 2.74 V             ; -0.0529 V          ; 0.285 V                             ; 0.071 V                             ; 2.99e-10 s                 ; 3.3e-10 s                  ; No                        ; Yes                       ;
; Data_BUS_WRITE[26] ; 2.5 V        ; 0 s                 ; 0 s                 ; 2.62 V                       ; 3.18e-09 V                   ; 2.74 V              ; -0.0527 V           ; 0.162 V                              ; 0.083 V                              ; 2.61e-10 s                  ; 2.44e-10 s                  ; Yes                        ; Yes                        ; 2.62 V                      ; 3.18e-09 V                  ; 2.74 V             ; -0.0527 V          ; 0.162 V                             ; 0.083 V                             ; 2.61e-10 s                 ; 2.44e-10 s                 ; Yes                       ; Yes                       ;
; Data_BUS_WRITE[27] ; 2.5 V        ; 0 s                 ; 0 s                 ; 2.62 V                       ; 3.18e-09 V                   ; 2.74 V              ; -0.0527 V           ; 0.162 V                              ; 0.083 V                              ; 2.61e-10 s                  ; 2.44e-10 s                  ; Yes                        ; Yes                        ; 2.62 V                      ; 3.18e-09 V                  ; 2.74 V             ; -0.0527 V          ; 0.162 V                             ; 0.083 V                             ; 2.61e-10 s                 ; 2.44e-10 s                 ; Yes                       ; Yes                       ;
; Data_BUS_WRITE[28] ; 2.5 V        ; 0 s                 ; 0 s                 ; 2.62 V                       ; 3.18e-09 V                   ; 2.74 V              ; -0.0527 V           ; 0.162 V                              ; 0.083 V                              ; 2.61e-10 s                  ; 2.44e-10 s                  ; Yes                        ; Yes                        ; 2.62 V                      ; 3.18e-09 V                  ; 2.74 V             ; -0.0527 V          ; 0.162 V                             ; 0.083 V                             ; 2.61e-10 s                 ; 2.44e-10 s                 ; Yes                       ; Yes                       ;
; Data_BUS_WRITE[29] ; 2.5 V        ; 0 s                 ; 0 s                 ; 2.62 V                       ; 3.18e-09 V                   ; 2.74 V              ; -0.0527 V           ; 0.162 V                              ; 0.083 V                              ; 2.61e-10 s                  ; 2.44e-10 s                  ; Yes                        ; Yes                        ; 2.62 V                      ; 3.18e-09 V                  ; 2.74 V             ; -0.0527 V          ; 0.162 V                             ; 0.083 V                             ; 2.61e-10 s                 ; 2.44e-10 s                 ; Yes                       ; Yes                       ;
; Data_BUS_WRITE[30] ; 2.5 V        ; 0 s                 ; 0 s                 ; 2.62 V                       ; 3.18e-09 V                   ; 2.74 V              ; -0.0527 V           ; 0.162 V                              ; 0.083 V                              ; 2.61e-10 s                  ; 2.44e-10 s                  ; Yes                        ; Yes                        ; 2.62 V                      ; 3.18e-09 V                  ; 2.74 V             ; -0.0527 V          ; 0.162 V                             ; 0.083 V                             ; 2.61e-10 s                 ; 2.44e-10 s                 ; Yes                       ; Yes                       ;
; Data_BUS_WRITE[31] ; 2.5 V        ; 0 s                 ; 0 s                 ; 2.62 V                       ; 2.24e-09 V                   ; 2.74 V              ; -0.0529 V           ; 0.285 V                              ; 0.071 V                              ; 2.99e-10 s                  ; 3.3e-10 s                   ; No                         ; Yes                        ; 2.62 V                      ; 2.24e-09 V                  ; 2.74 V             ; -0.0529 V          ; 0.285 V                             ; 0.071 V                             ; 2.99e-10 s                 ; 3.3e-10 s                  ; No                        ; Yes                       ;
; ADDR_Prog[0]       ; 2.5 V        ; 0 s                 ; 0 s                 ; 2.62 V                       ; 2.24e-09 V                   ; 2.74 V              ; -0.0529 V           ; 0.285 V                              ; 0.071 V                              ; 2.99e-10 s                  ; 3.3e-10 s                   ; No                         ; Yes                        ; 2.62 V                      ; 2.24e-09 V                  ; 2.74 V             ; -0.0529 V          ; 0.285 V                             ; 0.071 V                             ; 2.99e-10 s                 ; 3.3e-10 s                  ; No                        ; Yes                       ;
; ADDR_Prog[1]       ; 2.5 V        ; 0 s                 ; 0 s                 ; 2.62 V                       ; 2.24e-09 V                   ; 2.74 V              ; -0.0529 V           ; 0.285 V                              ; 0.071 V                              ; 2.99e-10 s                  ; 3.3e-10 s                   ; No                         ; Yes                        ; 2.62 V                      ; 2.24e-09 V                  ; 2.74 V             ; -0.0529 V          ; 0.285 V                             ; 0.071 V                             ; 2.99e-10 s                 ; 3.3e-10 s                  ; No                        ; Yes                       ;
; ADDR_Prog[2]       ; 2.5 V        ; 0 s                 ; 0 s                 ; 2.62 V                       ; 2.24e-09 V                   ; 2.74 V              ; -0.0529 V           ; 0.285 V                              ; 0.071 V                              ; 2.99e-10 s                  ; 3.3e-10 s                   ; No                         ; Yes                        ; 2.62 V                      ; 2.24e-09 V                  ; 2.74 V             ; -0.0529 V          ; 0.285 V                             ; 0.071 V                             ; 2.99e-10 s                 ; 3.3e-10 s                  ; No                        ; Yes                       ;
; ADDR_Prog[3]       ; 2.5 V        ; 0 s                 ; 0 s                 ; 2.62 V                       ; 2.24e-09 V                   ; 2.74 V              ; -0.0529 V           ; 0.285 V                              ; 0.071 V                              ; 2.99e-10 s                  ; 3.3e-10 s                   ; No                         ; Yes                        ; 2.62 V                      ; 2.24e-09 V                  ; 2.74 V             ; -0.0529 V          ; 0.285 V                             ; 0.071 V                             ; 2.99e-10 s                 ; 3.3e-10 s                  ; No                        ; Yes                       ;
; ADDR_Prog[4]       ; 2.5 V        ; 0 s                 ; 0 s                 ; 2.62 V                       ; 2.24e-09 V                   ; 2.74 V              ; -0.0529 V           ; 0.285 V                              ; 0.071 V                              ; 2.99e-10 s                  ; 3.3e-10 s                   ; No                         ; Yes                        ; 2.62 V                      ; 2.24e-09 V                  ; 2.74 V             ; -0.0529 V          ; 0.285 V                             ; 0.071 V                             ; 2.99e-10 s                 ; 3.3e-10 s                  ; No                        ; Yes                       ;
; ADDR_Prog[5]       ; 2.5 V        ; 0 s                 ; 0 s                 ; 2.62 V                       ; 2.24e-09 V                   ; 2.74 V              ; -0.0529 V           ; 0.285 V                              ; 0.071 V                              ; 2.99e-10 s                  ; 3.3e-10 s                   ; No                         ; Yes                        ; 2.62 V                      ; 2.24e-09 V                  ; 2.74 V             ; -0.0529 V          ; 0.285 V                             ; 0.071 V                             ; 2.99e-10 s                 ; 3.3e-10 s                  ; No                        ; Yes                       ;
; ADDR_Prog[6]       ; 2.5 V        ; 0 s                 ; 0 s                 ; 2.62 V                       ; 2.24e-09 V                   ; 2.74 V              ; -0.0529 V           ; 0.285 V                              ; 0.071 V                              ; 2.99e-10 s                  ; 3.3e-10 s                   ; No                         ; Yes                        ; 2.62 V                      ; 2.24e-09 V                  ; 2.74 V             ; -0.0529 V          ; 0.285 V                             ; 0.071 V                             ; 2.99e-10 s                 ; 3.3e-10 s                  ; No                        ; Yes                       ;
; ADDR_Prog[7]       ; 2.5 V        ; 0 s                 ; 0 s                 ; 2.62 V                       ; 2.24e-09 V                   ; 2.74 V              ; -0.0529 V           ; 0.285 V                              ; 0.071 V                              ; 2.99e-10 s                  ; 3.3e-10 s                   ; No                         ; Yes                        ; 2.62 V                      ; 2.24e-09 V                  ; 2.74 V             ; -0.0529 V          ; 0.285 V                             ; 0.071 V                             ; 2.99e-10 s                 ; 3.3e-10 s                  ; No                        ; Yes                       ;
; ADDR_Prog[8]       ; 2.5 V        ; 0 s                 ; 0 s                 ; 2.62 V                       ; 2.24e-09 V                   ; 2.74 V              ; -0.0529 V           ; 0.285 V                              ; 0.071 V                              ; 2.99e-10 s                  ; 3.3e-10 s                   ; No                         ; Yes                        ; 2.62 V                      ; 2.24e-09 V                  ; 2.74 V             ; -0.0529 V          ; 0.285 V                             ; 0.071 V                             ; 2.99e-10 s                 ; 3.3e-10 s                  ; No                        ; Yes                       ;
; ADDR_Prog[9]       ; 2.5 V        ; 0 s                 ; 0 s                 ; 2.62 V                       ; 2.24e-09 V                   ; 2.74 V              ; -0.0529 V           ; 0.285 V                              ; 0.071 V                              ; 2.99e-10 s                  ; 3.3e-10 s                   ; No                         ; Yes                        ; 2.62 V                      ; 2.24e-09 V                  ; 2.74 V             ; -0.0529 V          ; 0.285 V                             ; 0.071 V                             ; 2.99e-10 s                 ; 3.3e-10 s                  ; No                        ; Yes                       ;
; ADDR_Prog[10]      ; 2.5 V        ; 0 s                 ; 0 s                 ; 2.62 V                       ; 2.24e-09 V                   ; 2.74 V              ; -0.0529 V           ; 0.285 V                              ; 0.071 V                              ; 2.99e-10 s                  ; 3.3e-10 s                   ; No                         ; Yes                        ; 2.62 V                      ; 2.24e-09 V                  ; 2.74 V             ; -0.0529 V          ; 0.285 V                             ; 0.071 V                             ; 2.99e-10 s                 ; 3.3e-10 s                  ; No                        ; Yes                       ;
; ADDR_Prog[11]      ; 2.5 V        ; 0 s                 ; 0 s                 ; 2.62 V                       ; 2.24e-09 V                   ; 2.74 V              ; -0.0529 V           ; 0.285 V                              ; 0.071 V                              ; 2.99e-10 s                  ; 3.3e-10 s                   ; No                         ; Yes                        ; 2.62 V                      ; 2.24e-09 V                  ; 2.74 V             ; -0.0529 V          ; 0.285 V                             ; 0.071 V                             ; 2.99e-10 s                 ; 3.3e-10 s                  ; No                        ; Yes                       ;
; ADDR_Prog[12]      ; 2.5 V        ; 0 s                 ; 0 s                 ; 2.62 V                       ; 2.24e-09 V                   ; 2.74 V              ; -0.0529 V           ; 0.285 V                              ; 0.071 V                              ; 2.99e-10 s                  ; 3.3e-10 s                   ; No                         ; Yes                        ; 2.62 V                      ; 2.24e-09 V                  ; 2.74 V             ; -0.0529 V          ; 0.285 V                             ; 0.071 V                             ; 2.99e-10 s                 ; 3.3e-10 s                  ; No                        ; Yes                       ;
; ADDR_Prog[13]      ; 2.5 V        ; 0 s                 ; 0 s                 ; 2.62 V                       ; 2.24e-09 V                   ; 2.74 V              ; -0.0529 V           ; 0.285 V                              ; 0.071 V                              ; 2.99e-10 s                  ; 3.3e-10 s                   ; No                         ; Yes                        ; 2.62 V                      ; 2.24e-09 V                  ; 2.74 V             ; -0.0529 V          ; 0.285 V                             ; 0.071 V                             ; 2.99e-10 s                 ; 3.3e-10 s                  ; No                        ; Yes                       ;
; ADDR_Prog[14]      ; 2.5 V        ; 0 s                 ; 0 s                 ; 2.62 V                       ; 2.24e-09 V                   ; 2.74 V              ; -0.0529 V           ; 0.285 V                              ; 0.071 V                              ; 2.99e-10 s                  ; 3.3e-10 s                   ; No                         ; Yes                        ; 2.62 V                      ; 2.24e-09 V                  ; 2.74 V             ; -0.0529 V          ; 0.285 V                             ; 0.071 V                             ; 2.99e-10 s                 ; 3.3e-10 s                  ; No                        ; Yes                       ;
; ADDR_Prog[15]      ; 2.5 V        ; 0 s                 ; 0 s                 ; 2.62 V                       ; 2.24e-09 V                   ; 2.74 V              ; -0.0529 V           ; 0.285 V                              ; 0.071 V                              ; 2.99e-10 s                  ; 3.3e-10 s                   ; No                         ; Yes                        ; 2.62 V                      ; 2.24e-09 V                  ; 2.74 V             ; -0.0529 V          ; 0.285 V                             ; 0.071 V                             ; 2.99e-10 s                 ; 3.3e-10 s                  ; No                        ; Yes                       ;
; ADDR_Prog[16]      ; 2.5 V        ; 0 s                 ; 0 s                 ; 2.62 V                       ; 2.24e-09 V                   ; 2.74 V              ; -0.0529 V           ; 0.285 V                              ; 0.071 V                              ; 2.99e-10 s                  ; 3.3e-10 s                   ; No                         ; Yes                        ; 2.62 V                      ; 2.24e-09 V                  ; 2.74 V             ; -0.0529 V          ; 0.285 V                             ; 0.071 V                             ; 2.99e-10 s                 ; 3.3e-10 s                  ; No                        ; Yes                       ;
; ADDR_Prog[17]      ; 2.5 V        ; 0 s                 ; 0 s                 ; 2.62 V                       ; 3.18e-09 V                   ; 2.74 V              ; -0.0527 V           ; 0.162 V                              ; 0.083 V                              ; 2.61e-10 s                  ; 2.44e-10 s                  ; Yes                        ; Yes                        ; 2.62 V                      ; 3.18e-09 V                  ; 2.74 V             ; -0.0527 V          ; 0.162 V                             ; 0.083 V                             ; 2.61e-10 s                 ; 2.44e-10 s                 ; Yes                       ; Yes                       ;
; ADDR_Prog[18]      ; 2.5 V        ; 0 s                 ; 0 s                 ; 2.62 V                       ; 3.18e-09 V                   ; 2.74 V              ; -0.0527 V           ; 0.162 V                              ; 0.083 V                              ; 2.61e-10 s                  ; 2.44e-10 s                  ; Yes                        ; Yes                        ; 2.62 V                      ; 3.18e-09 V                  ; 2.74 V             ; -0.0527 V          ; 0.162 V                             ; 0.083 V                             ; 2.61e-10 s                 ; 2.44e-10 s                 ; Yes                       ; Yes                       ;
; ADDR_Prog[19]      ; 2.5 V        ; 0 s                 ; 0 s                 ; 2.62 V                       ; 2.24e-09 V                   ; 2.65 V              ; -0.0149 V           ; 0.207 V                              ; 0.176 V                              ; 2.15e-09 s                  ; 2.03e-09 s                  ; No                         ; Yes                        ; 2.62 V                      ; 2.24e-09 V                  ; 2.65 V             ; -0.0149 V          ; 0.207 V                             ; 0.176 V                             ; 2.15e-09 s                 ; 2.03e-09 s                 ; No                        ; Yes                       ;
; ADDR_Prog[20]      ; 2.5 V        ; 0 s                 ; 0 s                 ; 2.62 V                       ; 3.18e-09 V                   ; 2.74 V              ; -0.0527 V           ; 0.162 V                              ; 0.083 V                              ; 2.61e-10 s                  ; 2.44e-10 s                  ; Yes                        ; Yes                        ; 2.62 V                      ; 3.18e-09 V                  ; 2.74 V             ; -0.0527 V          ; 0.162 V                             ; 0.083 V                             ; 2.61e-10 s                 ; 2.44e-10 s                 ; Yes                       ; Yes                       ;
; ADDR_Prog[21]      ; 2.5 V        ; 0 s                 ; 0 s                 ; 2.62 V                       ; 3.18e-09 V                   ; 2.74 V              ; -0.0527 V           ; 0.162 V                              ; 0.083 V                              ; 2.61e-10 s                  ; 2.44e-10 s                  ; Yes                        ; Yes                        ; 2.62 V                      ; 3.18e-09 V                  ; 2.74 V             ; -0.0527 V          ; 0.162 V                             ; 0.083 V                             ; 2.61e-10 s                 ; 2.44e-10 s                 ; Yes                       ; Yes                       ;
; ADDR_Prog[22]      ; 2.5 V        ; 0 s                 ; 0 s                 ; 2.62 V                       ; 2.24e-09 V                   ; 2.74 V              ; -0.0529 V           ; 0.285 V                              ; 0.071 V                              ; 2.99e-10 s                  ; 3.3e-10 s                   ; No                         ; Yes                        ; 2.62 V                      ; 2.24e-09 V                  ; 2.74 V             ; -0.0529 V          ; 0.285 V                             ; 0.071 V                             ; 2.99e-10 s                 ; 3.3e-10 s                  ; No                        ; Yes                       ;
; ADDR_Prog[23]      ; 2.5 V        ; 0 s                 ; 0 s                 ; 2.62 V                       ; 2.24e-09 V                   ; 2.74 V              ; -0.0529 V           ; 0.285 V                              ; 0.071 V                              ; 2.99e-10 s                  ; 3.3e-10 s                   ; No                         ; Yes                        ; 2.62 V                      ; 2.24e-09 V                  ; 2.74 V             ; -0.0529 V          ; 0.285 V                             ; 0.071 V                             ; 2.99e-10 s                 ; 3.3e-10 s                  ; No                        ; Yes                       ;
; ADDR_Prog[24]      ; 2.5 V        ; 0 s                 ; 0 s                 ; 2.62 V                       ; 3.18e-09 V                   ; 2.74 V              ; -0.0527 V           ; 0.162 V                              ; 0.083 V                              ; 2.61e-10 s                  ; 2.44e-10 s                  ; Yes                        ; Yes                        ; 2.62 V                      ; 3.18e-09 V                  ; 2.74 V             ; -0.0527 V          ; 0.162 V                             ; 0.083 V                             ; 2.61e-10 s                 ; 2.44e-10 s                 ; Yes                       ; Yes                       ;
; ADDR_Prog[25]      ; 2.5 V        ; 0 s                 ; 0 s                 ; 2.62 V                       ; 2.24e-09 V                   ; 2.74 V              ; -0.0529 V           ; 0.285 V                              ; 0.071 V                              ; 2.99e-10 s                  ; 3.3e-10 s                   ; No                         ; Yes                        ; 2.62 V                      ; 2.24e-09 V                  ; 2.74 V             ; -0.0529 V          ; 0.285 V                             ; 0.071 V                             ; 2.99e-10 s                 ; 3.3e-10 s                  ; No                        ; Yes                       ;
; ADDR_Prog[26]      ; 2.5 V        ; 0 s                 ; 0 s                 ; 2.62 V                       ; 3.18e-09 V                   ; 2.74 V              ; -0.0527 V           ; 0.162 V                              ; 0.083 V                              ; 2.61e-10 s                  ; 2.44e-10 s                  ; Yes                        ; Yes                        ; 2.62 V                      ; 3.18e-09 V                  ; 2.74 V             ; -0.0527 V          ; 0.162 V                             ; 0.083 V                             ; 2.61e-10 s                 ; 2.44e-10 s                 ; Yes                       ; Yes                       ;
; ADDR_Prog[27]      ; 2.5 V        ; 0 s                 ; 0 s                 ; 2.62 V                       ; 2.24e-09 V                   ; 2.74 V              ; -0.0529 V           ; 0.285 V                              ; 0.071 V                              ; 2.99e-10 s                  ; 3.3e-10 s                   ; No                         ; Yes                        ; 2.62 V                      ; 2.24e-09 V                  ; 2.74 V             ; -0.0529 V          ; 0.285 V                             ; 0.071 V                             ; 2.99e-10 s                 ; 3.3e-10 s                  ; No                        ; Yes                       ;
; ADDR_Prog[28]      ; 2.5 V        ; 0 s                 ; 0 s                 ; 2.62 V                       ; 2.24e-09 V                   ; 2.74 V              ; -0.0529 V           ; 0.285 V                              ; 0.071 V                              ; 2.99e-10 s                  ; 3.3e-10 s                   ; No                         ; Yes                        ; 2.62 V                      ; 2.24e-09 V                  ; 2.74 V             ; -0.0529 V          ; 0.285 V                             ; 0.071 V                             ; 2.99e-10 s                 ; 3.3e-10 s                  ; No                        ; Yes                       ;
; ADDR_Prog[29]      ; 2.5 V        ; 0 s                 ; 0 s                 ; 2.62 V                       ; 2.24e-09 V                   ; 2.74 V              ; -0.0529 V           ; 0.285 V                              ; 0.071 V                              ; 2.99e-10 s                  ; 3.3e-10 s                   ; No                         ; Yes                        ; 2.62 V                      ; 2.24e-09 V                  ; 2.74 V             ; -0.0529 V          ; 0.285 V                             ; 0.071 V                             ; 2.99e-10 s                 ; 3.3e-10 s                  ; No                        ; Yes                       ;
; ADDR_Prog[30]      ; 2.5 V        ; 0 s                 ; 0 s                 ; 2.62 V                       ; 2.24e-09 V                   ; 2.74 V              ; -0.0529 V           ; 0.285 V                              ; 0.071 V                              ; 2.99e-10 s                  ; 3.3e-10 s                   ; No                         ; Yes                        ; 2.62 V                      ; 2.24e-09 V                  ; 2.74 V             ; -0.0529 V          ; 0.285 V                             ; 0.071 V                             ; 2.99e-10 s                 ; 3.3e-10 s                  ; No                        ; Yes                       ;
; ADDR_Prog[31]      ; 2.5 V        ; 0 s                 ; 0 s                 ; 2.62 V                       ; 2.24e-09 V                   ; 2.74 V              ; -0.0529 V           ; 0.285 V                              ; 0.071 V                              ; 2.99e-10 s                  ; 3.3e-10 s                   ; No                         ; Yes                        ; 2.62 V                      ; 2.24e-09 V                  ; 2.74 V             ; -0.0529 V          ; 0.285 V                             ; 0.071 V                             ; 2.99e-10 s                 ; 3.3e-10 s                  ; No                        ; Yes                       ;
; CS                 ; 2.5 V        ; 0 s                 ; 0 s                 ; 2.62 V                       ; 3.18e-09 V                   ; 2.74 V              ; -0.0527 V           ; 0.162 V                              ; 0.083 V                              ; 2.61e-10 s                  ; 2.44e-10 s                  ; Yes                        ; Yes                        ; 2.62 V                      ; 3.18e-09 V                  ; 2.74 V             ; -0.0527 V          ; 0.162 V                             ; 0.083 V                             ; 2.61e-10 s                 ; 2.44e-10 s                 ; Yes                       ; Yes                       ;
; WE                 ; 2.5 V        ; 0 s                 ; 0 s                 ; 2.62 V                       ; 2.24e-09 V                   ; 2.74 V              ; -0.0529 V           ; 0.285 V                              ; 0.071 V                              ; 2.99e-10 s                  ; 3.3e-10 s                   ; No                         ; Yes                        ; 2.62 V                      ; 2.24e-09 V                  ; 2.74 V             ; -0.0529 V          ; 0.285 V                             ; 0.071 V                             ; 2.99e-10 s                 ; 3.3e-10 s                  ; No                        ; Yes                       ;
; CS_P               ; 2.5 V        ; 0 s                 ; 0 s                 ; 2.62 V                       ; 2.24e-09 V                   ; 2.74 V              ; -0.0529 V           ; 0.285 V                              ; 0.071 V                              ; 2.99e-10 s                  ; 3.3e-10 s                   ; No                         ; Yes                        ; 2.62 V                      ; 2.24e-09 V                  ; 2.74 V             ; -0.0529 V          ; 0.285 V                             ; 0.071 V                             ; 2.99e-10 s                 ; 3.3e-10 s                  ; No                        ; Yes                       ;
; ~ALTERA_NCEO~      ; 2.5 V        ; 0 s                 ; 0 s                 ; 2.63 V                       ; 2.09e-09 V                   ; 3.33 V              ; -0.207 V            ; 0.732 V                              ; 0.246 V                              ; 7.99e-11 s                  ; 1.55e-10 s                  ; No                         ; Yes                        ; 2.63 V                      ; 2.09e-09 V                  ; 3.33 V             ; -0.207 V           ; 0.732 V                             ; 0.246 V                             ; 7.99e-11 s                 ; 1.55e-10 s                 ; No                        ; Yes                       ;
; ~ALTERA_DCLK~      ; 2.5 V        ; 0 s                 ; 0 s                 ; 2.62 V                       ; 2.44e-09 V                   ; 2.77 V              ; -0.0664 V           ; 0.17 V                               ; 0.079 V                              ; 2.61e-10 s                  ; 2.04e-10 s                  ; No                         ; Yes                        ; 2.62 V                      ; 2.44e-09 V                  ; 2.77 V             ; -0.0664 V          ; 0.17 V                              ; 0.079 V                             ; 2.61e-10 s                 ; 2.04e-10 s                 ; No                        ; Yes                       ;
+--------------------+--------------+---------------------+---------------------+------------------------------+------------------------------+---------------------+---------------------+--------------------------------------+--------------------------------------+-----------------------------+-----------------------------+----------------------------+----------------------------+-----------------------------+-----------------------------+--------------------+--------------------+-------------------------------------+-------------------------------------+----------------------------+----------------------------+---------------------------+---------------------------+


+-----------------------------------------------------------------------------------------------------------------------------------------------+
; Setup Transfers                                                                                                                               ;
+-------------------------------------------------+-------------------------------------------------+----------+----------+----------+----------+
; From Clock                                      ; To Clock                                        ; RR Paths ; FR Paths ; RF Paths ; FF Paths ;
+-------------------------------------------------+-------------------------------------------------+----------+----------+----------+----------+
; pll|altpll_component|auto_generated|pll1|clk[0] ; pll|altpll_component|auto_generated|pll1|clk[0] ; 420      ; 0        ; 0        ; 0        ;
; pll|altpll_component|auto_generated|pll1|clk[1] ; pll|altpll_component|auto_generated|pll1|clk[0] ; 235      ; 0        ; 0        ; 0        ;
; pll|altpll_component|auto_generated|pll1|clk[0] ; pll|altpll_component|auto_generated|pll1|clk[1] ; 209      ; 0        ; 0        ; 0        ;
; pll|altpll_component|auto_generated|pll1|clk[1] ; pll|altpll_component|auto_generated|pll1|clk[1] ; 1430076  ; 0        ; 0        ; 0        ;
+-------------------------------------------------+-------------------------------------------------+----------+----------+----------+----------+
Entries labeled "false path" only account for clock-to-clock false paths and not path-based false paths. As a result, actual path counts may be lower than reported.


+-----------------------------------------------------------------------------------------------------------------------------------------------+
; Hold Transfers                                                                                                                                ;
+-------------------------------------------------+-------------------------------------------------+----------+----------+----------+----------+
; From Clock                                      ; To Clock                                        ; RR Paths ; FR Paths ; RF Paths ; FF Paths ;
+-------------------------------------------------+-------------------------------------------------+----------+----------+----------+----------+
; pll|altpll_component|auto_generated|pll1|clk[0] ; pll|altpll_component|auto_generated|pll1|clk[0] ; 420      ; 0        ; 0        ; 0        ;
; pll|altpll_component|auto_generated|pll1|clk[1] ; pll|altpll_component|auto_generated|pll1|clk[0] ; 235      ; 0        ; 0        ; 0        ;
; pll|altpll_component|auto_generated|pll1|clk[0] ; pll|altpll_component|auto_generated|pll1|clk[1] ; 209      ; 0        ; 0        ; 0        ;
; pll|altpll_component|auto_generated|pll1|clk[1] ; pll|altpll_component|auto_generated|pll1|clk[1] ; 1430076  ; 0        ; 0        ; 0        ;
+-------------------------------------------------+-------------------------------------------------+----------+----------+----------+----------+
Entries labeled "false path" only account for clock-to-clock false paths and not path-based false paths. As a result, actual path counts may be lower than reported.


+-----------------------------------------------------------------------------------------------------------------------------------------------+
; Recovery Transfers                                                                                                                            ;
+-------------------------------------------------+-------------------------------------------------+----------+----------+----------+----------+
; From Clock                                      ; To Clock                                        ; RR Paths ; FR Paths ; RF Paths ; FF Paths ;
+-------------------------------------------------+-------------------------------------------------+----------+----------+----------+----------+
; pll|altpll_component|auto_generated|pll1|clk[0] ; pll|altpll_component|auto_generated|pll1|clk[0] ; 8        ; 0        ; 0        ; 0        ;
; pll|altpll_component|auto_generated|pll1|clk[1] ; pll|altpll_component|auto_generated|pll1|clk[0] ; 8        ; 0        ; 0        ; 0        ;
; pll|altpll_component|auto_generated|pll1|clk[1] ; pll|altpll_component|auto_generated|pll1|clk[1] ; 46       ; 0        ; 0        ; 0        ;
+-------------------------------------------------+-------------------------------------------------+----------+----------+----------+----------+
Entries labeled "false path" only account for clock-to-clock false paths and not path-based false paths. As a result, actual path counts may be lower than reported.


+-----------------------------------------------------------------------------------------------------------------------------------------------+
; Removal Transfers                                                                                                                             ;
+-------------------------------------------------+-------------------------------------------------+----------+----------+----------+----------+
; From Clock                                      ; To Clock                                        ; RR Paths ; FR Paths ; RF Paths ; FF Paths ;
+-------------------------------------------------+-------------------------------------------------+----------+----------+----------+----------+
; pll|altpll_component|auto_generated|pll1|clk[0] ; pll|altpll_component|auto_generated|pll1|clk[0] ; 8        ; 0        ; 0        ; 0        ;
; pll|altpll_component|auto_generated|pll1|clk[1] ; pll|altpll_component|auto_generated|pll1|clk[0] ; 8        ; 0        ; 0        ; 0        ;
; pll|altpll_component|auto_generated|pll1|clk[1] ; pll|altpll_component|auto_generated|pll1|clk[1] ; 46       ; 0        ; 0        ; 0        ;
+-------------------------------------------------+-------------------------------------------------+----------+----------+----------+----------+
Entries labeled "false path" only account for clock-to-clock false paths and not path-based false paths. As a result, actual path counts may be lower than reported.


---------------
; Report TCCS ;
---------------
No dedicated SERDES Transmitter circuitry present in device or used in design


---------------
; Report RSKM ;
---------------
No non-DPA dedicated SERDES Receiver circuitry present in device or used in design


+------------------------------------------------+
; Unconstrained Paths Summary                    ;
+---------------------------------+-------+------+
; Property                        ; Setup ; Hold ;
+---------------------------------+-------+------+
; Illegal Clocks                  ; 0     ; 0    ;
; Unconstrained Clocks            ; 0     ; 0    ;
; Unconstrained Input Ports       ; 65    ; 65   ;
; Unconstrained Input Port Paths  ; 2825  ; 2825 ;
; Unconstrained Output Ports      ; 99    ; 99   ;
; Unconstrained Output Port Paths ; 2312  ; 2312 ;
+---------------------------------+-------+------+


+-----------------------------------------------------------------------------------------------------------------------------+
; Clock Status Summary                                                                                                        ;
+-------------------------------------------------+-------------------------------------------------+-----------+-------------+
; Target                                          ; Clock                                           ; Type      ; Status      ;
+-------------------------------------------------+-------------------------------------------------+-----------+-------------+
; CLK                                             ; CLK                                             ; Base      ; Constrained ;
; pll|altpll_component|auto_generated|pll1|clk[0] ; pll|altpll_component|auto_generated|pll1|clk[0] ; Generated ; Constrained ;
; pll|altpll_component|auto_generated|pll1|clk[1] ; pll|altpll_component|auto_generated|pll1|clk[1] ; Generated ; Constrained ;
+-------------------------------------------------+-------------------------------------------------+-----------+-------------+


+----------------------------------------------------------------------------------------------------------+
; Unconstrained Input Ports                                                                                ;
+-------------------+--------------------------------------------------------------------------------------+
; Input Port        ; Comment                                                                              ;
+-------------------+--------------------------------------------------------------------------------------+
; Data_BUS_READ[0]  ; No input delay, min/max delays, false-path exceptions, or max skew assignments found ;
; Data_BUS_READ[1]  ; No input delay, min/max delays, false-path exceptions, or max skew assignments found ;
; Data_BUS_READ[2]  ; No input delay, min/max delays, false-path exceptions, or max skew assignments found ;
; Data_BUS_READ[3]  ; No input delay, min/max delays, false-path exceptions, or max skew assignments found ;
; Data_BUS_READ[4]  ; No input delay, min/max delays, false-path exceptions, or max skew assignments found ;
; Data_BUS_READ[5]  ; No input delay, min/max delays, false-path exceptions, or max skew assignments found ;
; Data_BUS_READ[6]  ; No input delay, min/max delays, false-path exceptions, or max skew assignments found ;
; Data_BUS_READ[7]  ; No input delay, min/max delays, false-path exceptions, or max skew assignments found ;
; Data_BUS_READ[8]  ; No input delay, min/max delays, false-path exceptions, or max skew assignments found ;
; Data_BUS_READ[9]  ; No input delay, min/max delays, false-path exceptions, or max skew assignments found ;
; Data_BUS_READ[10] ; No input delay, min/max delays, false-path exceptions, or max skew assignments found ;
; Data_BUS_READ[11] ; No input delay, min/max delays, false-path exceptions, or max skew assignments found ;
; Data_BUS_READ[12] ; No input delay, min/max delays, false-path exceptions, or max skew assignments found ;
; Data_BUS_READ[13] ; No input delay, min/max delays, false-path exceptions, or max skew assignments found ;
; Data_BUS_READ[14] ; No input delay, min/max delays, false-path exceptions, or max skew assignments found ;
; Data_BUS_READ[15] ; No input delay, min/max delays, false-path exceptions, or max skew assignments found ;
; Data_BUS_READ[16] ; No input delay, min/max delays, false-path exceptions, or max skew assignments found ;
; Data_BUS_READ[17] ; No input delay, min/max delays, false-path exceptions, or max skew assignments found ;
; Data_BUS_READ[18] ; No input delay, min/max delays, false-path exceptions, or max skew assignments found ;
; Data_BUS_READ[19] ; No input delay, min/max delays, false-path exceptions, or max skew assignments found ;
; Data_BUS_READ[20] ; No input delay, min/max delays, false-path exceptions, or max skew assignments found ;
; Data_BUS_READ[21] ; No input delay, min/max delays, false-path exceptions, or max skew assignments found ;
; Data_BUS_READ[22] ; No input delay, min/max delays, false-path exceptions, or max skew assignments found ;
; Data_BUS_READ[23] ; No input delay, min/max delays, false-path exceptions, or max skew assignments found ;
; Data_BUS_READ[24] ; No input delay, min/max delays, false-path exceptions, or max skew assignments found ;
; Data_BUS_READ[25] ; No input delay, min/max delays, false-path exceptions, or max skew assignments found ;
; Data_BUS_READ[26] ; No input delay, min/max delays, false-path exceptions, or max skew assignments found ;
; Data_BUS_READ[27] ; No input delay, min/max delays, false-path exceptions, or max skew assignments found ;
; Data_BUS_READ[28] ; No input delay, min/max delays, false-path exceptions, or max skew assignments found ;
; Data_BUS_READ[29] ; No input delay, min/max delays, false-path exceptions, or max skew assignments found ;
; Data_BUS_READ[30] ; No input delay, min/max delays, false-path exceptions, or max skew assignments found ;
; Data_BUS_READ[31] ; No input delay, min/max delays, false-path exceptions, or max skew assignments found ;
; Prog_BUS_READ[0]  ; No input delay, min/max delays, false-path exceptions, or max skew assignments found ;
; Prog_BUS_READ[1]  ; No input delay, min/max delays, false-path exceptions, or max skew assignments found ;
; Prog_BUS_READ[2]  ; No input delay, min/max delays, false-path exceptions, or max skew assignments found ;
; Prog_BUS_READ[3]  ; No input delay, min/max delays, false-path exceptions, or max skew assignments found ;
; Prog_BUS_READ[4]  ; No input delay, min/max delays, false-path exceptions, or max skew assignments found ;
; Prog_BUS_READ[5]  ; No input delay, min/max delays, false-path exceptions, or max skew assignments found ;
; Prog_BUS_READ[6]  ; No input delay, min/max delays, false-path exceptions, or max skew assignments found ;
; Prog_BUS_READ[7]  ; No input delay, min/max delays, false-path exceptions, or max skew assignments found ;
; Prog_BUS_READ[8]  ; No input delay, min/max delays, false-path exceptions, or max skew assignments found ;
; Prog_BUS_READ[9]  ; No input delay, min/max delays, false-path exceptions, or max skew assignments found ;
; Prog_BUS_READ[10] ; No input delay, min/max delays, false-path exceptions, or max skew assignments found ;
; Prog_BUS_READ[11] ; No input delay, min/max delays, false-path exceptions, or max skew assignments found ;
; Prog_BUS_READ[12] ; No input delay, min/max delays, false-path exceptions, or max skew assignments found ;
; Prog_BUS_READ[13] ; No input delay, min/max delays, false-path exceptions, or max skew assignments found ;
; Prog_BUS_READ[14] ; No input delay, min/max delays, false-path exceptions, or max skew assignments found ;
; Prog_BUS_READ[15] ; No input delay, min/max delays, false-path exceptions, or max skew assignments found ;
; Prog_BUS_READ[16] ; No input delay, min/max delays, false-path exceptions, or max skew assignments found ;
; Prog_BUS_READ[17] ; No input delay, min/max delays, false-path exceptions, or max skew assignments found ;
; Prog_BUS_READ[18] ; No input delay, min/max delays, false-path exceptions, or max skew assignments found ;
; Prog_BUS_READ[19] ; No input delay, min/max delays, false-path exceptions, or max skew assignments found ;
; Prog_BUS_READ[20] ; No input delay, min/max delays, false-path exceptions, or max skew assignments found ;
; Prog_BUS_READ[21] ; No input delay, min/max delays, false-path exceptions, or max skew assignments found ;
; Prog_BUS_READ[22] ; No input delay, min/max delays, false-path exceptions, or max skew assignments found ;
; Prog_BUS_READ[23] ; No input delay, min/max delays, false-path exceptions, or max skew assignments found ;
; Prog_BUS_READ[24] ; No input delay, min/max delays, false-path exceptions, or max skew assignments found ;
; Prog_BUS_READ[25] ; No input delay, min/max delays, false-path exceptions, or max skew assignments found ;
; Prog_BUS_READ[26] ; No input delay, min/max delays, false-path exceptions, or max skew assignments found ;
; Prog_BUS_READ[27] ; No input delay, min/max delays, false-path exceptions, or max skew assignments found ;
; Prog_BUS_READ[28] ; No input delay, min/max delays, false-path exceptions, or max skew assignments found ;
; Prog_BUS_READ[29] ; No input delay, min/max delays, false-path exceptions, or max skew assignments found ;
; Prog_BUS_READ[30] ; No input delay, min/max delays, false-path exceptions, or max skew assignments found ;
; Prog_BUS_READ[31] ; No input delay, min/max delays, false-path exceptions, or max skew assignments found ;
; Reset             ; No input delay, min/max delays, false-path exceptions, or max skew assignments found ;
+-------------------+--------------------------------------------------------------------------------------+


+------------------------------------------------------------------------------------------------------------+
; Unconstrained Output Ports                                                                                 ;
+--------------------+---------------------------------------------------------------------------------------+
; Output Port        ; Comment                                                                               ;
+--------------------+---------------------------------------------------------------------------------------+
; ADDR[0]            ; No output delay, min/max delays, false-path exceptions, or max skew assignments found ;
; ADDR[1]            ; No output delay, min/max delays, false-path exceptions, or max skew assignments found ;
; ADDR[2]            ; No output delay, min/max delays, false-path exceptions, or max skew assignments found ;
; ADDR[3]            ; No output delay, min/max delays, false-path exceptions, or max skew assignments found ;
; ADDR[4]            ; No output delay, min/max delays, false-path exceptions, or max skew assignments found ;
; ADDR[5]            ; No output delay, min/max delays, false-path exceptions, or max skew assignments found ;
; ADDR[6]            ; No output delay, min/max delays, false-path exceptions, or max skew assignments found ;
; ADDR[7]            ; No output delay, min/max delays, false-path exceptions, or max skew assignments found ;
; ADDR[8]            ; No output delay, min/max delays, false-path exceptions, or max skew assignments found ;
; ADDR[9]            ; No output delay, min/max delays, false-path exceptions, or max skew assignments found ;
; ADDR[10]           ; No output delay, min/max delays, false-path exceptions, or max skew assignments found ;
; ADDR[11]           ; No output delay, min/max delays, false-path exceptions, or max skew assignments found ;
; ADDR[12]           ; No output delay, min/max delays, false-path exceptions, or max skew assignments found ;
; ADDR[13]           ; No output delay, min/max delays, false-path exceptions, or max skew assignments found ;
; ADDR[14]           ; No output delay, min/max delays, false-path exceptions, or max skew assignments found ;
; ADDR[15]           ; No output delay, min/max delays, false-path exceptions, or max skew assignments found ;
; ADDR[16]           ; No output delay, min/max delays, false-path exceptions, or max skew assignments found ;
; ADDR[17]           ; No output delay, min/max delays, false-path exceptions, or max skew assignments found ;
; ADDR[18]           ; No output delay, min/max delays, false-path exceptions, or max skew assignments found ;
; ADDR[19]           ; No output delay, min/max delays, false-path exceptions, or max skew assignments found ;
; ADDR[20]           ; No output delay, min/max delays, false-path exceptions, or max skew assignments found ;
; ADDR[21]           ; No output delay, min/max delays, false-path exceptions, or max skew assignments found ;
; ADDR[22]           ; No output delay, min/max delays, false-path exceptions, or max skew assignments found ;
; ADDR[23]           ; No output delay, min/max delays, false-path exceptions, or max skew assignments found ;
; ADDR[24]           ; No output delay, min/max delays, false-path exceptions, or max skew assignments found ;
; ADDR[25]           ; No output delay, min/max delays, false-path exceptions, or max skew assignments found ;
; ADDR[26]           ; No output delay, min/max delays, false-path exceptions, or max skew assignments found ;
; ADDR[27]           ; No output delay, min/max delays, false-path exceptions, or max skew assignments found ;
; ADDR[28]           ; No output delay, min/max delays, false-path exceptions, or max skew assignments found ;
; ADDR[29]           ; No output delay, min/max delays, false-path exceptions, or max skew assignments found ;
; ADDR[30]           ; No output delay, min/max delays, false-path exceptions, or max skew assignments found ;
; ADDR[31]           ; No output delay, min/max delays, false-path exceptions, or max skew assignments found ;
; ADDR_Prog[0]       ; No output delay, min/max delays, false-path exceptions, or max skew assignments found ;
; ADDR_Prog[1]       ; No output delay, min/max delays, false-path exceptions, or max skew assignments found ;
; ADDR_Prog[2]       ; No output delay, min/max delays, false-path exceptions, or max skew assignments found ;
; ADDR_Prog[3]       ; No output delay, min/max delays, false-path exceptions, or max skew assignments found ;
; ADDR_Prog[4]       ; No output delay, min/max delays, false-path exceptions, or max skew assignments found ;
; ADDR_Prog[5]       ; No output delay, min/max delays, false-path exceptions, or max skew assignments found ;
; ADDR_Prog[6]       ; No output delay, min/max delays, false-path exceptions, or max skew assignments found ;
; ADDR_Prog[7]       ; No output delay, min/max delays, false-path exceptions, or max skew assignments found ;
; ADDR_Prog[8]       ; No output delay, min/max delays, false-path exceptions, or max skew assignments found ;
; ADDR_Prog[9]       ; No output delay, min/max delays, false-path exceptions, or max skew assignments found ;
; ADDR_Prog[10]      ; No output delay, min/max delays, false-path exceptions, or max skew assignments found ;
; ADDR_Prog[11]      ; No output delay, min/max delays, false-path exceptions, or max skew assignments found ;
; ADDR_Prog[12]      ; No output delay, min/max delays, false-path exceptions, or max skew assignments found ;
; ADDR_Prog[13]      ; No output delay, min/max delays, false-path exceptions, or max skew assignments found ;
; ADDR_Prog[14]      ; No output delay, min/max delays, false-path exceptions, or max skew assignments found ;
; ADDR_Prog[15]      ; No output delay, min/max delays, false-path exceptions, or max skew assignments found ;
; ADDR_Prog[16]      ; No output delay, min/max delays, false-path exceptions, or max skew assignments found ;
; ADDR_Prog[17]      ; No output delay, min/max delays, false-path exceptions, or max skew assignments found ;
; ADDR_Prog[18]      ; No output delay, min/max delays, false-path exceptions, or max skew assignments found ;
; ADDR_Prog[19]      ; No output delay, min/max delays, false-path exceptions, or max skew assignments found ;
; ADDR_Prog[20]      ; No output delay, min/max delays, false-path exceptions, or max skew assignments found ;
; ADDR_Prog[21]      ; No output delay, min/max delays, false-path exceptions, or max skew assignments found ;
; ADDR_Prog[22]      ; No output delay, min/max delays, false-path exceptions, or max skew assignments found ;
; ADDR_Prog[23]      ; No output delay, min/max delays, false-path exceptions, or max skew assignments found ;
; ADDR_Prog[24]      ; No output delay, min/max delays, false-path exceptions, or max skew assignments found ;
; ADDR_Prog[25]      ; No output delay, min/max delays, false-path exceptions, or max skew assignments found ;
; ADDR_Prog[26]      ; No output delay, min/max delays, false-path exceptions, or max skew assignments found ;
; ADDR_Prog[27]      ; No output delay, min/max delays, false-path exceptions, or max skew assignments found ;
; ADDR_Prog[28]      ; No output delay, min/max delays, false-path exceptions, or max skew assignments found ;
; ADDR_Prog[29]      ; No output delay, min/max delays, false-path exceptions, or max skew assignments found ;
; ADDR_Prog[30]      ; No output delay, min/max delays, false-path exceptions, or max skew assignments found ;
; ADDR_Prog[31]      ; No output delay, min/max delays, false-path exceptions, or max skew assignments found ;
; CS                 ; No output delay, min/max delays, false-path exceptions, or max skew assignments found ;
; CS_P               ; No output delay, min/max delays, false-path exceptions, or max skew assignments found ;
; Data_BUS_WRITE[0]  ; No output delay, min/max delays, false-path exceptions, or max skew assignments found ;
; Data_BUS_WRITE[1]  ; No output delay, min/max delays, false-path exceptions, or max skew assignments found ;
; Data_BUS_WRITE[2]  ; No output delay, min/max delays, false-path exceptions, or max skew assignments found ;
; Data_BUS_WRITE[3]  ; No output delay, min/max delays, false-path exceptions, or max skew assignments found ;
; Data_BUS_WRITE[4]  ; No output delay, min/max delays, false-path exceptions, or max skew assignments found ;
; Data_BUS_WRITE[5]  ; No output delay, min/max delays, false-path exceptions, or max skew assignments found ;
; Data_BUS_WRITE[6]  ; No output delay, min/max delays, false-path exceptions, or max skew assignments found ;
; Data_BUS_WRITE[7]  ; No output delay, min/max delays, false-path exceptions, or max skew assignments found ;
; Data_BUS_WRITE[8]  ; No output delay, min/max delays, false-path exceptions, or max skew assignments found ;
; Data_BUS_WRITE[9]  ; No output delay, min/max delays, false-path exceptions, or max skew assignments found ;
; Data_BUS_WRITE[10] ; No output delay, min/max delays, false-path exceptions, or max skew assignments found ;
; Data_BUS_WRITE[11] ; No output delay, min/max delays, false-path exceptions, or max skew assignments found ;
; Data_BUS_WRITE[12] ; No output delay, min/max delays, false-path exceptions, or max skew assignments found ;
; Data_BUS_WRITE[13] ; No output delay, min/max delays, false-path exceptions, or max skew assignments found ;
; Data_BUS_WRITE[14] ; No output delay, min/max delays, false-path exceptions, or max skew assignments found ;
; Data_BUS_WRITE[15] ; No output delay, min/max delays, false-path exceptions, or max skew assignments found ;
; Data_BUS_WRITE[16] ; No output delay, min/max delays, false-path exceptions, or max skew assignments found ;
; Data_BUS_WRITE[17] ; No output delay, min/max delays, false-path exceptions, or max skew assignments found ;
; Data_BUS_WRITE[18] ; No output delay, min/max delays, false-path exceptions, or max skew assignments found ;
; Data_BUS_WRITE[19] ; No output delay, min/max delays, false-path exceptions, or max skew assignments found ;
; Data_BUS_WRITE[20] ; No output delay, min/max delays, false-path exceptions, or max skew assignments found ;
; Data_BUS_WRITE[21] ; No output delay, min/max delays, false-path exceptions, or max skew assignments found ;
; Data_BUS_WRITE[22] ; No output delay, min/max delays, false-path exceptions, or max skew assignments found ;
; Data_BUS_WRITE[23] ; No output delay, min/max delays, false-path exceptions, or max skew assignments found ;
; Data_BUS_WRITE[24] ; No output delay, min/max delays, false-path exceptions, or max skew assignments found ;
; Data_BUS_WRITE[25] ; No output delay, min/max delays, false-path exceptions, or max skew assignments found ;
; Data_BUS_WRITE[26] ; No output delay, min/max delays, false-path exceptions, or max skew assignments found ;
; Data_BUS_WRITE[27] ; No output delay, min/max delays, false-path exceptions, or max skew assignments found ;
; Data_BUS_WRITE[28] ; No output delay, min/max delays, false-path exceptions, or max skew assignments found ;
; Data_BUS_WRITE[29] ; No output delay, min/max delays, false-path exceptions, or max skew assignments found ;
; Data_BUS_WRITE[30] ; No output delay, min/max delays, false-path exceptions, or max skew assignments found ;
; Data_BUS_WRITE[31] ; No output delay, min/max delays, false-path exceptions, or max skew assignments found ;
; WE                 ; No output delay, min/max delays, false-path exceptions, or max skew assignments found ;
+--------------------+---------------------------------------------------------------------------------------+


+----------------------------------------------------------------------------------------------------------+
; Unconstrained Input Ports                                                                                ;
+-------------------+--------------------------------------------------------------------------------------+
; Input Port        ; Comment                                                                              ;
+-------------------+--------------------------------------------------------------------------------------+
; Data_BUS_READ[0]  ; No input delay, min/max delays, false-path exceptions, or max skew assignments found ;
; Data_BUS_READ[1]  ; No input delay, min/max delays, false-path exceptions, or max skew assignments found ;
; Data_BUS_READ[2]  ; No input delay, min/max delays, false-path exceptions, or max skew assignments found ;
; Data_BUS_READ[3]  ; No input delay, min/max delays, false-path exceptions, or max skew assignments found ;
; Data_BUS_READ[4]  ; No input delay, min/max delays, false-path exceptions, or max skew assignments found ;
; Data_BUS_READ[5]  ; No input delay, min/max delays, false-path exceptions, or max skew assignments found ;
; Data_BUS_READ[6]  ; No input delay, min/max delays, false-path exceptions, or max skew assignments found ;
; Data_BUS_READ[7]  ; No input delay, min/max delays, false-path exceptions, or max skew assignments found ;
; Data_BUS_READ[8]  ; No input delay, min/max delays, false-path exceptions, or max skew assignments found ;
; Data_BUS_READ[9]  ; No input delay, min/max delays, false-path exceptions, or max skew assignments found ;
; Data_BUS_READ[10] ; No input delay, min/max delays, false-path exceptions, or max skew assignments found ;
; Data_BUS_READ[11] ; No input delay, min/max delays, false-path exceptions, or max skew assignments found ;
; Data_BUS_READ[12] ; No input delay, min/max delays, false-path exceptions, or max skew assignments found ;
; Data_BUS_READ[13] ; No input delay, min/max delays, false-path exceptions, or max skew assignments found ;
; Data_BUS_READ[14] ; No input delay, min/max delays, false-path exceptions, or max skew assignments found ;
; Data_BUS_READ[15] ; No input delay, min/max delays, false-path exceptions, or max skew assignments found ;
; Data_BUS_READ[16] ; No input delay, min/max delays, false-path exceptions, or max skew assignments found ;
; Data_BUS_READ[17] ; No input delay, min/max delays, false-path exceptions, or max skew assignments found ;
; Data_BUS_READ[18] ; No input delay, min/max delays, false-path exceptions, or max skew assignments found ;
; Data_BUS_READ[19] ; No input delay, min/max delays, false-path exceptions, or max skew assignments found ;
; Data_BUS_READ[20] ; No input delay, min/max delays, false-path exceptions, or max skew assignments found ;
; Data_BUS_READ[21] ; No input delay, min/max delays, false-path exceptions, or max skew assignments found ;
; Data_BUS_READ[22] ; No input delay, min/max delays, false-path exceptions, or max skew assignments found ;
; Data_BUS_READ[23] ; No input delay, min/max delays, false-path exceptions, or max skew assignments found ;
; Data_BUS_READ[24] ; No input delay, min/max delays, false-path exceptions, or max skew assignments found ;
; Data_BUS_READ[25] ; No input delay, min/max delays, false-path exceptions, or max skew assignments found ;
; Data_BUS_READ[26] ; No input delay, min/max delays, false-path exceptions, or max skew assignments found ;
; Data_BUS_READ[27] ; No input delay, min/max delays, false-path exceptions, or max skew assignments found ;
; Data_BUS_READ[28] ; No input delay, min/max delays, false-path exceptions, or max skew assignments found ;
; Data_BUS_READ[29] ; No input delay, min/max delays, false-path exceptions, or max skew assignments found ;
; Data_BUS_READ[30] ; No input delay, min/max delays, false-path exceptions, or max skew assignments found ;
; Data_BUS_READ[31] ; No input delay, min/max delays, false-path exceptions, or max skew assignments found ;
; Prog_BUS_READ[0]  ; No input delay, min/max delays, false-path exceptions, or max skew assignments found ;
; Prog_BUS_READ[1]  ; No input delay, min/max delays, false-path exceptions, or max skew assignments found ;
; Prog_BUS_READ[2]  ; No input delay, min/max delays, false-path exceptions, or max skew assignments found ;
; Prog_BUS_READ[3]  ; No input delay, min/max delays, false-path exceptions, or max skew assignments found ;
; Prog_BUS_READ[4]  ; No input delay, min/max delays, false-path exceptions, or max skew assignments found ;
; Prog_BUS_READ[5]  ; No input delay, min/max delays, false-path exceptions, or max skew assignments found ;
; Prog_BUS_READ[6]  ; No input delay, min/max delays, false-path exceptions, or max skew assignments found ;
; Prog_BUS_READ[7]  ; No input delay, min/max delays, false-path exceptions, or max skew assignments found ;
; Prog_BUS_READ[8]  ; No input delay, min/max delays, false-path exceptions, or max skew assignments found ;
; Prog_BUS_READ[9]  ; No input delay, min/max delays, false-path exceptions, or max skew assignments found ;
; Prog_BUS_READ[10] ; No input delay, min/max delays, false-path exceptions, or max skew assignments found ;
; Prog_BUS_READ[11] ; No input delay, min/max delays, false-path exceptions, or max skew assignments found ;
; Prog_BUS_READ[12] ; No input delay, min/max delays, false-path exceptions, or max skew assignments found ;
; Prog_BUS_READ[13] ; No input delay, min/max delays, false-path exceptions, or max skew assignments found ;
; Prog_BUS_READ[14] ; No input delay, min/max delays, false-path exceptions, or max skew assignments found ;
; Prog_BUS_READ[15] ; No input delay, min/max delays, false-path exceptions, or max skew assignments found ;
; Prog_BUS_READ[16] ; No input delay, min/max delays, false-path exceptions, or max skew assignments found ;
; Prog_BUS_READ[17] ; No input delay, min/max delays, false-path exceptions, or max skew assignments found ;
; Prog_BUS_READ[18] ; No input delay, min/max delays, false-path exceptions, or max skew assignments found ;
; Prog_BUS_READ[19] ; No input delay, min/max delays, false-path exceptions, or max skew assignments found ;
; Prog_BUS_READ[20] ; No input delay, min/max delays, false-path exceptions, or max skew assignments found ;
; Prog_BUS_READ[21] ; No input delay, min/max delays, false-path exceptions, or max skew assignments found ;
; Prog_BUS_READ[22] ; No input delay, min/max delays, false-path exceptions, or max skew assignments found ;
; Prog_BUS_READ[23] ; No input delay, min/max delays, false-path exceptions, or max skew assignments found ;
; Prog_BUS_READ[24] ; No input delay, min/max delays, false-path exceptions, or max skew assignments found ;
; Prog_BUS_READ[25] ; No input delay, min/max delays, false-path exceptions, or max skew assignments found ;
; Prog_BUS_READ[26] ; No input delay, min/max delays, false-path exceptions, or max skew assignments found ;
; Prog_BUS_READ[27] ; No input delay, min/max delays, false-path exceptions, or max skew assignments found ;
; Prog_BUS_READ[28] ; No input delay, min/max delays, false-path exceptions, or max skew assignments found ;
; Prog_BUS_READ[29] ; No input delay, min/max delays, false-path exceptions, or max skew assignments found ;
; Prog_BUS_READ[30] ; No input delay, min/max delays, false-path exceptions, or max skew assignments found ;
; Prog_BUS_READ[31] ; No input delay, min/max delays, false-path exceptions, or max skew assignments found ;
; Reset             ; No input delay, min/max delays, false-path exceptions, or max skew assignments found ;
+-------------------+--------------------------------------------------------------------------------------+


+------------------------------------------------------------------------------------------------------------+
; Unconstrained Output Ports                                                                                 ;
+--------------------+---------------------------------------------------------------------------------------+
; Output Port        ; Comment                                                                               ;
+--------------------+---------------------------------------------------------------------------------------+
; ADDR[0]            ; No output delay, min/max delays, false-path exceptions, or max skew assignments found ;
; ADDR[1]            ; No output delay, min/max delays, false-path exceptions, or max skew assignments found ;
; ADDR[2]            ; No output delay, min/max delays, false-path exceptions, or max skew assignments found ;
; ADDR[3]            ; No output delay, min/max delays, false-path exceptions, or max skew assignments found ;
; ADDR[4]            ; No output delay, min/max delays, false-path exceptions, or max skew assignments found ;
; ADDR[5]            ; No output delay, min/max delays, false-path exceptions, or max skew assignments found ;
; ADDR[6]            ; No output delay, min/max delays, false-path exceptions, or max skew assignments found ;
; ADDR[7]            ; No output delay, min/max delays, false-path exceptions, or max skew assignments found ;
; ADDR[8]            ; No output delay, min/max delays, false-path exceptions, or max skew assignments found ;
; ADDR[9]            ; No output delay, min/max delays, false-path exceptions, or max skew assignments found ;
; ADDR[10]           ; No output delay, min/max delays, false-path exceptions, or max skew assignments found ;
; ADDR[11]           ; No output delay, min/max delays, false-path exceptions, or max skew assignments found ;
; ADDR[12]           ; No output delay, min/max delays, false-path exceptions, or max skew assignments found ;
; ADDR[13]           ; No output delay, min/max delays, false-path exceptions, or max skew assignments found ;
; ADDR[14]           ; No output delay, min/max delays, false-path exceptions, or max skew assignments found ;
; ADDR[15]           ; No output delay, min/max delays, false-path exceptions, or max skew assignments found ;
; ADDR[16]           ; No output delay, min/max delays, false-path exceptions, or max skew assignments found ;
; ADDR[17]           ; No output delay, min/max delays, false-path exceptions, or max skew assignments found ;
; ADDR[18]           ; No output delay, min/max delays, false-path exceptions, or max skew assignments found ;
; ADDR[19]           ; No output delay, min/max delays, false-path exceptions, or max skew assignments found ;
; ADDR[20]           ; No output delay, min/max delays, false-path exceptions, or max skew assignments found ;
; ADDR[21]           ; No output delay, min/max delays, false-path exceptions, or max skew assignments found ;
; ADDR[22]           ; No output delay, min/max delays, false-path exceptions, or max skew assignments found ;
; ADDR[23]           ; No output delay, min/max delays, false-path exceptions, or max skew assignments found ;
; ADDR[24]           ; No output delay, min/max delays, false-path exceptions, or max skew assignments found ;
; ADDR[25]           ; No output delay, min/max delays, false-path exceptions, or max skew assignments found ;
; ADDR[26]           ; No output delay, min/max delays, false-path exceptions, or max skew assignments found ;
; ADDR[27]           ; No output delay, min/max delays, false-path exceptions, or max skew assignments found ;
; ADDR[28]           ; No output delay, min/max delays, false-path exceptions, or max skew assignments found ;
; ADDR[29]           ; No output delay, min/max delays, false-path exceptions, or max skew assignments found ;
; ADDR[30]           ; No output delay, min/max delays, false-path exceptions, or max skew assignments found ;
; ADDR[31]           ; No output delay, min/max delays, false-path exceptions, or max skew assignments found ;
; ADDR_Prog[0]       ; No output delay, min/max delays, false-path exceptions, or max skew assignments found ;
; ADDR_Prog[1]       ; No output delay, min/max delays, false-path exceptions, or max skew assignments found ;
; ADDR_Prog[2]       ; No output delay, min/max delays, false-path exceptions, or max skew assignments found ;
; ADDR_Prog[3]       ; No output delay, min/max delays, false-path exceptions, or max skew assignments found ;
; ADDR_Prog[4]       ; No output delay, min/max delays, false-path exceptions, or max skew assignments found ;
; ADDR_Prog[5]       ; No output delay, min/max delays, false-path exceptions, or max skew assignments found ;
; ADDR_Prog[6]       ; No output delay, min/max delays, false-path exceptions, or max skew assignments found ;
; ADDR_Prog[7]       ; No output delay, min/max delays, false-path exceptions, or max skew assignments found ;
; ADDR_Prog[8]       ; No output delay, min/max delays, false-path exceptions, or max skew assignments found ;
; ADDR_Prog[9]       ; No output delay, min/max delays, false-path exceptions, or max skew assignments found ;
; ADDR_Prog[10]      ; No output delay, min/max delays, false-path exceptions, or max skew assignments found ;
; ADDR_Prog[11]      ; No output delay, min/max delays, false-path exceptions, or max skew assignments found ;
; ADDR_Prog[12]      ; No output delay, min/max delays, false-path exceptions, or max skew assignments found ;
; ADDR_Prog[13]      ; No output delay, min/max delays, false-path exceptions, or max skew assignments found ;
; ADDR_Prog[14]      ; No output delay, min/max delays, false-path exceptions, or max skew assignments found ;
; ADDR_Prog[15]      ; No output delay, min/max delays, false-path exceptions, or max skew assignments found ;
; ADDR_Prog[16]      ; No output delay, min/max delays, false-path exceptions, or max skew assignments found ;
; ADDR_Prog[17]      ; No output delay, min/max delays, false-path exceptions, or max skew assignments found ;
; ADDR_Prog[18]      ; No output delay, min/max delays, false-path exceptions, or max skew assignments found ;
; ADDR_Prog[19]      ; No output delay, min/max delays, false-path exceptions, or max skew assignments found ;
; ADDR_Prog[20]      ; No output delay, min/max delays, false-path exceptions, or max skew assignments found ;
; ADDR_Prog[21]      ; No output delay, min/max delays, false-path exceptions, or max skew assignments found ;
; ADDR_Prog[22]      ; No output delay, min/max delays, false-path exceptions, or max skew assignments found ;
; ADDR_Prog[23]      ; No output delay, min/max delays, false-path exceptions, or max skew assignments found ;
; ADDR_Prog[24]      ; No output delay, min/max delays, false-path exceptions, or max skew assignments found ;
; ADDR_Prog[25]      ; No output delay, min/max delays, false-path exceptions, or max skew assignments found ;
; ADDR_Prog[26]      ; No output delay, min/max delays, false-path exceptions, or max skew assignments found ;
; ADDR_Prog[27]      ; No output delay, min/max delays, false-path exceptions, or max skew assignments found ;
; ADDR_Prog[28]      ; No output delay, min/max delays, false-path exceptions, or max skew assignments found ;
; ADDR_Prog[29]      ; No output delay, min/max delays, false-path exceptions, or max skew assignments found ;
; ADDR_Prog[30]      ; No output delay, min/max delays, false-path exceptions, or max skew assignments found ;
; ADDR_Prog[31]      ; No output delay, min/max delays, false-path exceptions, or max skew assignments found ;
; CS                 ; No output delay, min/max delays, false-path exceptions, or max skew assignments found ;
; CS_P               ; No output delay, min/max delays, false-path exceptions, or max skew assignments found ;
; Data_BUS_WRITE[0]  ; No output delay, min/max delays, false-path exceptions, or max skew assignments found ;
; Data_BUS_WRITE[1]  ; No output delay, min/max delays, false-path exceptions, or max skew assignments found ;
; Data_BUS_WRITE[2]  ; No output delay, min/max delays, false-path exceptions, or max skew assignments found ;
; Data_BUS_WRITE[3]  ; No output delay, min/max delays, false-path exceptions, or max skew assignments found ;
; Data_BUS_WRITE[4]  ; No output delay, min/max delays, false-path exceptions, or max skew assignments found ;
; Data_BUS_WRITE[5]  ; No output delay, min/max delays, false-path exceptions, or max skew assignments found ;
; Data_BUS_WRITE[6]  ; No output delay, min/max delays, false-path exceptions, or max skew assignments found ;
; Data_BUS_WRITE[7]  ; No output delay, min/max delays, false-path exceptions, or max skew assignments found ;
; Data_BUS_WRITE[8]  ; No output delay, min/max delays, false-path exceptions, or max skew assignments found ;
; Data_BUS_WRITE[9]  ; No output delay, min/max delays, false-path exceptions, or max skew assignments found ;
; Data_BUS_WRITE[10] ; No output delay, min/max delays, false-path exceptions, or max skew assignments found ;
; Data_BUS_WRITE[11] ; No output delay, min/max delays, false-path exceptions, or max skew assignments found ;
; Data_BUS_WRITE[12] ; No output delay, min/max delays, false-path exceptions, or max skew assignments found ;
; Data_BUS_WRITE[13] ; No output delay, min/max delays, false-path exceptions, or max skew assignments found ;
; Data_BUS_WRITE[14] ; No output delay, min/max delays, false-path exceptions, or max skew assignments found ;
; Data_BUS_WRITE[15] ; No output delay, min/max delays, false-path exceptions, or max skew assignments found ;
; Data_BUS_WRITE[16] ; No output delay, min/max delays, false-path exceptions, or max skew assignments found ;
; Data_BUS_WRITE[17] ; No output delay, min/max delays, false-path exceptions, or max skew assignments found ;
; Data_BUS_WRITE[18] ; No output delay, min/max delays, false-path exceptions, or max skew assignments found ;
; Data_BUS_WRITE[19] ; No output delay, min/max delays, false-path exceptions, or max skew assignments found ;
; Data_BUS_WRITE[20] ; No output delay, min/max delays, false-path exceptions, or max skew assignments found ;
; Data_BUS_WRITE[21] ; No output delay, min/max delays, false-path exceptions, or max skew assignments found ;
; Data_BUS_WRITE[22] ; No output delay, min/max delays, false-path exceptions, or max skew assignments found ;
; Data_BUS_WRITE[23] ; No output delay, min/max delays, false-path exceptions, or max skew assignments found ;
; Data_BUS_WRITE[24] ; No output delay, min/max delays, false-path exceptions, or max skew assignments found ;
; Data_BUS_WRITE[25] ; No output delay, min/max delays, false-path exceptions, or max skew assignments found ;
; Data_BUS_WRITE[26] ; No output delay, min/max delays, false-path exceptions, or max skew assignments found ;
; Data_BUS_WRITE[27] ; No output delay, min/max delays, false-path exceptions, or max skew assignments found ;
; Data_BUS_WRITE[28] ; No output delay, min/max delays, false-path exceptions, or max skew assignments found ;
; Data_BUS_WRITE[29] ; No output delay, min/max delays, false-path exceptions, or max skew assignments found ;
; Data_BUS_WRITE[30] ; No output delay, min/max delays, false-path exceptions, or max skew assignments found ;
; Data_BUS_WRITE[31] ; No output delay, min/max delays, false-path exceptions, or max skew assignments found ;
; WE                 ; No output delay, min/max delays, false-path exceptions, or max skew assignments found ;
+--------------------+---------------------------------------------------------------------------------------+


+--------------------------+
; Timing Analyzer Messages ;
+--------------------------+
Info: *******************************************************************
Info: Running Quartus Prime Timing Analyzer
    Info: Version 18.1.0 Build 625 09/12/2018 SJ Lite Edition
    Info: Processing started: Mon Dec 01 09:31:38 2025
Info: Command: quartus_sta cpu -c cpu
Info: qsta_default_script.tcl version: #1
Info (20030): Parallel compilation is enabled and will use 4 of the 4 processors detected
Info (21077): Low junction temperature is -40 degrees C
Info (21077): High junction temperature is 100 degrees C
Critical Warning (332012): Synopsys Design Constraints File file not found: 'cpu.sdc'. A Synopsys Design Constraints File is required by the Timing Analyzer to get proper timing constraints. Without it, the Compiler will not properly optimize the design.
Info (332142): No user constrained generated clocks found in the design. Calling "derive_pll_clocks -create_base_clocks"
Info (332110): Deriving PLL clocks
    Info (332110): create_clock -period 20.000 -waveform {0.000 10.000} -name CLK CLK
    Info (332110): create_generated_clock -source {pll|altpll_component|auto_generated|pll1|inclk[0]} -divide_by 25 -multiply_by 136 -duty_cycle 50.00 -name {pll|altpll_component|auto_generated|pll1|clk[0]} {pll|altpll_component|auto_generated|pll1|clk[0]}
    Info (332110): create_generated_clock -source {pll|altpll_component|auto_generated|pll1|inclk[0]} -divide_by 25 -multiply_by 4 -duty_cycle 50.00 -name {pll|altpll_component|auto_generated|pll1|clk[1]} {pll|altpll_component|auto_generated|pll1|clk[1]}
Info (332142): No user constrained base clocks found in the design. Calling "derive_clocks -period 1.0"
Info (332096): The command derive_clocks did not find any clocks to derive.  No clocks were created or changed.
Info (332143): No user constrained clock uncertainty found in the design. Calling "derive_clock_uncertainty"
Info (332123): Deriving Clock Uncertainty. Please refer to report_sdc in the Timing Analyzer to see clock uncertainties.
Info: Found TIMING_ANALYZER_REPORT_SCRIPT_INCLUDE_DEFAULT_ANALYSIS = ON
Info: Analyzing Slow 1200mV 100C Model
Critical Warning (332148): Timing requirements not met
    Info (11105): For recommendations on closing timing, run Report Timing Closure Recommendations in the Timing Analyzer.
Info (332146): Worst-case setup slack is -1.724
    Info (332119):     Slack       End Point TNS Clock 
    Info (332119): ========= =================== =====================
    Info (332119):    -1.724              -6.888 pll|altpll_component|auto_generated|pll1|clk[1] 
    Info (332119):    -0.065              -0.110 pll|altpll_component|auto_generated|pll1|clk[0] 
Info (332146): Worst-case hold slack is 0.380
    Info (332119):     Slack       End Point TNS Clock 
    Info (332119): ========= =================== =====================
    Info (332119):     0.380               0.000 pll|altpll_component|auto_generated|pll1|clk[0] 
    Info (332119):     0.578               0.000 pll|altpll_component|auto_generated|pll1|clk[1] 
Info (332146): Worst-case recovery slack is 1.169
    Info (332119):     Slack       End Point TNS Clock 
    Info (332119): ========= =================== =====================
    Info (332119):     1.169               0.000 pll|altpll_component|auto_generated|pll1|clk[0] 
    Info (332119):   121.749               0.000 pll|altpll_component|auto_generated|pll1|clk[1] 
Info (332146): Worst-case removal slack is 1.456
    Info (332119):     Slack       End Point TNS Clock 
    Info (332119): ========= =================== =====================
    Info (332119):     1.456               0.000 pll|altpll_component|auto_generated|pll1|clk[1] 
    Info (332119):     1.765               0.000 pll|altpll_component|auto_generated|pll1|clk[0] 
Info (332146): Worst-case minimum pulse width slack is 1.176
    Info (332119):     Slack       End Point TNS Clock 
    Info (332119): ========= =================== =====================
    Info (332119):     1.176               0.000 pll|altpll_component|auto_generated|pll1|clk[0] 
    Info (332119):     9.891               0.000 CLK 
    Info (332119):    62.114               0.000 pll|altpll_component|auto_generated|pll1|clk[1] 
Info: Analyzing Slow 1200mV -40C Model
Info (334003): Started post-fitting delay annotation
Info (334004): Delay annotation completed successfully
Info (332123): Deriving Clock Uncertainty. Please refer to report_sdc in the Timing Analyzer to see clock uncertainties.
Critical Warning (332148): Timing requirements not met
    Info (11105): For recommendations on closing timing, run Report Timing Closure Recommendations in the Timing Analyzer.
Info (332146): Worst-case setup slack is -1.091
    Info (332119):     Slack       End Point TNS Clock 
    Info (332119): ========= =================== =====================
    Info (332119):    -1.091              -3.722 pll|altpll_component|auto_generated|pll1|clk[1] 
    Info (332119):     0.430               0.000 pll|altpll_component|auto_generated|pll1|clk[0] 
Info (332146): Worst-case hold slack is 0.312
    Info (332119):     Slack       End Point TNS Clock 
    Info (332119): ========= =================== =====================
    Info (332119):     0.312               0.000 pll|altpll_component|auto_generated|pll1|clk[0] 
    Info (332119):     0.508               0.000 pll|altpll_component|auto_generated|pll1|clk[1] 
Info (332146): Worst-case recovery slack is 1.481
    Info (332119):     Slack       End Point TNS Clock 
    Info (332119): ========= =================== =====================
    Info (332119):     1.481               0.000 pll|altpll_component|auto_generated|pll1|clk[0] 
    Info (332119):   122.120               0.000 pll|altpll_component|auto_generated|pll1|clk[1] 
Info (332146): Worst-case removal slack is 1.287
    Info (332119):     Slack       End Point TNS Clock 
    Info (332119): ========= =================== =====================
    Info (332119):     1.287               0.000 pll|altpll_component|auto_generated|pll1|clk[1] 
    Info (332119):     1.514               0.000 pll|altpll_component|auto_generated|pll1|clk[0] 
Info (332146): Worst-case minimum pulse width slack is 1.176
    Info (332119):     Slack       End Point TNS Clock 
    Info (332119): ========= =================== =====================
    Info (332119):     1.176               0.000 pll|altpll_component|auto_generated|pll1|clk[0] 
    Info (332119):     9.908               0.000 CLK 
    Info (332119):    62.125               0.000 pll|altpll_component|auto_generated|pll1|clk[1] 
Info: Analyzing Fast 1200mV -40C Model
Info (332123): Deriving Clock Uncertainty. Please refer to report_sdc in the Timing Analyzer to see clock uncertainties.
Info (332146): Worst-case setup slack is 1.145
    Info (332119):     Slack       End Point TNS Clock 
    Info (332119): ========= =================== =====================
    Info (332119):     1.145               0.000 pll|altpll_component|auto_generated|pll1|clk[1] 
    Info (332119):     1.914               0.000 pll|altpll_component|auto_generated|pll1|clk[0] 
Info (332146): Worst-case hold slack is 0.160
    Info (332119):     Slack       End Point TNS Clock 
    Info (332119): ========= =================== =====================
    Info (332119):     0.160               0.000 pll|altpll_component|auto_generated|pll1|clk[0] 
    Info (332119):     0.236               0.000 pll|altpll_component|auto_generated|pll1|clk[1] 
Info (332146): Worst-case recovery slack is 2.474
    Info (332119):     Slack       End Point TNS Clock 
    Info (332119): ========= =================== =====================
    Info (332119):     2.474               0.000 pll|altpll_component|auto_generated|pll1|clk[0] 
    Info (332119):   123.338               0.000 pll|altpll_component|auto_generated|pll1|clk[1] 
Info (332146): Worst-case removal slack is 0.658
    Info (332119):     Slack       End Point TNS Clock 
    Info (332119): ========= =================== =====================
    Info (332119):     0.658               0.000 pll|altpll_component|auto_generated|pll1|clk[1] 
    Info (332119):     0.779               0.000 pll|altpll_component|auto_generated|pll1|clk[0] 
Info (332146): Worst-case minimum pulse width slack is 1.573
    Info (332119):     Slack       End Point TNS Clock 
    Info (332119): ========= =================== =====================
    Info (332119):     1.573               0.000 pll|altpll_component|auto_generated|pll1|clk[0] 
    Info (332119):     9.626               0.000 CLK 
    Info (332119):    62.233               0.000 pll|altpll_component|auto_generated|pll1|clk[1] 
Info (332102): Design is not fully constrained for setup requirements
Info (332102): Design is not fully constrained for hold requirements
Info: Quartus Prime Timing Analyzer was successful. 0 errors, 3 warnings
    Info: Peak virtual memory: 4971 megabytes
    Info: Processing ended: Mon Dec 01 09:31:43 2025
    Info: Elapsed time: 00:00:05
    Info: Total CPU time (on all processors): 00:00:04


